Tempo (ms),Lead I (uV),Lead II (uV),Lead III (uV),aVR (uV),aVL (uV),aVF (uV),V1 (uV),V2 (uV),V3 (uV),V4 (uV),V5 (uV),V6 (uV)
0,0.00,0.00,0.00,0.00,0.00,0.00,0.00,0.00,0.00,0.00,0.00,0.00
1,0.00,0.00,0.00,0.00,0.00,0.00,0.00,0.00,0.00,0.00,0.00,0.00
2,0.00,0.00,0.00,0.00,0.00,0.00,0.00,0.00,0.00,0.00,0.00,0.00
3,0.00,0.00,0.00,0.00,0.00,0.00,0.00,0.00,0.00,0.00,0.00,0.00
4,0.00,0.00,0.00,0.00,0.00,0.00,0.00,0.00,0.00,0.00,0.00,0.00
5,0.00,0.00,0.00,0.00,0.00,0.00,0.00,0.00,0.00,0.00,0.00,0.00
6,0.00,0.00,0.00,0.00,0.00,0.00,0.00,0.00,0.00,0.00,0.00,0.00
7,0.00,0.00,0.00,0.00,0.00,0.00,0.00,0.00,0.00,0.00,0.00,0.00
8,0.00,0.00,0.00,0.00,0.00,0.00,0.00,0.00,0.00,0.00,0.00,0.00
9,0.00,0.00,0.00,0.00,0.00,0.00,0.00,0.00,0.00,0.00,0.00,0.00
10,0.00,0.00,0.00,0.00,0.00,0.00,0.00,0.00,0.00,0.00,0.00,0.00
11,0.00,0.00,0.00,0.00,0.00,0.00,0.00,0.00,0.00,0.00,0.00,0.00
12,0.00,0.00,0.00,0.00,0.00,0.00,0.00,0.00,0.00,0.00,0.00,0.00
13,0.00,0.00,0.00,0.00,0.00,0.00,0.00,0.00,0.00,0.00,0.00,0.00
14,0.00,0.00,0.00,0.00,0.00,0.00,0.00,0.00,0.00,0.00,0.00,0.00
15,0.00,0.00,0.00,0.00,0.00,0.00,0.00,0.00,0.00,0.00,0.00,0.00
16,0.00,0.00,0.00,0.00,0.00,0.00,0.00,0.00,0.00,0.00,0.00,0.00
17,0.00,0.00,0.00,0.00,0.00,0.00,0.00,0.00,0.00,0.00,0.00,0.00
18,0.00,0.00,0.00,0.00,0.00,0.00,0.00,0.00,0.00,0.00,0.00,0.00
19,0.00,0.00,0.00,0.00,0.00,0.00,0.00,0.00,0.00,0.00,0.00,0.00
20,0.00,0.00,0.00,0.00,0.00,0.00,0.00,0.00,0.00,0.00,0.00,0.00
21,0.00,0.00,0.00,0.00,0.00,0.00,0.00,0.00,0.00,0.00,0.00,0.00
22,0.00,0.00,0.00,0.00,0.00,0.00,0.00,0.00,0.00,0.00,0.00,0.00
23,0.00,0.00,0.00,0.00,0.00,0.00,0.00,0.00,0.00,0.00,0.00,0.00
24,0.00,0.00,0.00,0.00,0.00,0.00,0.00,0.00,0.00,0.00,0.00,0.00
25,0.00,0.00,0.00,0.00,0.00,0.00,0.00,0.00,0.00,0.00,0.00,0.00
26,0.00,0.00,0.00,0.00,0.00,0.00,0.00,0.00,0.00,0.00,0.00,0.00
27,0.00,0.00,0.00,0.00,0.00,0.00,0.00,0.00,0.00,0.00,0.00,0.00
28,0.00,0.00,0.00,0.00,0.00,0.00,0.00,0.00,0.00,0.00,0.00,0.00
29,0.00,0.00,0.00,0.00,0.00,0.00,0.00,0.00,0.00,0.00,0.00,0.00
30,0.00,0.00,0.00,0.00,0.00,0.00,0.00,0.00,0.00,0.00,0.00,0.00
31,0.00,0.00,0.00,0.00,0.00,0.00,0.00,0.00,0.00,0.00,0.00,0.00
32,0.00,0.00,0.00,0.00,0.00,0.00,0.00,0.00,0.00,0.00,0.00,0.00
33,0.00,0.00,0.00,0.00,0.00,0.00,0.00,0.00,0.00,0.00,0.00,0.00
34,0.00,0.00,0.00,0.00,0.00,0.00,0.00,0.00,0.00,0.00,0.00,0.00
35,0.00,0.00,0.00,0.00,0.00,0.00,0.00,0.00,0.00,0.00,0.00,0.00
36,0.00,0.00,0.00,0.00,0.00,0.00,0.00,0.00,0.00,0.00,0.00,0.00
37,0.00,0.00,0.00,0.00,0.00,0.00,0.00,0.00,0.00,0.00,0.00,0.00
38,0.00,0.00,0.00,0.00,0.00,0.00,0.00,0.00,0.00,0.00,0.00,0.00
39,0.00,0.00,0.00,0.00,0.00,0.00,0.00,0.00,0.00,0.00,0.00,0.00
40,0.00,0.00,0.00,0.00,0.00,0.00,0.00,0.00,0.00,0.00,0.00,0.00
41,0.00,0.00,0.00,0.00,0.00,0.00,0.00,0.00,0.00,0.00,0.00,0.00
42,0.00,0.00,0.00,0.00,0.00,0.00,0.00,0.00,0.00,0.00,0.00,0.00
43,0.00,0.00,0.00,0.00,0.00,0.00,0.00,0.00,0.00,0.00,0.00,0.00
44,0.00,0.00,0.00,0.00,0.00,0.00,0.00,0.00,0.00,0.00,0.00,0.00
45,0.00,0.00,0.00,0.00,0.00,0.00,0.00,0.00,0.00,0.00,0.00,0.00
46,0.00,0.00,0.00,0.00,0.00,0.00,0.00,0.00,0.00,0.00,0.00,0.00
47,0.00,0.00,0.00,0.00,0.00,0.00,0.00,0.00,0.00,0.00,0.00,0.00
48,0.00,0.00,0.00,0.00,0.00,0.00,0.00,0.00,0.00,0.00,0.00,0.00
49,0.00,0.00,0.00,0.00,0.00,0.00,0.00,0.00,0.00,0.00,0.00,0.00
50,0.00,0.00,0.00,0.00,0.00,0.00,0.00,0.00,0.00,0.00,0.00,0.00
51,0.00,0.00,0.00,0.00,0.00,0.00,0.00,0.00,0.00,0.00,0.00,0.00
52,0.00,0.00,0.00,0.00,0.00,0.00,0.00,0.00,0.00,0.00,0.00,0.00
53,45.34,-37.26,-82.60,-4.04,63.95,-59.91,58.47,99.82,177.42,139.10,92.75,15.10
54,43.32,-30.24,-73.56,-6.54,58.42,-51.88,57.46,96.79,178.43,142.13,94.77,18.13
55,45.34,-26.20,-71.54,-9.57,58.42,-48.85,59.48,101.79,181.46,144.15,95.78,19.14
56,50.39,-25.19,-75.58,-12.60,62.99,-50.39,65.53,104.82,181.46,146.17,98.81,20.15
57,45.34,-21.16,-66.50,-12.07,55.92,-43.80,67.51,106.84,184.49,149.20,102.80,26.20
58,39.28,-25.19,-64.48,-7.02,51.88,-44.81,72.55,107.85,186.51,151.22,102.80,27.21
59,41.30,-26.20,-67.51,-7.55,54.38,-46.83,58.47,97.80,178.43,144.15,96.79,18.13
60,51.40,-24.18,-75.58,-13.61,63.47,-49.86,54.43,96.79,175.40,139.10,93.76,20.15
61,58.47,-18.13,-76.59,-20.15,67.51,-47.36,70.53,106.84,178.43,143.14,96.79,22.17
62,37.26,-31.25,-68.52,-2.98,52.89,-49.86,65.53,105.83,177.42,144.15,95.78,18.13
63,24.18,-39.28,-63.47,7.55,43.80,-51.35,65.53,103.81,174.39,141.12,91.74,14.09
64,32.26,-29.23,-61.50,-1.49,46.88,-45.34,61.50,100.83,170.35,139.10,88.71,11.06
65,28.22,-34.23,-62.46,2.98,45.34,-48.32,61.50,97.80,170.35,139.10,88.71,15.10
66,36.25,-25.19,-61.45,-5.53,48.85,-43.32,64.52,99.82,174.39,141.12,93.76,17.12
67,40.29,-22.17,-62.46,-9.04,51.35,-42.31,58.47,100.83,177.42,143.14,96.79,19.14
68,36.25,-23.18,-59.43,-6.54,47.84,-41.30,62.51,98.81,176.41,144.15,95.78,20.15
69,39.28,-31.25,-70.53,-3.99,54.91,-50.87,64.52,99.82,170.35,141.12,90.73,13.08
70,39.28,-40.29,-79.57,0.48,59.43,-59.91,62.51,101.79,170.35,140.11,90.73,12.07
71,48.37,-28.22,-76.59,-10.05,62.46,-52.41,63.52,102.80,174.39,143.14,94.77,15.10
72,55.44,-23.18,-78.61,-16.11,67.03,-50.87,64.52,106.84,175.40,144.15,95.78,16.11
73,62.51,-15.10,-77.60,-23.70,70.05,-46.35,66.54,106.84,179.44,148.19,97.80,24.18
74,58.47,-18.13,-76.59,-20.15,67.51,-47.36,66.54,106.84,181.46,149.20,97.80,21.16
75,38.27,-32.26,-70.53,-2.98,54.38,-51.40,61.50,101.79,170.35,140.11,88.71,5.00
76,33.27,-42.31,-75.58,4.52,54.43,-58.95,61.50,98.81,168.33,139.10,88.71,9.04
77,41.30,-39.28,-80.58,-1.01,60.92,-59.91,62.51,102.80,172.37,141.12,92.75,21.16
78,45.34,-31.25,-76.59,-7.02,60.97,-53.90,61.50,104.82,173.38,143.14,93.76,20.15
79,49.38,-25.19,-74.57,-12.07,61.98,-49.86,61.50,106.84,174.39,145.16,93.76,18.13
80,42.31,-31.25,-73.56,-5.53,57.94,-52.41,60.49,104.82,171.36,141.12,88.71,8.03
81,43.32,-30.24,-73.56,-6.54,58.42,-51.88,60.49,105.83,171.36,142.13,89.72,14.09
82,59.48,-17.12,-76.59,-21.16,68.03,-46.83,63.52,107.85,174.39,143.14,92.75,18.13
83,44.33,-30.24,-74.57,-7.02,59.43,-52.41,59.48,102.80,170.35,138.09,89.72,16.11
84,37.26,-35.24,-72.51,-1.01,54.86,-53.85,54.43,96.79,166.36,139.10,91.74,25.19
85,38.27,-32.26,-70.53,-2.98,54.38,-51.40,56.45,99.82,168.33,137.08,88.71,13.08
86,42.31,-21.16,-63.47,-10.58,52.89,-42.31,60.49,103.81,172.37,141.12,93.76,17.12
87,45.34,-25.19,-70.53,-10.05,57.94,-47.84,57.46,97.80,170.35,138.09,92.75,18.13
88,31.25,-41.30,-72.55,5.00,51.88,-56.93,57.46,100.83,167.37,133.09,85.68,10.05
89,37.26,-32.26,-69.53,-2.50,53.37,-50.87,58.47,106.84,172.37,139.10,94.77,23.18
90,33.27,-46.35,-79.62,6.54,56.45,-62.99,53.42,98.81,167.37,131.07,85.68,9.04
91,33.27,-45.34,-78.61,6.01,55.92,-61.98,54.43,98.81,166.36,132.08,83.66,10.05
92,47.36,-22.17,-69.53,-12.60,58.42,-45.82,57.46,103.81,174.39,142.13,96.79,27.21
93,45.34,-25.19,-70.53,-10.05,57.94,-47.84,60.49,102.80,173.38,139.10,93.76,17.12
94,38.27,-34.23,-72.51,-2.02,55.39,-53.37,62.51,103.81,170.35,135.06,87.70,5.00
95,35.24,-32.26,-67.51,-1.49,51.35,-49.86,63.52,105.83,170.35,135.06,88.71,9.04
96,35.24,-39.28,-74.53,2.02,54.86,-56.88,60.49,104.82,170.35,136.07,88.71,13.08
97,32.26,-41.30,-73.56,4.52,52.89,-57.41,61.50,103.81,169.34,135.06,86.69,12.07
98,27.21,-39.28,-66.50,6.01,46.83,-52.89,62.51,103.81,168.33,135.06,87.70,17.12
99,31.25,-37.26,-68.52,2.98,49.86,-52.89,59.48,103.81,166.36,134.10,87.70,14.09
100,41.30,-26.20,-67.51,-7.55,54.38,-46.83,62.51,105.83,168.33,138.09,90.73,15.10
101,44.33,-21.16,-65.49,-11.59,54.91,-43.32,61.50,105.83,170.35,136.07,89.72,17.12
102,42.31,-23.18,-65.49,-9.57,53.90,-44.33,62.51,105.83,170.35,135.06,88.71,13.08
103,40.29,-28.22,-68.52,-6.01,54.38,-48.37,64.52,107.85,173.38,137.08,89.72,10.05
104,36.25,-27.21,-63.47,-4.52,49.86,-45.34,64.52,107.85,173.38,139.10,93.76,14.09
105,36.25,-25.19,-61.45,-5.53,48.85,-43.32,69.53,109.87,174.39,141.12,95.78,14.09
106,45.34,-20.15,-65.49,-12.60,55.39,-42.79,69.53,107.85,174.39,138.09,90.73,9.04
107,48.37,-11.06,-59.43,-18.66,53.90,-35.24,60.49,104.82,173.38,143.14,93.76,18.13
108,50.39,0.96,-49.43,-25.68,49.91,-24.23,59.48,104.82,181.46,150.21,102.80,27.21
109,49.38,5.00,-44.38,-27.17,46.88,-19.67,59.48,102.80,188.53,155.25,106.84,24.18
110,50.39,2.98,-47.41,-26.69,48.90,-22.21,54.43,101.79,187.52,156.26,103.81,17.12
111,50.39,10.05,-40.34,-30.19,45.39,-15.15,60.49,104.82,195.59,163.33,112.89,26.20
112,50.39,7.02,-43.37,-28.70,46.88,-18.17,56.45,99.82,194.58,164.34,114.91,29.23
113,52.41,6.01,-46.40,-29.19,49.43,-20.19,54.43,97.80,191.56,161.31,109.87,27.21
114,44.33,11.06,-33.27,-27.69,38.80,-11.11,57.46,103.81,199.63,169.34,114.91,34.23
115,51.40,24.18,-27.21,-37.79,39.33,-1.49,53.42,97.80,199.63,170.35,115.92,36.25
116,56.45,29.23,-27.21,-42.84,41.83,1.01,55.44,95.78,201.65,173.38,119.96,40.29
117,50.39,26.20,-24.18,-38.27,37.31,1.01,56.45,94.77,202.61,174.39,119.96,38.27
118,49.38,34.23,-15.15,-41.78,32.26,9.57,57.46,95.78,205.64,179.44,125.01,42.31
119,55.44,41.30,-14.14,-48.37,34.81,13.61,54.43,96.79,211.70,186.51,132.08,52.41
120,59.48,43.32,-16.16,-51.40,37.84,13.61,49.38,93.76,208.67,182.47,126.02,43.32
121,58.47,49.38,-9.09,-53.90,33.80,20.15,45.34,92.75,209.68,184.49,130.06,44.33
122,64.52,58.47,-6.06,-61.50,35.29,26.20,49.38,94.77,213.72,190.55,137.08,50.39
123,62.51,54.43,-8.08,-58.47,35.29,23.18,49.38,97.80,213.72,187.52,135.06,46.35
124,58.47,48.37,-10.10,-53.42,34.28,19.14,49.38,100.83,217.76,192.56,138.09,52.41
125,69.53,59.48,-10.05,-64.48,39.81,24.71,56.45,105.83,226.85,200.64,146.17,59.48
126,88.71,71.54,-17.16,-80.10,52.94,27.21,52.41,101.79,223.82,195.59,142.13,54.43
127,68.52,45.34,-23.18,-56.93,45.87,11.11,47.36,99.82,219.78,189.54,138.09,49.38
128,60.49,44.33,-16.16,-52.41,38.32,14.09,41.30,95.78,218.77,192.56,141.12,54.43
129,77.60,57.46,-20.15,-67.51,48.90,18.66,42.31,93.76,219.78,191.56,136.07,49.38
130,77.60,54.43,-23.18,-66.02,50.39,15.63,45.34,100.83,223.82,193.57,137.08,51.40
131,77.60,55.44,-22.17,-66.50,49.91,16.64,32.26,94.77,219.78,195.59,142.13,58.47
132,71.54,49.38,-22.17,-60.44,46.88,13.61,25.19,87.70,219.78,194.58,142.13,55.44
133,73.56,57.46,-16.11,-65.49,44.86,20.67,25.19,88.71,226.85,200.64,148.19,59.48
134,77.60,61.50,-16.11,-69.53,46.88,22.69,23.18,86.69,227.86,202.61,148.19,61.50
135,72.55,67.51,-5.05,-70.01,38.80,31.25,18.13,83.66,229.88,204.63,151.22,64.52
136,75.58,73.56,-2.02,-74.57,38.80,35.77,13.08,79.62,230.89,210.69,159.29,72.55
137,84.67,86.69,2.02,-85.68,41.35,44.38,3.99,74.57,229.88,211.70,162.32,78.61
138,85.68,104.82,19.14,-95.25,33.27,61.98,-7.02,61.50,228.87,212.71,167.37,82.65
139,83.66,105.83,22.17,-94.72,30.77,64.00,-17.12,52.41,222.81,208.67,167.37,83.66
140,91.74,112.89,21.16,-102.32,35.29,67.03,-27.21,43.32,217.76,205.64,165.35,84.67
141,93.76,110.87,17.12,-102.32,38.32,64.00,-32.26,35.24,212.71,202.61,162.32,82.65
142,85.68,108.86,23.18,-97.27,31.25,66.02,-40.29,30.24,208.67,203.62,166.36,90.73
143,94.77,122.99,28.22,-108.86,33.27,75.63,-49.38,23.18,203.62,200.64,166.36,91.74
144,96.79,114.91,18.13,-105.83,39.33,66.54,-55.44,18.13,194.58,190.55,160.30,88.71
145,100.83,117.94,17.12,-109.38,41.88,67.55,-60.49,13.08,191.56,187.52,162.32,90.73
146,117.94,143.14,25.19,-130.54,46.40,84.19,-66.54,7.02,190.55,187.52,161.31,91.74
147,131.07,148.19,17.12,-139.63,56.98,82.65,-61.50,13.08,192.56,187.52,161.31,87.70
148,133.09,134.10,1.01,-133.57,66.06,67.55,-58.47,16.11,187.52,180.45,159.29,85.68
149,138.09,133.09,-5.00,-135.59,71.54,64.04,-52.41,21.16,186.51,179.44,161.31,91.74
150,147.18,121.98,-25.19,-134.58,86.21,48.42,-46.35,30.24,187.52,175.40,155.25,82.65
151,146.17,102.80,-43.37,-124.48,94.77,29.71,-47.36,33.27,182.47,167.37,148.19,78.61
152,147.18,104.82,-42.36,-125.97,94.77,31.25,-44.33,34.23,181.46,167.37,149.20,85.68
153,155.25,103.81,-51.45,-129.53,103.37,26.20,-44.33,37.26,179.44,165.35,146.17,83.66
154,167.37,111.88,-55.49,-139.63,111.45,28.22,-39.28,41.30,179.44,164.34,146.17,83.66
155,171.36,110.87,-60.49,-141.12,115.92,25.19,-39.28,44.33,181.46,162.32,145.16,83.66
156,176.41,100.83,-75.58,-138.62,126.02,12.65,-33.27,51.40,187.52,166.36,149.20,93.76
157,175.40,97.80,-77.60,-136.60,126.50,10.10,-23.18,59.48,194.58,171.36,156.26,103.81
158,176.41,83.66,-92.75,-130.01,134.58,-4.52,-21.16,65.53,198.62,170.35,153.23,95.78
159,169.34,63.52,-105.83,-116.40,137.61,-21.16,-15.10,67.51,191.56,165.35,147.18,86.69
160,158.28,61.50,-96.79,-109.87,127.56,-17.65,-12.07,67.51,191.56,158.28,144.15,88.71
161,162.32,68.52,-93.81,-115.39,128.09,-12.65,-2.98,76.59,200.64,165.35,153.23,104.82
162,153.23,59.48,-93.76,-106.36,123.52,-17.12,0.96,78.61,199.63,165.35,151.22,93.76
163,147.18,53.42,-93.76,-100.30,120.49,-20.15,-6.01,75.58,192.56,156.26,136.07,73.56
164,142.13,49.38,-92.75,-95.73,117.46,-21.68,2.98,78.61,194.58,159.29,137.08,80.63
165,130.06,42.31,-87.75,-86.16,108.90,-22.69,3.99,74.57,188.53,155.25,137.08,79.62
166,132.08,47.36,-84.72,-89.72,108.42,-18.66,-6.01,61.50,174.39,144.15,127.03,71.54
167,145.16,61.50,-83.66,-103.33,114.43,-11.06,-7.02,56.45,172.37,143.14,126.02,74.57
168,143.14,57.46,-85.68,-100.30,114.43,-14.09,-10.05,55.44,168.33,139.10,125.01,73.56
169,143.14,60.49,-82.65,-101.79,112.89,-11.06,-5.00,58.47,170.35,140.11,126.02,75.58
170,140.11,64.52,-75.58,-102.32,107.85,-5.53,0.96,59.48,171.36,141.12,126.02,70.53
171,115.92,41.30,-74.62,-78.61,95.30,-16.64,0.00,55.44,167.37,135.06,120.97,62.51
172,105.83,28.22,-77.60,-67.03,91.74,-24.67,1.97,56.45,164.34,132.08,116.93,60.49
173,90.73,19.14,-71.59,-54.91,81.16,-26.20,8.03,60.49,169.34,134.10,114.91,55.44
174,78.61,9.04,-69.57,-43.80,74.09,-30.24,13.08,65.53,172.37,136.07,112.89,54.43
175,78.61,9.04,-69.57,-43.80,74.09,-30.24,25.19,74.57,175.40,137.08,109.87,47.36
176,60.49,2.98,-57.50,-31.73,59.00,-27.26,34.23,78.61,184.49,145.16,117.94,58.47
177,46.35,-3.99,-50.34,-21.16,48.32,-27.17,37.26,80.63,186.51,146.17,117.94,60.49
178,40.29,-13.08,-53.37,-13.61,46.83,-33.22,46.35,86.69,182.47,142.13,107.85,36.25
179,36.25,-18.13,-54.38,-9.04,45.29,-36.25,48.37,86.69,181.46,139.10,103.81,29.23
180,29.23,-25.19,-54.43,-2.02,41.83,-39.81,50.39,89.72,181.46,137.08,100.83,32.26
181,28.22,-30.24,-58.47,1.01,43.32,-44.33,54.43,90.73,178.43,135.06,97.80,24.18
182,28.22,-30.24,-58.47,1.01,43.32,-44.33,62.51,94.77,179.44,136.07,97.80,24.18
183,25.19,-33.27,-58.47,4.04,41.83,-45.87,67.51,97.80,178.43,134.10,95.78,27.21
184,24.18,-49.38,-73.56,12.60,48.85,-61.45,66.54,97.80,173.38,128.04,87.70,7.02
185,21.16,-63.52,-84.67,21.16,52.89,-74.09,72.55,107.85,173.38,124.00,80.63,0.96
186,22.17,-58.47,-80.63,18.13,51.40,-69.53,73.56,106.84,166.36,116.93,73.56,-0.96
187,20.15,-62.51,-82.65,21.16,51.40,-72.55,72.55,101.79,161.31,111.88,68.52,-7.02
188,16.11,-65.53,-81.64,24.71,48.85,-73.56,73.56,104.82,159.29,111.88,66.54,-8.03
189,12.07,-65.53,-77.60,26.73,44.81,-71.54,73.56,103.81,159.29,112.89,67.51,-10.05
190,14.09,-72.55,-86.64,29.23,50.34,-79.57,71.54,102.80,157.27,106.84,62.51,-11.06
191,9.04,-78.61,-87.65,34.76,48.32,-83.13,68.52,96.79,153.23,102.80,57.46,-14.09
192,16.11,-73.56,-89.67,28.70,52.89,-81.59,69.53,99.82,154.24,101.79,55.44,-13.08
193,25.19,-77.60,-102.80,26.20,64.00,-90.20,64.52,96.79,146.17,96.79,49.38,-16.11
194,8.03,-91.74,-99.77,41.83,53.90,-95.73,59.48,87.70,139.10,92.75,45.34,-20.15
195,12.07,-75.58,-87.65,31.73,49.86,-81.59,70.53,100.83,148.19,98.81,52.41,-22.17
196,12.07,-72.55,-84.62,30.24,48.32,-78.56,76.59,104.82,154.24,103.81,56.45,-18.13
197,8.03,-85.68,-93.71,38.80,50.87,-89.67,69.53,97.80,148.19,96.79,48.37,-13.08
198,7.02,-87.70,-94.72,40.34,50.87,-91.21,71.54,99.82,146.17,95.78,46.35,-13.08
199,0.00,-88.71,-88.71,44.33,44.33,-88.71,72.55,98.81,142.13,91.74,43.32,-20.15
200,5.00,-80.63,-85.63,37.79,45.29,-83.13,69.53,94.77,142.13,91.74,43.32,-19.14
201,0.96,-81.64,-82.60,40.34,41.78,-82.12,69.53,92.75,143.14,91.74,44.33,-16.11
202,3.99,-87.70,-91.69,41.83,47.84,-89.67,66.54,91.74,139.10,89.72,43.32,-19.14
203,14.09,-72.55,-86.64,29.23,50.34,-79.57,74.57,98.81,145.16,94.77,46.35,-14.09
204,15.10,-75.58,-90.68,30.24,52.89,-83.13,76.59,102.80,146.17,94.77,44.33,-22.17
205,1.97,-85.68,-87.65,41.83,44.81,-86.64,70.53,94.77,141.12,95.78,49.38,-9.04
206,3.99,-75.58,-79.57,35.77,41.78,-77.55,77.60,95.78,145.16,97.80,52.41,-5.00
207,3.99,-83.66,-87.65,39.81,45.82,-85.63,72.55,95.78,144.15,92.75,45.34,-19.14
208,8.03,-81.64,-89.67,36.78,48.85,-85.63,59.48,90.73,139.10,89.72,44.33,-18.13
209,20.15,-77.60,-97.75,28.70,58.95,-87.65,63.52,94.77,140.11,91.74,44.33,-26.20
210,11.06,-77.60,-88.66,33.27,49.86,-83.13,68.52,97.80,143.14,92.75,46.35,-25.19
211,14.09,-74.57,-88.66,30.24,51.35,-81.59,71.54,98.81,143.14,96.79,51.40,-20.15
212,15.10,-77.60,-92.70,31.25,53.90,-85.15,71.54,97.80,142.13,97.80,51.40,-20.15
213,12.07,-78.61,-90.68,33.27,51.35,-84.62,70.53,96.79,144.15,98.81,52.41,-17.12
214,12.07,-79.62,-91.69,33.75,51.88,-85.63,70.53,95.78,144.15,98.81,53.42,-10.05
215,13.08,-78.61,-91.69,32.74,52.36,-85.15,69.53,94.77,141.12,95.78,47.36,-18.13
216,6.01,-90.73,-96.74,42.36,51.35,-93.71,70.53,95.78,139.10,95.78,44.33,-28.22
217,-0.96,-92.75,-91.79,46.83,45.39,-92.27,70.53,93.76,140.11,96.79,46.35,-24.18
218,8.03,-81.64,-89.67,36.78,48.85,-85.63,72.55,96.79,141.12,97.80,47.36,-24.18
219,14.09,-76.59,-90.68,31.25,52.36,-83.61,71.54,96.79,142.13,96.79,50.39,-19.14
220,20.15,-68.52,-88.66,24.18,54.38,-78.56,70.53,93.76,143.14,99.82,50.39,-18.13
221,33.27,-60.49,-93.76,13.61,63.52,-77.12,71.54,98.81,144.15,99.82,50.39,-21.16
222,41.30,-54.43,-95.73,6.54,68.52,-75.05,73.56,100.83,146.17,101.79,54.43,-18.13
223,25.19,-55.44,-80.63,15.10,52.89,-68.03,77.60,100.83,146.17,102.80,54.43,-21.16
224,-2.98,-74.57,-71.59,38.75,34.28,-73.08,69.53,92.75,141.12,97.80,52.41,-14.09
225,-8.03,-87.70,-79.67,47.84,35.82,-83.71,65.53,88.71,139.10,97.80,53.42,-14.09
226,7.02,-69.53,-76.55,31.25,41.78,-73.04,68.52,90.73,141.12,97.80,53.42,-22.17
227,19.14,-61.50,-80.63,21.16,49.86,-71.06,67.51,89.72,139.10,94.77,48.37,-26.20
228,16.11,-64.52,-80.63,24.18,48.37,-72.55,68.52,91.74,142.13,99.82,50.39,-25.19
229,15.10,-59.48,-74.57,22.17,44.81,-67.03,73.56,96.79,153.23,108.86,57.46,-16.11
230,12.07,-65.53,-77.60,26.73,44.81,-71.54,78.61,103.81,159.29,111.88,57.46,-20.15
231,-2.98,-82.65,-79.67,42.79,38.32,-81.16,87.70,110.87,164.34,112.89,52.41,-25.19
232,-10.05,-84.67,-74.62,47.36,32.26,-79.67,100.83,124.00,175.40,118.95,51.40,-28.22
233,-15.10,-82.65,-67.55,48.85,26.20,-75.10,112.89,137.08,185.50,124.00,47.36,-39.28
234,-17.12,-82.65,-65.53,49.86,24.18,-74.09,130.06,155.25,207.66,136.07,48.37,-49.38
235,-27.21,-92.75,-65.53,59.96,19.14,-79.14,140.11,168.33,218.77,141.12,51.40,-55.44
236,-24.18,-91.74,-67.55,57.94,21.68,-79.67,152.22,179.44,220.79,141.12,47.36,-56.45
237,-7.02,-78.61,-71.59,42.79,32.26,-75.10,160.30,189.54,221.80,142.13,44.33,-63.52
238,0.00,-73.56,-73.56,36.78,36.78,-73.56,145.16,174.39,207.66,141.12,48.37,-56.45
239,-0.96,-47.36,-46.40,24.14,22.69,-46.88,134.10,159.29,202.61,150.21,69.53,-34.23
240,-5.00,-35.24,-30.24,20.10,12.60,-32.74,121.98,141.12,194.58,159.29,91.74,-23.18
241,8.03,-14.09,-22.12,3.03,15.05,-18.08,95.78,111.88,187.52,176.41,119.96,-0.96
242,14.09,1.97,-12.12,-8.03,13.13,-5.05,64.52,79.62,178.43,190.55,151.22,29.23
243,15.10,8.03,-7.07,-11.54,11.11,0.48,35.24,46.35,160.30,196.60,176.41,52.41
244,15.10,34.23,19.14,-24.67,-2.02,26.69,-0.96,0.00,132.08,200.64,202.61,80.63
245,22.17,50.39,28.22,-36.25,-3.03,39.33,-34.23,-44.33,109.87,206.65,228.87,107.85
246,31.25,72.55,41.30,-51.88,-5.00,56.93,-65.53,-87.70,84.67,206.65,249.01,131.07
247,16.11,80.63,64.52,-48.37,-24.18,72.60,-100.83,-136.07,54.43,204.63,271.18,158.28
248,19.14,86.69,67.55,-52.89,-24.18,77.12,-125.01,-166.36,50.39,220.79,304.45,192.56
249,32.26,99.82,67.55,-66.02,-17.65,83.71,-143.14,-185.50,50.39,239.92,339.74,223.82
250,39.28,100.83,61.54,-70.05,-11.11,81.21,-167.37,-213.72,18.13,231.90,359.94,252.04
251,57.46,99.82,42.36,-78.61,7.55,71.11,-190.55,-239.92,-27.21,198.62,355.90,272.19
252,74.57,95.78,21.20,-85.15,26.69,58.51,-201.65,-249.01,-55.44,174.39,349.84,285.31
253,90.73,85.68,-5.05,-88.18,47.89,40.34,-210.69,-257.09,-87.70,144.15,338.73,302.48
254,112.89,78.61,-34.28,-95.73,73.61,22.17,-215.74,-259.11,-116.93,112.89,318.59,310.51
255,129.05,82.65,-46.40,-105.83,87.75,18.13,-218.77,-258.10,-145.16,78.61,290.36,311.52
256,146.17,75.58,-70.58,-110.87,108.37,2.50,-226.85,-256.08,-170.35,45.34,269.16,326.66
257,173.38,77.60,-95.78,-125.49,134.58,-9.09,-236.90,-253.05,-187.52,19.14,248.00,332.72
258,190.55,85.68,-104.86,-138.09,147.71,-9.57,-228.87,-234.92,-191.56,-5.00,215.74,321.61
259,194.58,84.67,-109.91,-139.63,152.27,-12.60,-224.83,-227.86,-207.66,-35.24,169.34,297.43
260,179.44,79.62,-99.82,-129.53,139.63,-10.10,-228.87,-232.90,-252.04,-95.78,90.73,261.13
261,171.36,105.83,-65.53,-138.57,118.47,20.15,-243.96,-255.07,-298.44,-142.13,42.31,254.06
262,197.61,160.30,-37.31,-178.96,117.46,61.50,-295.41,-310.51,-369.02,-182.47,23.18,274.21
263,208.67,194.58,-14.09,-201.60,111.40,90.25,-328.68,-348.83,-420.42,-218.77,1.97,282.28
264,201.65,214.73,13.08,-208.19,94.29,113.90,-359.94,-385.13,-463.79,-235.89,0.96,299.45
265,205.64,256.08,50.44,-230.84,77.60,153.28,-390.18,-422.44,-495.04,-226.85,28.22,337.72
266,215.74,307.48,91.74,-261.61,62.02,199.63,-425.47,-466.82,-509.13,-205.64,63.52,374.02
267,212.71,344.79,132.08,-278.73,40.34,238.43,-474.85,-523.27,-543.41,-204.63,84.67,406.29
268,217.76,402.29,184.54,-310.03,16.64,293.44,-536.39,-598.90,-591.83,-196.60,112.89,443.60
269,229.88,451.67,221.80,-340.75,4.04,336.76,-617.02,-695.69,-675.49,-223.82,114.91,468.84
270,259.11,485.96,226.85,-372.53,16.16,356.43,-691.65,-788.43,-784.39,-294.40,80.63,489.99
271,273.20,513.17,239.97,-393.16,16.64,376.57,-772.33,-893.30,-919.50,-396.24,11.06,495.04
272,252.04,522.26,270.22,-387.15,-9.09,396.24,-824.73,-974.94,-1056.63,-518.22,-84.67,477.88
273,230.89,485.96,255.07,-358.40,-12.07,370.51,-816.66,-991.10,-1150.39,-629.14,-194.58,429.51
274,189.54,385.13,195.59,-287.33,-3.03,290.36,-767.28,-969.94,-1261.31,-793.48,-365.99,321.61
275,132.08,285.31,153.23,-208.67,-10.58,219.30,-713.81,-945.71,-1395.41,-988.07,-568.66,202.61
276,64.52,179.44,114.91,-121.98,-25.19,147.18,-627.12,-880.17,-1468.01,-1137.31,-743.05,77.60
277,-3.99,99.82,103.81,-47.89,-53.90,101.79,-535.38,-795.50,-1478.11,-1221.98,-849.93,-11.06
278,-87.70,36.25,123.95,25.72,-105.83,80.10,-483.94,-755.16,-1498.25,-1287.52,-926.57,-72.55
279,-127.03,-50.39,76.64,88.71,-101.84,13.13,-406.29,-676.50,-1468.01,-1309.73,-962.87,-121.98
280,-128.04,-94.77,33.27,111.40,-80.68,-30.77,-310.51,-566.64,-1365.17,-1254.24,-934.65,-138.09
281,-148.19,-112.89,35.29,130.54,-91.74,-38.80,-242.95,-494.03,-1284.49,-1195.78,-899.36,-156.26
282,-164.34,-106.84,57.50,135.59,-110.92,-24.67,-197.61,-437.54,-1203.85,-1123.17,-837.86,-147.18
283,-200.64,-118.95,81.69,159.77,-141.17,-18.66,-135.06,-368.01,-1113.08,-1044.51,-784.39,-155.25
284,-249.01,-152.22,96.79,200.59,-172.90,-27.74,-62.51,-295.41,-1027.40,-977.97,-749.10,-192.56
285,-274.21,-171.36,102.85,222.76,-188.53,-34.28,9.04,-221.80,-937.68,-907.43,-716.84,-226.85
286,-290.36,-204.63,85.73,247.47,-188.05,-59.48,91.74,-131.07,-850.94,-847.91,-694.68,-270.17
287,-321.61,-250.02,71.59,285.79,-196.60,-89.24,166.36,-49.38,-779.35,-801.56,-679.53,-310.51
288,-332.72,-284.30,48.42,308.49,-190.59,-117.94,243.96,32.26,-708.76,-752.13,-655.35,-331.71
289,-316.57,-308.49,8.08,312.53,-162.32,-150.21,320.60,117.94,-633.18,-699.72,-620.05,-326.66
290,-305.46,-336.71,-31.25,321.09,-137.13,-184.01,379.07,187.52,-576.68,-662.41,-600.92,-332.72
291,-310.51,-357.92,-47.41,334.21,-131.55,-202.66,424.46,235.89,-536.39,-632.17,-580.72,-341.76
292,-314.55,-369.98,-55.44,342.24,-129.58,-212.71,444.61,258.10,-514.18,-605.92,-559.57,-345.80
293,-303.44,-357.92,-54.48,330.65,-124.48,-206.22,443.60,262.14,-501.10,-584.76,-537.40,-340.75
294,-300.46,-352.87,-52.41,326.66,-124.05,-202.66,438.55,260.12,-487.97,-564.62,-516.20,-338.73
295,-303.44,-358.93,-55.49,331.18,-124.00,-207.23,421.43,251.03,-475.86,-543.41,-498.07,-341.76
296,-304.45,-355.90,-51.45,330.17,-126.50,-203.67,409.31,248.00,-455.71,-517.21,-470.81,-333.73
297,-294.40,-356.91,-62.51,325.65,-115.97,-209.73,416.38,262.14,-423.45,-484.95,-443.60,-324.64
298,-275.22,-352.87,-77.65,314.02,-98.81,-215.26,419.41,277.24,-389.17,-452.68,-414.36,-311.52
299,-265.17,-353.88,-88.71,309.50,-88.23,-221.32,416.38,283.29,-359.94,-426.48,-395.23,-301.47
300,-246.99,-347.82,-100.83,297.38,-73.08,-224.35,406.29,279.25,-339.74,-405.28,-381.09,-301.47
301,-228.87,-342.77,-113.90,285.79,-57.50,-228.34,398.26,275.22,-317.58,-383.11,-361.95,-290.36
302,-220.79,-340.75,-119.96,280.75,-50.44,-230.36,392.20,271.18,-291.37,-355.90,-335.75,-267.19
303,-208.67,-336.71,-128.04,272.67,-40.34,-232.38,379.07,263.15,-272.19,-335.75,-321.61,-266.18
304,-190.55,-328.68,-138.14,259.59,-26.20,-233.43,363.97,261.13,-252.04,-314.55,-304.45,-256.08
305,-172.37,-324.64,-152.27,248.48,-10.05,-238.48,353.88,259.11,-231.90,-291.37,-278.25,-230.89
306,-160.30,-325.65,-165.35,242.95,2.50,-245.50,350.85,254.06,-217.76,-277.24,-269.16,-229.88
307,-152.22,-318.59,-166.36,235.40,7.07,-242.47,332.72,236.90,-212.71,-269.16,-260.12,-227.86
308,-142.13,-311.52,-169.39,226.80,13.61,-240.45,320.60,228.87,-202.61,-257.09,-249.01,-216.75
309,-135.06,-310.51,-175.45,222.76,20.19,-243.00,325.65,242.95,-180.45,-238.91,-235.89,-208.67
310,-122.99,-301.47,-178.48,212.23,27.74,-239.97,321.61,241.94,-163.33,-220.79,-217.76,-198.62
311,-109.87,-282.28,-172.42,196.07,31.25,-227.38,312.53,241.94,-139.10,-194.58,-192.56,-173.38
312,-91.74,-270.17,-178.43,180.93,43.32,-224.30,307.48,249.01,-121.98,-180.45,-180.45,-164.34
313,-81.64,-265.17,-183.53,173.38,50.92,-224.35,301.47,243.96,-109.87,-167.37,-172.37,-173.38
314,-80.63,-252.04,-171.41,166.31,45.39,-211.75,295.41,238.91,-89.72,-147.18,-156.26,-162.32
315,-69.53,-222.81,-153.28,146.17,41.88,-188.05,293.39,243.96,-65.53,-125.01,-138.09,-144.15
316,-61.50,-210.69,-149.20,136.07,43.85,-179.97,292.38,252.04,-39.28,-99.82,-116.93,-137.08
317,-51.40,-203.62,-152.22,127.51,50.39,-177.95,289.35,253.05,-23.18,-83.66,-104.82,-131.07
318,-46.35,-178.43,-132.08,112.37,42.84,-155.25,288.34,260.12,3.99,-55.44,-76.59,-101.79
319,-48.37,-177.42,-129.05,112.89,40.34,-153.23,282.28,258.10,17.12,-43.32,-65.53,-99.82
320,-48.37,-166.36,-117.99,107.37,34.81,-142.18,278.25,258.10,32.26,-27.21,-55.44,-93.76
321,-58.47,-151.22,-92.75,104.82,17.12,-121.98,281.27,265.17,54.43,-5.00,-35.24,-70.53
322,-55.44,-155.25,-99.82,105.35,22.17,-127.56,271.18,256.08,56.45,-5.00,-40.29,-88.71
323,-31.25,-130.06,-98.81,80.63,33.75,-114.43,257.09,248.00,66.54,7.02,-31.25,-84.67
324,-35.24,-122.99,-87.75,79.09,26.25,-105.39,244.97,234.92,74.57,15.10,-21.16,-71.54
325,-37.26,-117.94,-80.68,77.60,21.68,-99.34,228.87,218.77,84.67,29.23,-6.01,-59.48
326,-23.18,-99.82,-76.64,61.50,26.73,-88.23,208.67,206.65,95.78,43.32,3.99,-54.43
327,-22.17,-86.69,-64.52,54.43,21.16,-75.63,183.48,184.49,101.79,53.42,12.07,-47.36
328,-14.09,-69.53,-55.44,41.78,20.67,-62.51,154.24,160.30,107.85,65.53,26.20,-32.26
329,-14.09,-57.46,-43.37,35.77,14.62,-50.44,129.05,142.13,115.92,76.59,35.24,-31.25
330,-14.09,-47.36,-33.27,30.72,9.57,-40.34,107.85,124.00,120.97,84.67,42.31,-25.19
331,-3.99,-41.30,-37.31,22.65,16.64,-39.33,92.75,108.86,122.99,86.69,46.35,-18.13
332,2.98,-33.27,-36.25,15.15,19.62,-34.76,79.62,98.81,126.02,91.74,49.38,-13.08
333,5.00,-31.25,-36.25,13.13,20.63,-33.75,73.56,91.74,128.04,93.76,51.40,-13.08
334,2.98,-30.24,-33.22,13.61,18.08,-31.73,72.55,91.74,134.10,99.82,57.46,-9.04
335,2.98,-20.15,-23.13,8.56,13.03,-21.64,69.53,89.72,137.08,103.81,60.49,-2.98
336,8.03,-17.12,-25.15,4.52,16.59,-21.11,71.54,91.74,141.12,108.86,64.52,0.96
337,15.10,-19.14,-34.23,2.02,24.67,-26.69,65.53,82.65,141.12,109.87,66.54,0.00
338,18.13,-15.10,-33.22,-1.49,25.68,-24.14,63.52,83.66,145.16,114.91,73.56,6.01
339,19.14,-8.03,-27.17,-5.53,23.13,-17.60,69.53,97.80,154.24,124.00,82.65,15.10
340,18.13,-3.99,-22.12,-7.07,20.10,-13.03,66.54,89.72,152.22,122.99,82.65,13.08
341,17.12,-6.01,-23.13,-5.53,20.10,-14.57,62.51,83.66,148.19,118.95,78.61,8.03
342,21.16,-5.00,-26.16,-8.08,23.66,-15.58,54.43,79.62,145.16,115.92,74.57,1.97
343,26.20,9.04,-17.16,-17.60,21.68,-4.04,56.45,78.61,151.22,121.98,81.64,9.04
344,12.07,-8.03,-20.10,-2.02,16.06,-14.04,52.41,75.58,145.16,116.93,77.60,7.02
345,-3.99,-29.23,-25.24,16.59,10.63,-27.26,45.34,68.52,141.12,111.88,72.55,0.00
346,-0.96,-18.13,-17.16,9.52,8.08,-17.65,45.34,68.52,144.15,116.93,77.60,6.01
347,5.00,-14.09,-19.09,4.52,12.02,-16.59,47.36,68.52,145.16,119.96,79.62,0.00
348,8.03,-8.03,-16.06,0.00,12.02,-12.02,43.32,68.52,148.19,122.99,81.64,1.97
349,10.05,-0.96,-11.01,-4.52,10.53,-5.96,40.29,64.52,149.20,125.01,86.69,12.07
350,10.05,-3.99,-14.04,-3.03,12.02,-8.99,43.32,66.54,152.22,126.02,86.69,6.01
351,2.98,-13.08,-16.06,5.05,9.52,-14.57,44.33,66.54,151.22,125.01,85.68,0.00
352,12.07,-8.03,-20.10,-2.02,16.06,-14.04,44.33,67.51,153.23,130.06,92.75,8.03
353,26.20,0.96,-25.24,-13.56,25.72,-12.12,44.33,69.53,156.26,131.07,95.78,15.10
354,21.16,-5.00,-26.16,-8.08,23.66,-15.58,44.33,66.54,156.26,130.06,93.76,15.10
355,26.20,5.00,-21.20,-15.58,23.70,-8.08,46.35,68.52,158.28,134.10,96.79,16.11
356,25.19,1.97,-23.22,-13.56,24.23,-10.63,42.31,64.52,157.27,133.09,94.77,12.07
357,17.12,-14.09,-31.20,-1.49,24.14,-22.65,31.25,58.47,148.19,122.99,87.70,7.02
358,23.18,0.00,-23.18,-11.59,23.18,-11.59,38.27,60.49,152.22,127.03,93.76,11.06
359,28.22,7.02,-21.20,-17.60,24.71,-7.07,41.30,60.49,155.25,131.07,97.80,15.10
360,21.16,0.96,-20.19,-11.06,20.67,-9.62,37.26,58.47,150.21,126.02,91.74,13.08
361,16.11,-1.97,-18.08,-7.07,17.07,-10.00,34.23,54.43,147.18,124.00,87.70,10.05
362,19.14,3.99,-15.15,-11.54,17.16,-5.58,33.27,56.45,150.21,128.04,92.75,20.15
363,19.14,8.03,-11.11,-13.56,15.15,-1.54,34.23,57.46,151.22,131.07,94.77,18.13
364,27.21,9.04,-18.17,-18.13,22.69,-4.57,31.25,56.45,149.20,130.06,94.77,14.09
365,32.26,13.08,-19.18,-22.65,25.72,-3.03,33.27,61.50,155.25,134.10,100.83,22.17
366,31.25,14.09,-17.16,-22.65,24.23,-1.54,33.27,59.48,153.23,132.08,97.80,19.14
367,28.22,15.10,-13.13,-21.64,20.67,1.01,34.23,60.49,152.22,134.10,99.82,21.16
368,18.13,15.10,-3.03,-16.59,10.58,6.06,35.24,62.51,156.26,139.10,103.81,24.18
369,28.22,23.18,-5.05,-25.68,16.64,9.09,34.23,61.50,156.26,138.09,102.80,24.18
370,32.26,23.18,-9.09,-27.69,20.67,7.07,31.25,59.48,155.25,138.09,103.81,22.17
371,17.12,10.05,-7.07,-13.56,12.12,1.49,33.27,58.47,153.23,134.10,100.83,16.11
372,24.18,10.05,-14.14,-17.12,19.18,-2.02,32.26,58.47,152.22,131.07,100.83,18.13
373,25.19,13.08,-12.12,-19.14,18.66,0.48,29.23,56.45,152.22,134.10,104.82,24.18
374,20.15,9.04,-11.11,-14.57,15.63,-1.01,31.25,56.45,154.24,132.08,105.83,23.18
375,28.22,13.08,-15.15,-20.63,21.68,-1.01,24.18,47.36,148.19,126.02,101.79,20.15
376,31.25,16.11,-15.15,-23.66,23.22,0.48,22.17,50.39,152.22,132.08,107.85,31.25
377,25.19,15.10,-10.10,-20.15,17.65,2.50,29.23,58.47,158.28,136.07,112.89,38.27
378,15.10,9.04,-6.06,-12.07,10.58,1.49,29.23,54.43,156.26,133.09,108.86,32.26
379,23.18,14.09,-9.09,-18.61,16.16,2.50,25.19,53.42,156.26,134.10,109.87,30.24
380,29.23,21.16,-8.08,-25.19,18.66,6.54,22.17,53.42,154.24,133.09,111.88,32.26
381,25.19,16.11,-9.09,-20.63,17.16,3.51,20.15,49.38,151.22,131.07,106.84,29.23
382,20.15,15.10,-5.05,-17.60,12.60,5.05,20.15,49.38,151.22,129.05,103.81,23.18
383,20.15,18.13,-2.02,-19.14,11.11,8.08,21.16,48.37,152.22,130.06,105.83,24.18
384,26.20,23.18,-3.03,-24.67,14.62,10.10,23.18,49.38,152.22,133.09,108.86,29.23
385,26.20,22.17,-4.04,-24.18,15.15,9.09,25.19,53.42,156.26,134.10,108.86,29.23
386,25.19,20.15,-5.05,-22.65,15.15,7.55,21.16,49.38,153.23,129.05,104.82,31.25
387,29.23,23.18,-6.06,-26.20,17.65,8.56,25.19,52.41,155.25,132.08,107.85,31.25
388,39.28,29.23,-10.05,-34.23,24.67,9.62,21.16,51.40,155.25,132.08,107.85,31.25
389,27.21,22.17,-5.05,-24.67,16.16,8.56,19.14,48.37,152.22,130.06,104.82,32.26
390,24.18,27.21,3.03,-25.68,10.58,15.15,30.24,56.45,156.26,135.06,109.87,31.25
391,38.27,35.24,-3.03,-36.73,20.67,16.11,16.11,46.35,153.23,134.10,111.88,38.27
392,26.20,18.13,-8.08,-22.17,17.16,5.05,11.06,41.30,150.21,133.09,112.89,39.28
393,10.05,14.09,4.04,-12.07,3.03,9.09,17.12,42.31,150.21,134.10,113.90,40.29
394,2.98,8.03,5.05,-5.48,-1.01,6.54,14.09,41.30,147.18,131.07,109.87,34.23
395,9.04,9.04,0.00,-9.04,4.52,4.52,17.12,42.31,145.16,129.05,104.82,26.20
396,16.11,14.09,-2.02,-15.10,9.09,6.06,11.06,34.23,140.11,128.04,102.80,27.21
397,16.11,17.12,1.01,-16.59,7.55,9.09,14.09,41.30,143.14,131.07,107.85,32.26
398,22.17,29.23,7.07,-25.68,7.55,18.17,26.20,50.39,148.19,136.07,111.88,35.24
399,29.23,35.24,6.01,-32.21,11.64,20.63,18.13,39.28,146.17,139.10,113.90,41.30
400,37.26,38.27,1.01,-37.74,18.13,19.67,10.05,36.25,144.15,137.08,112.89,38.27
401,23.18,34.23,11.06,-28.70,6.06,22.65,6.01,34.23,139.10,132.08,110.87,35.24
402,6.01,28.22,22.21,-17.12,-8.08,25.24,3.99,30.24,138.09,134.10,113.90,49.38
403,9.04,20.15,11.11,-14.57,-1.01,15.63,3.99,28.22,136.07,130.06,110.87,42.31
404,14.09,23.18,9.09,-18.61,2.50,16.16,0.00,27.21,133.09,126.02,105.83,26.20
405,15.10,28.22,13.13,-21.64,1.01,20.67,5.00,31.25,136.07,128.04,106.84,28.22
406,23.18,37.26,14.09,-30.19,4.57,25.68,5.00,31.25,137.08,130.06,111.88,37.26
407,23.18,34.23,11.06,-28.70,6.06,22.65,2.98,28.22,135.06,129.05,112.89,36.25
408,22.17,30.24,8.08,-26.20,7.07,19.18,8.03,31.25,135.06,126.02,109.87,31.25
409,22.17,39.28,17.12,-30.72,2.55,28.22,-0.96,26.20,130.06,124.00,109.87,33.27
410,16.11,39.28,23.18,-27.69,-3.51,31.25,-9.04,20.15,126.02,120.97,107.85,33.27
411,9.04,43.32,34.28,-26.16,-12.60,38.80,0.00,25.19,129.05,124.00,109.87,36.25
412,12.07,40.29,28.22,-26.16,-8.08,34.28,-3.99,22.17,129.05,126.02,113.90,46.35
413,16.11,39.28,23.18,-27.69,-3.51,31.25,-10.05,19.14,127.03,122.99,110.87,44.33
414,10.05,39.28,29.23,-24.67,-9.57,34.28,-8.03,23.18,131.07,121.98,109.87,39.28
415,13.08,41.30,28.22,-27.17,-7.55,34.76,-9.04,18.13,124.00,118.95,107.85,37.26
416,14.09,45.34,31.25,-29.71,-8.56,38.32,-6.01,18.13,120.97,118.95,106.84,40.29
417,17.12,51.40,34.28,-34.23,-8.56,42.84,-3.99,20.15,122.99,120.97,111.88,47.36
418,19.14,48.37,29.23,-33.75,-5.05,38.80,-10.05,18.13,120.97,114.91,109.87,41.30
419,14.09,39.28,25.19,-26.69,-5.53,32.26,-17.12,11.06,112.89,107.85,101.79,32.26
420,14.09,40.29,26.20,-27.17,-6.06,33.27,-21.16,7.02,108.86,105.83,98.81,32.26
421,21.16,52.41,31.25,-36.78,-5.05,41.83,-22.17,8.03,113.90,109.87,104.82,41.30
422,29.23,61.50,32.26,-45.34,-1.49,46.88,-22.17,7.02,110.87,107.85,101.79,40.29
423,20.15,57.46,37.31,-38.80,-8.56,47.41,-18.13,6.01,107.85,101.79,96.79,35.24
424,18.13,62.51,44.38,-40.29,-13.13,53.47,-19.14,6.01,105.83,99.82,95.78,37.26
425,20.15,64.52,44.38,-42.31,-12.12,54.48,-19.14,6.01,105.83,101.79,98.81,43.32
426,22.17,68.52,46.35,-45.34,-12.07,57.46,-22.17,0.00,102.80,98.81,99.82,43.32
427,22.17,67.51,45.34,-44.81,-11.59,56.45,-26.20,-2.98,97.80,93.76,94.77,39.28
428,22.17,64.52,42.36,-43.32,-10.10,53.47,-29.23,-7.02,96.79,94.77,95.78,42.31
429,12.07,64.52,52.46,-38.27,-20.19,58.51,-30.24,-12.07,91.74,93.76,92.75,37.26
430,0.96,54.43,53.47,-27.69,-26.25,53.95,-34.23,-11.06,88.71,89.72,91.74,36.25
431,6.01,53.42,47.41,-29.71,-20.67,50.44,-42.31,-21.16,82.65,87.70,91.74,41.30
432,14.09,64.52,50.44,-39.28,-18.17,57.50,-40.29,-19.14,82.65,88.71,90.73,39.28
433,24.18,69.53,45.34,-46.83,-10.58,57.46,-38.27,-14.09,80.63,88.71,89.72,41.30
434,14.09,69.53,55.44,-41.78,-20.67,62.51,-39.28,-17.12,78.61,87.70,88.71,43.32
435,6.01,68.52,62.51,-37.26,-28.22,65.53,-43.32,-25.19,73.56,83.66,84.67,39.28
436,3.99,62.51,58.51,-33.22,-27.26,60.53,-52.41,-31.25,65.53,75.58,79.62,35.24
437,0.96,68.52,67.55,-34.71,-33.27,68.03,-49.38,-29.23,67.51,76.59,82.65,39.28
438,10.05,71.54,61.50,-40.77,-25.72,66.54,-49.38,-35.24,64.52,72.55,81.64,39.28
439,12.07,72.55,60.49,-42.31,-24.18,66.54,-54.43,-33.27,61.50,69.53,78.61,39.28
440,0.00,72.55,72.55,-36.25,-36.25,72.55,-60.49,-40.29,56.45,67.51,77.60,40.29
441,-2.98,71.54,74.53,-34.28,-38.75,73.04,-62.51,-50.39,47.36,59.48,72.55,37.26
442,9.04,81.64,72.60,-45.34,-31.78,77.12,-66.54,-50.39,43.32,56.45,69.53,39.28
443,14.09,80.63,66.54,-47.36,-26.20,73.61,-70.53,-55.44,38.27,51.40,64.52,35.24
444,-5.00,77.60,82.60,-36.30,-43.80,80.10,-63.52,-53.42,37.26,51.40,65.53,33.27
445,-13.08,81.64,94.72,-34.28,-53.90,88.18,-64.52,-51.40,40.29,56.45,71.54,39.28
446,-12.07,88.71,100.78,-38.32,-56.40,94.72,-70.53,-56.45,35.24,54.43,71.54,48.37
447,-10.05,92.75,102.80,-41.35,-56.40,97.75,-74.57,-64.52,24.18,45.34,62.51,41.30
448,-1.97,91.74,93.71,-44.86,-47.84,92.70,-76.59,-72.55,18.13,40.29,55.44,26.20
449,-3.99,86.69,90.68,-41.35,-47.31,88.66,-85.68,-80.63,9.04,34.23,53.42,29.23
450,-14.09,86.69,100.78,-36.30,-57.41,93.71,-92.75,-84.67,5.00,31.25,53.42,33.27
451,-20.15,84.67,104.82,-32.26,-62.46,94.72,-91.74,-86.69,0.00,28.22,50.39,29.23
452,-20.15,86.69,106.84,-33.27,-63.47,96.74,-98.81,-94.77,-5.00,24.18,48.37,33.27
453,-24.18,88.71,112.89,-32.26,-68.52,100.78,-102.80,-101.79,-11.06,20.15,46.35,35.24
454,-28.22,85.68,113.90,-28.70,-71.06,99.77,-108.86,-111.88,-16.11,16.11,46.35,36.25
455,-31.25,97.80,129.05,-33.27,-80.15,113.42,-109.87,-115.92,-19.14,15.10,46.35,34.23
456,-34.23,94.77,129.00,-30.24,-81.59,111.88,-102.80,-105.83,-26.20,6.01,35.24,21.16
457,-25.19,92.75,117.94,-33.75,-71.54,105.35,-106.84,-107.85,-31.25,1.97,30.24,24.18
458,-19.14,107.85,126.98,-44.33,-73.04,117.41,-114.91,-118.95,-37.26,0.96,35.24,31.25
459,-24.18,112.89,137.08,-44.33,-80.63,124.96,-113.90,-121.98,-43.32,-2.98,33.27,34.23
460,-19.14,118.95,138.09,-49.91,-78.61,128.52,-116.93,-122.99,-51.40,-12.07,21.16,28.22
461,-26.20,118.95,145.16,-46.35,-85.68,132.03,-128.04,-133.09,-59.48,-17.12,19.14,25.19
462,-39.28,119.96,159.24,-40.34,-99.24,139.58,-125.01,-138.09,-62.51,-18.13,20.15,32.26
463,-24.18,135.06,159.24,-55.44,-91.69,147.13,-125.01,-138.09,-66.54,-19.14,22.17,34.23
464,-17.12,139.10,156.22,-60.97,-86.64,147.66,-141.12,-151.22,-78.61,-27.21,12.07,27.21
465,-26.20,130.06,156.26,-51.93,-91.21,143.14,-142.13,-154.24,-87.70,-38.27,3.99,22.17
466,-22.17,139.10,161.26,-58.47,-91.69,150.16,-150.21,-163.33,-94.77,-43.32,1.97,25.19
467,-23.18,149.20,172.37,-62.99,-97.75,160.78,-153.23,-171.36,-100.83,-46.35,-0.96,24.18
468,-34.23,141.12,175.35,-53.42,-104.77,158.23,-149.20,-168.33,-105.83,-47.36,0.96,26.20
469,-34.23,136.07,170.30,-50.92,-102.27,153.19,-160.30,-179.44,-119.96,-60.49,-10.05,15.10
470,-29.23,146.17,175.40,-58.47,-102.32,160.78,-165.35,-187.52,-131.07,-68.52,-18.13,13.08
471,-35.24,148.19,183.43,-56.45,-109.34,165.78,-169.34,-193.57,-138.09,-72.55,-17.12,27.21
472,-38.27,149.20,187.47,-55.44,-112.85,168.33,-170.35,-195.59,-144.15,-77.60,-22.17,17.12
473,-41.30,151.22,192.52,-54.96,-116.89,171.84,-172.37,-199.63,-153.23,-84.67,-31.25,9.04
474,-53.42,145.16,198.57,-45.87,-125.97,171.84,-182.47,-209.68,-164.34,-92.75,-37.26,10.05
475,-50.39,155.25,205.64,-52.41,-127.99,180.45,-186.51,-214.73,-170.35,-96.79,-39.28,9.04
476,-51.40,154.24,205.64,-51.40,-128.52,179.92,-194.58,-226.85,-180.45,-103.81,-41.30,14.09
477,-48.37,157.27,205.64,-54.43,-126.98,181.46,-199.63,-235.89,-189.54,-112.89,-45.34,12.07
478,-40.29,169.34,209.63,-64.52,-124.96,189.49,-196.60,-229.88,-191.56,-114.91,-46.35,15.10
479,-50.39,162.32,212.71,-55.97,-131.55,187.52,-204.63,-239.92,-203.62,-125.01,-54.43,10.05
480,-70.53,153.23,223.77,-41.35,-147.13,188.48,-212.71,-254.06,-221.80,-140.11,-67.51,-1.97
481,-70.53,167.37,237.91,-48.42,-154.20,202.61,-212.71,-258.10,-228.87,-143.14,-66.54,3.99
482,-66.54,173.38,239.92,-53.42,-153.23,206.65,-219.78,-269.16,-239.92,-151.22,-72.55,0.96
483,-66.54,176.41,242.95,-54.91,-154.72,209.68,-224.83,-278.25,-250.02,-160.30,-77.60,0.00
484,-64.52,184.49,249.01,-59.96,-156.74,216.75,-230.89,-286.32,-260.12,-167.37,-81.64,-0.96
485,-68.52,180.45,248.96,-55.97,-158.72,214.68,-239.92,-294.40,-270.17,-176.41,-89.72,-6.01
486,-72.55,187.52,260.07,-57.46,-166.31,223.77,-240.93,-299.45,-280.26,-182.47,-93.76,-3.99
487,-68.52,188.53,257.04,-60.01,-162.75,222.76,-251.03,-309.50,-294.40,-194.58,-105.83,-8.03
488,-71.54,182.47,254.01,-55.44,-162.75,218.24,-256.08,-316.57,-303.44,-203.62,-111.88,-10.05
489,-68.52,193.57,262.09,-62.51,-165.30,227.81,-255.07,-313.54,-308.49,-204.63,-112.89,-6.01
490,-75.58,194.58,270.17,-59.48,-172.85,232.38,-267.19,-330.70,-318.59,-211.70,-117.94,-5.00
491,-80.63,191.56,272.19,-55.44,-176.41,231.85,-270.17,-336.71,-331.71,-222.81,-127.03,-14.09
492,-79.62,188.53,268.15,-54.43,-173.86,228.34,-274.21,-336.71,-343.78,-232.90,-135.06,-21.16
493,-95.78,175.40,271.18,-39.81,-183.48,223.29,-284.30,-351.86,-357.92,-244.97,-141.12,-16.11
494,-84.67,189.54,274.21,-52.41,-179.44,231.85,-281.27,-348.83,-358.93,-243.96,-141.12,-15.10
495,-83.66,200.64,284.30,-58.47,-183.96,242.47,-285.31,-356.91,-367.00,-250.02,-146.17,-18.13
496,-94.77,192.56,287.33,-48.90,-191.03,239.92,-291.37,-365.99,-382.10,-262.14,-156.26,-22.17
497,-97.80,189.54,287.33,-45.87,-192.56,238.43,-298.44,-376.04,-393.21,-271.18,-164.34,-27.21
498,-100.83,189.54,290.36,-44.33,-195.59,239.92,-309.50,-392.20,-405.28,-281.27,-169.34,-27.21
499,-95.78,199.63,295.41,-51.93,-195.59,247.52,-310.51,-389.17,-412.34,-283.29,-169.34,-21.16
500,-102.80,206.65,309.45,-51.93,-206.12,258.05,-311.52,-392.20,-421.43,-290.36,-176.41,-24.18
501,-107.85,210.69,318.54,-51.40,-213.19,264.59,-317.58,-406.29,-433.55,-300.46,-183.48,-27.21
502,-103.81,210.69,314.50,-53.42,-209.15,262.57,-319.59,-413.35,-442.59,-306.47,-189.54,-28.22
503,-105.83,205.64,311.47,-49.91,-208.62,258.53,-323.63,-412.34,-449.65,-315.56,-198.62,-35.24
504,-111.88,210.69,322.58,-49.38,-217.23,266.61,-328.68,-419.41,-459.75,-322.62,-203.62,-33.27
505,-107.85,211.70,319.55,-51.93,-213.67,265.60,-327.67,-420.42,-463.79,-325.65,-205.64,-30.24
506,-100.83,219.78,320.60,-59.48,-210.69,270.17,-332.72,-423.45,-472.83,-331.71,-208.67,-27.21
507,-102.80,220.79,323.59,-59.00,-213.19,272.19,-341.76,-433.55,-488.98,-344.79,-218.77,-38.27
508,-110.87,213.72,324.60,-51.40,-217.71,269.16,-340.75,-437.54,-496.05,-351.86,-226.85,-48.37
509,-112.89,214.73,327.62,-50.92,-220.26,271.18,-342.77,-446.63,-503.12,-356.91,-227.86,-47.36
510,-101.79,219.78,321.57,-59.00,-211.65,270.65,-348.83,-453.69,-509.13,-362.96,-231.90,-46.35
511,-102.80,222.81,325.61,-60.01,-214.20,274.21,-351.86,-455.71,-516.20,-368.01,-232.90,-42.31
512,-106.84,220.79,327.62,-56.98,-217.23,274.21,-351.86,-457.73,-522.26,-370.99,-232.90,-43.32
513,-109.87,217.76,327.62,-53.95,-218.72,272.67,-353.88,-461.77,-531.34,-378.06,-238.91,-43.32
514,-121.98,207.66,329.64,-42.84,-225.79,268.63,-365.99,-478.89,-544.42,-389.17,-245.98,-44.33
515,-124.00,207.66,331.66,-41.83,-227.81,269.64,-372.00,-486.97,-553.51,-396.24,-255.07,-52.41
516,-130.06,201.65,331.71,-35.77,-230.89,266.66,-365.99,-475.86,-557.55,-401.28,-259.11,-51.40
517,-140.11,194.58,334.69,-27.21,-237.38,264.64,-365.99,-479.90,-560.58,-404.27,-260.12,-45.34
518,-134.10,199.63,333.73,-32.74,-233.91,266.66,-365.99,-483.94,-566.64,-408.30,-264.16,-46.35
519,-126.02,204.63,330.65,-39.28,-228.34,267.62,-364.98,-482.93,-569.66,-411.33,-268.20,-56.45
520,-122.99,207.66,330.65,-42.31,-226.80,269.16,-372.00,-487.97,-576.68,-417.39,-275.22,-62.51
521,-124.00,202.61,326.61,-39.28,-225.31,264.59,-370.99,-487.97,-581.73,-424.46,-280.26,-60.49
522,-121.98,205.64,327.62,-41.83,-224.78,266.61,-365.99,-484.95,-579.71,-425.47,-280.26,-60.49
523,-119.96,209.68,329.64,-44.86,-224.78,269.64,-363.97,-482.93,-579.71,-426.48,-281.27,-57.46
524,-122.99,207.66,330.65,-42.31,-226.80,269.16,-364.98,-482.93,-581.73,-427.49,-282.28,-58.47
525,-121.98,204.63,326.61,-41.30,-224.30,265.60,-363.97,-481.92,-583.75,-430.52,-283.29,-55.44
526,-119.96,203.62,323.59,-41.83,-221.75,263.58,-362.96,-479.90,-585.77,-434.56,-289.35,-61.50
527,-116.93,205.64,322.58,-44.33,-219.73,264.11,-360.94,-478.89,-584.76,-436.58,-293.39,-67.51
528,-127.03,193.57,320.60,-33.27,-223.82,257.09,-356.91,-473.84,-582.74,-437.54,-292.38,-66.54
529,-138.09,178.43,316.52,-20.15,-227.28,247.47,-355.90,-469.85,-580.72,-436.58,-292.38,-66.54
530,-137.08,172.37,309.45,-17.65,-223.24,240.89,-351.86,-464.80,-574.67,-431.53,-287.33,-60.49
531,-136.07,165.35,301.42,-14.62,-218.72,233.39,-348.83,-460.76,-575.67,-433.55,-294.40,-68.52
532,-133.09,167.37,300.46,-17.12,-216.75,233.91,-342.77,-455.71,-572.65,-432.54,-295.41,-73.56
533,-133.09,167.37,300.46,-17.12,-216.75,233.91,-336.71,-447.63,-564.62,-425.47,-289.35,-66.54
534,-124.00,162.32,286.32,-19.14,-205.16,224.30,-339.74,-450.66,-564.62,-428.50,-296.42,-76.59
535,-109.87,166.36,276.23,-28.22,-193.05,221.27,-341.76,-447.63,-564.62,-429.51,-300.46,-85.68
536,-115.92,159.29,275.22,-21.68,-195.55,217.23,-329.69,-437.54,-556.54,-424.46,-295.41,-78.61
537,-118.95,152.22,271.18,-16.64,-195.06,211.70,-319.59,-433.55,-549.47,-420.42,-296.42,-83.66
538,-118.95,148.19,267.14,-14.62,-193.05,207.66,-318.59,-424.46,-543.41,-419.41,-298.44,-87.70
539,-124.00,141.12,265.12,-8.56,-194.54,203.09,-317.58,-425.47,-539.37,-419.41,-297.43,-85.68
540,-120.97,143.14,264.11,-11.06,-192.52,203.62,-312.53,-421.43,-533.36,-415.37,-294.40,-86.69
541,-125.01,137.08,262.09,-6.01,-193.53,199.58,-302.48,-409.31,-522.26,-408.30,-288.34,-82.65
542,-122.99,125.01,248.00,-1.01,-185.50,186.51,-296.42,-400.28,-516.20,-406.29,-287.33,-81.64
543,-116.93,125.01,241.94,-4.04,-179.44,183.48,-290.36,-393.21,-508.12,-402.29,-286.32,-80.63
544,-114.91,125.01,239.92,-5.05,-177.42,182.47,-285.31,-385.13,-499.08,-397.25,-286.32,-89.72
545,-112.89,114.91,227.81,-1.01,-170.35,171.36,-283.29,-377.05,-491.00,-394.22,-287.33,-95.78
546,-111.88,113.90,225.79,-1.01,-168.81,169.82,-272.19,-367.00,-479.90,-386.14,-280.26,-87.70
547,-104.82,113.90,218.72,-4.52,-161.74,166.31,-261.13,-355.90,-468.84,-381.09,-277.24,-85.68
548,-110.87,101.79,212.66,4.52,-161.74,157.23,-258.10,-347.82,-458.74,-375.03,-275.22,-85.68
549,-115.92,96.79,212.71,9.57,-164.29,154.72,-253.05,-335.75,-443.60,-363.97,-268.20,-83.66
550,-100.83,94.77,195.59,3.03,-148.19,145.16,-241.94,-323.63,-431.53,-353.88,-262.14,-78.61
551,-92.75,91.74,184.49,0.48,-138.62,138.09,-234.92,-315.56,-423.45,-347.82,-263.15,-88.71
552,-93.76,87.70,181.46,3.03,-137.61,134.58,-228.87,-308.49,-412.34,-337.72,-255.07,-82.65
553,-100.83,80.63,181.46,10.10,-141.12,131.02,-221.80,-299.45,-398.26,-325.65,-244.97,-75.58
554,-93.76,77.60,171.36,8.08,-132.56,124.48,-212.71,-289.35,-387.15,-319.59,-244.97,-83.66
555,-74.57,83.66,158.23,-4.52,-116.40,120.92,-200.64,-277.24,-374.02,-308.49,-239.92,-81.64
556,-83.66,71.54,155.21,6.06,-119.43,113.38,-191.56,-264.16,-359.94,-298.44,-233.91,-84.67
557,-87.70,60.49,148.19,13.61,-117.94,104.34,-184.49,-254.06,-349.84,-290.36,-226.85,-77.60
558,-85.68,55.44,141.12,15.10,-113.38,98.28,-176.41,-243.96,-337.72,-281.27,-220.79,-77.60
559,-89.72,49.38,139.10,20.15,-114.38,94.24,-175.40,-239.92,-327.67,-273.20,-215.74,-77.60
560,-91.74,40.29,132.03,25.72,-111.88,86.16,-170.35,-228.87,-317.58,-266.18,-211.70,-76.59
561,-86.69,42.31,129.00,22.17,-107.85,85.63,-154.24,-205.64,-297.43,-252.04,-203.62,-70.53
562,-73.56,52.41,125.97,10.58,-99.77,89.19,-146.17,-195.59,-283.29,-239.92,-194.58,-56.45
563,-68.52,44.33,112.85,12.07,-90.68,78.56,-148.19,-192.56,-277.24,-234.92,-191.56,-59.48
564,-66.54,42.31,108.86,12.12,-87.70,75.58,-142.13,-186.51,-267.19,-227.86,-190.55,-70.53
565,-68.52,33.27,101.79,17.60,-85.15,67.51,-134.10,-181.46,-256.08,-219.78,-186.51,-76.59
566,-60.49,38.27,98.76,11.11,-79.62,68.52,-118.95,-163.33,-235.89,-203.62,-170.35,-65.53
567,-56.45,37.26,93.71,9.57,-75.05,65.49,-110.87,-148.19,-223.82,-196.60,-165.35,-65.53
568,-56.45,23.18,79.62,16.64,-68.03,51.40,-107.85,-145.16,-218.77,-192.56,-165.35,-71.54
569,-52.41,21.16,73.56,15.63,-62.99,47.36,-100.83,-133.09,-200.64,-177.42,-151.22,-61.50
570,-58.47,13.08,71.54,22.69,-65.01,42.31,-95.78,-128.04,-188.53,-167.37,-144.15,-60.49
571,-55.44,7.02,62.46,24.18,-58.95,34.71,-90.73,-121.98,-178.43,-159.29,-136.07,-61.50
572,-52.41,6.01,58.42,23.18,-55.39,32.21,-84.67,-111.88,-166.36,-150.21,-127.03,-55.44
573,-52.41,10.05,62.46,21.16,-57.41,36.25,-72.55,-99.82,-156.26,-143.14,-125.01,-62.51
574,-48.37,5.00,53.37,21.68,-50.87,29.19,-65.53,-88.71,-146.17,-134.10,-119.96,-64.52
575,-33.27,14.09,47.36,9.57,-40.29,30.72,-63.52,-80.63,-133.09,-122.99,-111.88,-55.44
576,-31.25,12.07,43.32,9.57,-37.26,27.69,-57.46,-74.57,-121.98,-114.91,-105.83,-49.38
577,-33.27,1.97,35.24,15.63,-34.23,18.61,-54.43,-71.54,-113.90,-108.86,-102.80,-52.41
578,-32.26,11.06,43.32,10.58,-37.79,27.17,-44.33,-59.48,-99.82,-94.77,-91.74,-45.34
579,-39.28,-1.97,37.31,20.63,-38.32,17.65,-40.29,-52.41,-91.74,-90.73,-88.71,-45.34
580,-44.33,-8.03,36.30,26.16,-40.34,14.14,-38.27,-49.38,-87.70,-88.71,-90.73,-53.42
581,-37.26,-0.96,36.30,19.09,-36.78,17.65,-31.25,-41.30,-73.56,-76.59,-81.64,-45.34
582,-27.21,-1.97,25.24,14.57,-26.25,11.64,-29.23,-37.26,-66.54,-73.56,-81.64,-43.32
583,-30.24,-3.99,26.25,17.12,-28.27,11.11,-25.19,-31.25,-58.47,-67.51,-78.61,-44.33
584,-21.16,0.00,21.16,10.58,-21.16,10.58,-23.18,-27.21,-49.38,-61.50,-69.53,-40.29
585,-14.09,-1.97,12.12,8.03,-13.13,5.05,-17.12,-19.14,-40.29,-54.43,-62.51,-35.24
586,-17.12,-3.99,13.13,10.53,-15.15,4.57,-12.07,-12.07,-30.24,-45.34,-60.49,-39.28
587,-13.08,-3.99,9.09,8.51,-11.11,2.55,-9.04,-10.05,-26.20,-43.32,-61.50,-41.30
588,-18.13,-11.06,7.07,14.57,-12.60,-2.02,-6.01,-2.98,-19.14,-37.26,-55.44,-41.30
589,-18.13,-1.97,16.16,10.05,-17.16,7.07,-2.98,2.98,-10.05,-27.21,-44.33,-39.28
590,-21.16,-12.07,9.09,16.59,-15.15,-1.49,1.97,8.03,-5.00,-22.17,-42.31,-25.19
591,-19.14,-26.20,-7.07,22.65,-6.06,-16.64,2.98,12.07,1.97,-18.13,-45.34,-25.19
592,-14.09,-20.15,-6.06,17.12,-4.04,-13.13,7.02,17.12,11.06,-11.06,-38.27,-26.20
593,-12.07,-19.14,-7.07,15.58,-2.50,-13.13,9.04,21.16,18.13,-8.03,-33.27,-24.18
594,-11.06,-24.18,-13.13,17.60,1.01,-18.66,13.08,24.18,23.18,-3.99,-32.26,-30.24
595,-15.10,-21.16,-6.06,18.13,-4.52,-13.61,19.14,31.25,29.23,2.98,-25.19,-23.18
596,-12.07,-21.16,-9.09,16.59,-1.49,-15.15,19.14,37.26,38.27,12.07,-19.14,-21.16
597,-9.04,-27.21,-18.17,18.13,4.57,-22.69,19.14,39.28,41.30,13.08,-18.13,-26.20
598,-9.04,-22.17,-13.13,15.58,2.02,-17.65,20.15,39.28,48.37,21.16,-12.07,-20.15
599,-16.11,-28.22,-12.12,22.17,-2.02,-20.19,21.16,35.24,51.40,24.18,-10.05,-24.18
600,-17.12,-32.26,-15.15,24.67,-1.01,-23.70,23.18,42.31,52.41,25.19,-9.04,-22.17
601,-0.96,-16.11,-15.15,8.51,7.07,-15.63,32.26,56.45,65.53,37.26,-0.96,-22.17
602,2.98,-12.07,-15.05,4.52,8.99,-13.56,38.27,60.49,72.55,42.31,3.99,-17.12
603,2.98,-12.07,-15.05,4.52,8.99,-13.56,36.25,58.47,77.60,48.37,9.04,-6.01
604,9.04,-3.99,-13.03,-2.50,11.01,-8.51,36.25,61.50,77.60,48.37,5.00,-21.16
605,12.07,-10.05,-22.12,-1.01,17.07,-16.06,41.30,68.52,82.65,53.42,11.06,-17.12
606,10.05,-6.01,-16.06,-2.02,13.03,-11.01,46.35,73.56,91.74,60.49,21.16,-2.98
607,5.00,-13.08,-18.08,4.04,11.54,-15.58,44.33,71.54,89.72,56.45,18.13,-10.05
608,9.04,-27.21,-36.25,9.09,22.65,-31.73,40.29,68.52,91.74,57.46,15.10,-16.11
609,10.05,-22.17,-32.21,6.06,21.11,-27.17,42.31,73.56,95.78,61.50,18.13,-13.08
610,13.08,-26.20,-39.28,6.54,26.16,-32.74,47.36,78.61,100.83,64.52,21.16,-13.08
611,12.07,-30.24,-42.31,9.09,27.17,-36.25,48.37,79.62,103.81,66.54,22.17,-10.05
612,-1.97,-30.24,-28.27,16.11,13.13,-29.28,47.36,78.61,108.86,69.53,26.20,-3.99
613,6.01,-24.18,-30.19,9.09,18.08,-27.17,49.38,79.62,113.90,71.54,27.21,-5.00
614,12.07,-22.17,-34.23,5.05,23.13,-28.18,48.37,79.62,113.90,70.53,22.17,-10.05
615,14.09,-19.14,-33.22,2.50,23.66,-26.16,51.40,83.66,117.94,75.58,25.19,-9.04
616,16.11,-23.18,-39.28,3.51,27.69,-31.20,50.39,86.69,119.96,77.60,29.23,-7.02
617,6.01,-34.23,-40.24,14.09,23.13,-37.21,54.43,87.70,122.99,78.61,29.23,-7.02
618,8.03,-29.23,-37.26,10.58,22.65,-33.22,57.46,90.73,126.02,82.65,33.27,-2.98
619,7.02,-26.20,-33.22,9.57,20.10,-29.71,55.44,89.72,126.02,83.66,33.27,-5.00
620,3.99,-26.20,-30.19,11.11,17.07,-28.18,62.51,96.79,131.07,87.70,37.26,-1.97
621,7.02,-20.15,-27.17,6.54,17.07,-23.66,63.52,95.78,134.10,90.73,40.29,0.96
622,10.05,-19.14,-29.19,4.52,19.62,-24.14,65.53,97.80,136.07,91.74,44.33,6.01
623,12.07,-21.16,-33.22,4.52,22.65,-27.17,64.52,98.81,140.11,94.77,45.34,5.00
624,8.03,-20.15,-28.18,6.06,18.08,-24.14,61.50,91.74,139.10,94.77,42.31,-6.01
625,9.04,-24.18,-33.22,7.55,21.11,-28.70,67.51,101.79,141.12,95.78,45.34,-1.97
626,11.06,-25.19,-36.25,7.07,23.66,-30.72,65.53,100.83,141.12,93.76,44.33,-2.98
627,2.98,-22.17,-25.15,9.57,14.04,-23.66,61.50,98.81,141.12,97.80,47.36,0.00
628,12.07,-24.18,-36.25,6.06,24.14,-30.19,66.54,103.81,148.19,101.79,50.39,0.00
629,18.13,-22.17,-40.29,2.02,29.19,-31.20,69.53,107.85,150.21,101.79,48.37,-6.01
630,14.09,-24.18,-38.27,5.05,26.16,-31.20,67.51,106.84,151.22,106.84,54.43,2.98
631,18.13,-28.22,-46.35,5.05,32.21,-37.26,67.51,102.80,149.20,106.84,56.45,1.97
632,13.08,-21.16,-34.23,4.04,23.66,-27.69,72.55,106.84,153.23,107.85,59.48,-0.96
633,7.02,-19.14,-26.16,6.06,16.59,-22.65,79.62,110.87,157.27,110.87,60.49,0.00
634,15.10,-20.15,-35.24,2.50,25.15,-27.69,75.58,106.84,155.25,112.89,60.49,1.97
635,26.20,-14.09,-40.29,-6.06,33.22,-27.17,70.53,103.81,158.28,113.90,62.51,3.99
636,19.14,-26.20,-45.34,3.51,32.21,-35.77,77.60,108.86,158.28,112.89,58.47,-3.99
637,8.03,-38.27,-46.30,15.10,27.17,-42.26,72.55,105.83,158.28,112.89,60.49,-1.97
638,2.98,-37.26,-40.24,17.12,21.59,-38.75,70.53,104.82,158.28,112.89,59.48,-1.97
639,8.03,-37.26,-45.29,14.62,26.64,-41.25,68.52,106.84,160.30,111.88,60.49,0.96
640,11.06,-27.21,-38.27,8.08,24.67,-32.74,63.52,104.82,161.31,115.92,64.52,12.07
641,23.18,-19.14,-42.31,-2.02,32.74,-30.72,72.55,111.88,160.30,114.91,60.49,3.99
642,26.20,-21.16,-47.36,-2.50,36.78,-34.23,73.56,109.87,161.31,112.89,59.48,0.96
643,0.00,0.00,0.00,0.00,0.00,0.00,0.00,0.00,0.00,0.00,0.00,0.00
644,0.00,0.00,0.00,0.00,0.00,0.00,0.00,0.00,0.00,0.00,0.00,0.00
645,0.00,0.00,0.00,0.00,0.00,0.00,0.00,0.00,0.00,0.00,0.00,0.00
646,0.00,0.00,0.00,0.00,0.00,0.00,0.00,0.00,0.00,0.00,0.00,0.00
647,0.00,0.00,0.00,0.00,0.00,0.00,0.00,0.00,0.00,0.00,0.00,0.00
648,0.00,0.00,0.00,0.00,0.00,0.00,0.00,0.00,0.00,0.00,0.00,0.00
649,0.00,0.00,0.00,0.00,0.00,0.00,0.00,0.00,0.00,0.00,0.00,0.00
650,0.00,0.00,0.00,0.00,0.00,0.00,0.00,0.00,0.00,0.00,0.00,0.00
651,0.00,0.00,0.00,0.00,0.00,0.00,0.00,0.00,0.00,0.00,0.00,0.00
652,0.00,0.00,0.00,0.00,0.00,0.00,0.00,0.00,0.00,0.00,0.00,0.00
653,0.00,0.00,0.00,0.00,0.00,0.00,0.00,0.00,0.00,0.00,0.00,0.00
654,0.00,0.00,0.00,0.00,0.00,0.00,0.00,0.00,0.00,0.00,0.00,0.00
655,0.00,0.00,0.00,0.00,0.00,0.00,0.00,0.00,0.00,0.00,0.00,0.00
656,0.00,0.00,0.00,0.00,0.00,0.00,0.00,0.00,0.00,0.00,0.00,0.00
657,0.00,0.00,0.00,0.00,0.00,0.00,0.00,0.00,0.00,0.00,0.00,0.00
658,0.00,0.00,0.00,0.00,0.00,0.00,0.00,0.00,0.00,0.00,0.00,0.00
659,0.00,0.00,0.00,0.00,0.00,0.00,0.00,0.00,0.00,0.00,0.00,0.00
660,0.00,0.00,0.00,0.00,0.00,0.00,0.00,0.00,0.00,0.00,0.00,0.00
661,0.00,0.00,0.00,0.00,0.00,0.00,0.00,0.00,0.00,0.00,0.00,0.00
662,0.00,0.00,0.00,0.00,0.00,0.00,0.00,0.00,0.00,0.00,0.00,0.00
663,0.00,0.00,0.00,0.00,0.00,0.00,0.00,0.00,0.00,0.00,0.00,0.00
664,0.00,0.00,0.00,0.00,0.00,0.00,0.00,0.00,0.00,0.00,0.00,0.00
665,0.00,0.00,0.00,0.00,0.00,0.00,0.00,0.00,0.00,0.00,0.00,0.00
666,0.00,0.00,0.00,0.00,0.00,0.00,0.00,0.00,0.00,0.00,0.00,0.00
667,0.00,0.00,0.00,0.00,0.00,0.00,0.00,0.00,0.00,0.00,0.00,0.00
668,0.00,0.00,0.00,0.00,0.00,0.00,0.00,0.00,0.00,0.00,0.00,0.00
669,0.00,0.00,0.00,0.00,0.00,0.00,0.00,0.00,0.00,0.00,0.00,0.00
670,0.00,0.00,0.00,0.00,0.00,0.00,0.00,0.00,0.00,0.00,0.00,0.00
671,0.00,0.00,0.00,0.00,0.00,0.00,0.00,0.00,0.00,0.00,0.00,0.00
672,0.00,0.00,0.00,0.00,0.00,0.00,0.00,0.00,0.00,0.00,0.00,0.00
673,0.00,0.00,0.00,0.00,0.00,0.00,0.00,0.00,0.00,0.00,0.00,0.00
674,0.00,0.00,0.00,0.00,0.00,0.00,0.00,0.00,0.00,0.00,0.00,0.00
675,0.00,0.00,0.00,0.00,0.00,0.00,0.00,0.00,0.00,0.00,0.00,0.00
676,0.00,0.00,0.00,0.00,0.00,0.00,0.00,0.00,0.00,0.00,0.00,0.00
677,0.00,0.00,0.00,0.00,0.00,0.00,0.00,0.00,0.00,0.00,0.00,0.00
678,0.00,0.00,0.00,0.00,0.00,0.00,0.00,0.00,0.00,0.00,0.00,0.00
679,0.00,0.00,0.00,0.00,0.00,0.00,0.00,0.00,0.00,0.00,0.00,0.00
680,0.00,0.00,0.00,0.00,0.00,0.00,0.00,0.00,0.00,0.00,0.00,0.00
681,0.00,0.00,0.00,0.00,0.00,0.00,0.00,0.00,0.00,0.00,0.00,0.00
682,0.00,0.00,0.00,0.00,0.00,0.00,0.00,0.00,0.00,0.00,0.00,0.00
683,0.00,0.00,0.00,0.00,0.00,0.00,0.00,0.00,0.00,0.00,0.00,0.00
684,0.00,0.00,0.00,0.00,0.00,0.00,0.00,0.00,0.00,0.00,0.00,0.00
685,0.00,0.00,0.00,0.00,0.00,0.00,0.00,0.00,0.00,0.00,0.00,0.00
686,0.00,0.00,0.00,0.00,0.00,0.00,0.00,0.00,0.00,0.00,0.00,0.00
687,0.00,0.00,0.00,0.00,0.00,0.00,0.00,0.00,0.00,0.00,0.00,0.00
688,0.00,0.00,0.00,0.00,0.00,0.00,0.00,0.00,0.00,0.00,0.00,0.00
689,0.00,0.00,0.00,0.00,0.00,0.00,0.00,0.00,0.00,0.00,0.00,0.00
690,0.00,0.00,0.00,0.00,0.00,0.00,0.00,0.00,0.00,0.00,0.00,0.00
691,0.00,0.00,0.00,0.00,0.00,0.00,0.00,0.00,0.00,0.00,0.00,0.00
692,0.00,0.00,0.00,0.00,0.00,0.00,0.00,0.00,0.00,0.00,0.00,0.00
693,0.00,0.00,0.00,0.00,0.00,0.00,0.00,0.00,0.00,0.00,0.00,0.00
694,0.00,0.00,0.00,0.00,0.00,0.00,0.00,0.00,0.00,0.00,0.00,0.00
695,0.00,0.00,0.00,0.00,0.00,0.00,0.00,0.00,0.00,0.00,0.00,0.00
696,0.00,0.00,0.00,0.00,0.00,0.00,0.00,0.00,0.00,0.00,0.00,0.00
697,0.00,0.00,0.00,0.00,0.00,0.00,0.00,0.00,0.00,0.00,0.00,0.00
698,0.00,0.00,0.00,0.00,0.00,0.00,0.00,0.00,0.00,0.00,0.00,0.00
699,0.00,0.00,0.00,0.00,0.00,0.00,0.00,0.00,0.00,0.00,0.00,0.00
700,0.00,0.00,0.00,0.00,0.00,0.00,0.00,0.00,0.00,0.00,0.00,0.00
701,0.00,0.00,0.00,0.00,0.00,0.00,0.00,0.00,0.00,0.00,0.00,0.00
702,0.00,0.00,0.00,0.00,0.00,0.00,0.00,0.00,0.00,0.00,0.00,0.00
703,0.00,0.00,0.00,0.00,0.00,0.00,0.00,0.00,0.00,0.00,0.00,0.00
704,0.00,0.00,0.00,0.00,0.00,0.00,0.00,0.00,0.00,0.00,0.00,0.00
705,0.00,0.00,0.00,0.00,0.00,0.00,0.00,0.00,0.00,0.00,0.00,0.00
706,0.00,0.00,0.00,0.00,0.00,0.00,0.00,0.00,0.00,0.00,0.00,0.00
707,0.00,0.00,0.00,0.00,0.00,0.00,0.00,0.00,0.00,0.00,0.00,0.00
708,0.00,0.00,0.00,0.00,0.00,0.00,0.00,0.00,0.00,0.00,0.00,0.00
709,0.00,0.00,0.00,0.00,0.00,0.00,0.00,0.00,0.00,0.00,0.00,0.00
710,0.00,0.00,0.00,0.00,0.00,0.00,0.00,0.00,0.00,0.00,0.00,0.00
711,0.00,0.00,0.00,0.00,0.00,0.00,0.00,0.00,0.00,0.00,0.00,0.00
712,0.00,0.00,0.00,0.00,0.00,0.00,0.00,0.00,0.00,0.00,0.00,0.00
713,0.00,0.00,0.00,0.00,0.00,0.00,0.00,0.00,0.00,0.00,0.00,0.00
714,0.00,0.00,0.00,0.00,0.00,0.00,0.00,0.00,0.00,0.00,0.00,0.00
715,0.00,0.00,0.00,0.00,0.00,0.00,0.00,0.00,0.00,0.00,0.00,0.00
716,0.00,0.00,0.00,0.00,0.00,0.00,0.00,0.00,0.00,0.00,0.00,0.00
717,0.00,0.00,0.00,0.00,0.00,0.00,0.00,0.00,0.00,0.00,0.00,0.00
718,0.00,0.00,0.00,0.00,0.00,0.00,0.00,0.00,0.00,0.00,0.00,0.00
719,0.00,0.00,0.00,0.00,0.00,0.00,0.00,0.00,0.00,0.00,0.00,0.00
720,0.00,0.00,0.00,0.00,0.00,0.00,0.00,0.00,0.00,0.00,0.00,0.00
721,0.00,0.00,0.00,0.00,0.00,0.00,0.00,0.00,0.00,0.00,0.00,0.00
722,0.00,0.00,0.00,0.00,0.00,0.00,0.00,0.00,0.00,0.00,0.00,0.00
723,0.00,0.00,0.00,0.00,0.00,0.00,0.00,0.00,0.00,0.00,0.00,0.00
724,0.00,0.00,0.00,0.00,0.00,0.00,0.00,0.00,0.00,0.00,0.00,0.00
725,0.00,0.00,0.00,0.00,0.00,0.00,0.00,0.00,0.00,0.00,0.00,0.00
726,0.00,0.00,0.00,0.00,0.00,0.00,0.00,0.00,0.00,0.00,0.00,0.00
727,0.00,0.00,0.00,0.00,0.00,0.00,0.00,0.00,0.00,0.00,0.00,0.00
728,0.00,0.00,0.00,0.00,0.00,0.00,0.00,0.00,0.00,0.00,0.00,0.00
729,0.00,0.00,0.00,0.00,0.00,0.00,0.00,0.00,0.00,0.00,0.00,0.00
730,0.00,0.00,0.00,0.00,0.00,0.00,0.00,0.00,0.00,0.00,0.00,0.00
731,0.00,0.00,0.00,0.00,0.00,0.00,0.00,0.00,0.00,0.00,0.00,0.00
732,0.00,0.00,0.00,0.00,0.00,0.00,0.00,0.00,0.00,0.00,0.00,0.00
733,0.00,0.00,0.00,0.00,0.00,0.00,0.00,0.00,0.00,0.00,0.00,0.00
734,0.00,0.00,0.00,0.00,0.00,0.00,0.00,0.00,0.00,0.00,0.00,0.00
735,0.00,0.00,0.00,0.00,0.00,0.00,0.00,0.00,0.00,0.00,0.00,0.00
736,0.00,0.00,0.00,0.00,0.00,0.00,0.00,0.00,0.00,0.00,0.00,0.00
737,0.00,0.00,0.00,0.00,0.00,0.00,0.00,0.00,0.00,0.00,0.00,0.00
738,0.00,0.00,0.00,0.00,0.00,0.00,0.00,0.00,0.00,0.00,0.00,0.00
739,0.00,0.00,0.00,0.00,0.00,0.00,0.00,0.00,0.00,0.00,0.00,0.00
740,0.00,0.00,0.00,0.00,0.00,0.00,0.00,0.00,0.00,0.00,0.00,0.00
741,0.00,0.00,0.00,0.00,0.00,0.00,0.00,0.00,0.00,0.00,0.00,0.00
742,0.00,0.00,0.00,0.00,0.00,0.00,0.00,0.00,0.00,0.00,0.00,0.00
743,0.00,0.00,0.00,0.00,0.00,0.00,0.00,0.00,0.00,0.00,0.00,0.00
744,0.00,0.00,0.00,0.00,0.00,0.00,0.00,0.00,0.00,0.00,0.00,0.00
745,0.00,0.00,0.00,0.00,0.00,0.00,0.00,0.00,0.00,0.00,0.00,0.00
746,0.00,0.00,0.00,0.00,0.00,0.00,0.00,0.00,0.00,0.00,0.00,0.00
747,0.00,0.00,0.00,0.00,0.00,0.00,0.00,0.00,0.00,0.00,0.00,0.00
748,0.00,0.00,0.00,0.00,0.00,0.00,0.00,0.00,0.00,0.00,0.00,0.00
749,0.00,0.00,0.00,0.00,0.00,0.00,0.00,0.00,0.00,0.00,0.00,0.00
750,0.00,0.00,0.00,0.00,0.00,0.00,0.00,0.00,0.00,0.00,0.00,0.00
751,0.00,0.00,0.00,0.00,0.00,0.00,0.00,0.00,0.00,0.00,0.00,0.00
752,0.00,0.00,0.00,0.00,0.00,0.00,0.00,0.00,0.00,0.00,0.00,0.00
753,0.00,0.00,0.00,0.00,0.00,0.00,0.00,0.00,0.00,0.00,0.00,0.00
754,0.00,0.00,0.00,0.00,0.00,0.00,0.00,0.00,0.00,0.00,0.00,0.00
755,0.00,0.00,0.00,0.00,0.00,0.00,0.00,0.00,0.00,0.00,0.00,0.00
756,0.00,0.00,0.00,0.00,0.00,0.00,0.00,0.00,0.00,0.00,0.00,0.00
757,0.00,0.00,0.00,0.00,0.00,0.00,0.00,0.00,0.00,0.00,0.00,0.00
758,0.00,0.00,0.00,0.00,0.00,0.00,0.00,0.00,0.00,0.00,0.00,0.00
759,0.00,0.00,0.00,0.00,0.00,0.00,0.00,0.00,0.00,0.00,0.00,0.00
760,0.00,0.00,0.00,0.00,0.00,0.00,0.00,0.00,0.00,0.00,0.00,0.00
761,0.00,0.00,0.00,0.00,0.00,0.00,0.00,0.00,0.00,0.00,0.00,0.00
762,0.00,0.00,0.00,0.00,0.00,0.00,0.00,0.00,0.00,0.00,0.00,0.00
763,0.00,0.00,0.00,0.00,0.00,0.00,0.00,0.00,0.00,0.00,0.00,0.00
764,0.00,0.00,0.00,0.00,0.00,0.00,0.00,0.00,0.00,0.00,0.00,0.00
765,0.00,0.00,0.00,0.00,0.00,0.00,0.00,0.00,0.00,0.00,0.00,0.00
766,0.00,0.00,0.00,0.00,0.00,0.00,0.00,0.00,0.00,0.00,0.00,0.00
767,0.00,0.00,0.00,0.00,0.00,0.00,0.00,0.00,0.00,0.00,0.00,0.00
768,0.00,0.00,0.00,0.00,0.00,0.00,0.00,0.00,0.00,0.00,0.00,0.00
769,0.00,0.00,0.00,0.00,0.00,0.00,0.00,0.00,0.00,0.00,0.00,0.00
770,0.00,0.00,0.00,0.00,0.00,0.00,0.00,0.00,0.00,0.00,0.00,0.00
771,0.00,0.00,0.00,0.00,0.00,0.00,0.00,0.00,0.00,0.00,0.00,0.00
772,0.00,0.00,0.00,0.00,0.00,0.00,0.00,0.00,0.00,0.00,0.00,0.00
773,0.00,0.00,0.00,0.00,0.00,0.00,0.00,0.00,0.00,0.00,0.00,0.00
774,0.00,0.00,0.00,0.00,0.00,0.00,0.00,0.00,0.00,0.00,0.00,0.00
775,0.00,0.00,0.00,0.00,0.00,0.00,0.00,0.00,0.00,0.00,0.00,0.00
776,0.00,0.00,0.00,0.00,0.00,0.00,0.00,0.00,0.00,0.00,0.00,0.00
777,0.00,0.00,0.00,0.00,0.00,0.00,0.00,0.00,0.00,0.00,0.00,0.00
778,0.00,0.00,0.00,0.00,0.00,0.00,0.00,0.00,0.00,0.00,0.00,0.00
779,0.00,0.00,0.00,0.00,0.00,0.00,0.00,0.00,0.00,0.00,0.00,0.00
780,0.00,0.00,0.00,0.00,0.00,0.00,0.00,0.00,0.00,0.00,0.00,0.00
781,0.00,0.00,0.00,0.00,0.00,0.00,0.00,0.00,0.00,0.00,0.00,0.00
782,0.00,0.00,0.00,0.00,0.00,0.00,0.00,0.00,0.00,0.00,0.00,0.00
783,0.00,0.00,0.00,0.00,0.00,0.00,0.00,0.00,0.00,0.00,0.00,0.00
784,0.00,0.00,0.00,0.00,0.00,0.00,0.00,0.00,0.00,0.00,0.00,0.00
785,0.00,0.00,0.00,0.00,0.00,0.00,0.00,0.00,0.00,0.00,0.00,0.00
786,0.00,0.00,0.00,0.00,0.00,0.00,0.00,0.00,0.00,0.00,0.00,0.00
787,0.00,0.00,0.00,0.00,0.00,0.00,0.00,0.00,0.00,0.00,0.00,0.00
788,0.00,0.00,0.00,0.00,0.00,0.00,0.00,0.00,0.00,0.00,0.00,0.00
789,0.00,0.00,0.00,0.00,0.00,0.00,0.00,0.00,0.00,0.00,0.00,0.00
790,0.00,0.00,0.00,0.00,0.00,0.00,0.00,0.00,0.00,0.00,0.00,0.00
791,0.00,0.00,0.00,0.00,0.00,0.00,0.00,0.00,0.00,0.00,0.00,0.00
792,0.00,0.00,0.00,0.00,0.00,0.00,0.00,0.00,0.00,0.00,0.00,0.00
793,0.00,0.00,0.00,0.00,0.00,0.00,0.00,0.00,0.00,0.00,0.00,0.00
794,0.00,0.00,0.00,0.00,0.00,0.00,0.00,0.00,0.00,0.00,0.00,0.00
795,0.00,0.00,0.00,0.00,0.00,0.00,0.00,0.00,0.00,0.00,0.00,0.00
796,0.00,0.00,0.00,0.00,0.00,0.00,0.00,0.00,0.00,0.00,0.00,0.00
797,0.00,0.00,0.00,0.00,0.00,0.00,0.00,0.00,0.00,0.00,0.00,0.00
798,0.00,0.00,0.00,0.00,0.00,0.00,0.00,0.00,0.00,0.00,0.00,0.00
799,0.00,0.00,0.00,0.00,0.00,0.00,0.00,0.00,0.00,0.00,0.00,0.00
800,0.00,0.00,0.00,0.00,0.00,0.00,0.00,0.00,0.00,0.00,0.00,0.00
801,0.00,0.00,0.00,0.00,0.00,0.00,0.00,0.00,0.00,0.00,0.00,0.00
802,0.00,0.00,0.00,0.00,0.00,0.00,0.00,0.00,0.00,0.00,0.00,0.00
803,0.00,0.00,0.00,0.00,0.00,0.00,0.00,0.00,0.00,0.00,0.00,0.00
804,0.00,0.00,0.00,0.00,0.00,0.00,0.00,0.00,0.00,0.00,0.00,0.00
805,0.00,0.00,0.00,0.00,0.00,0.00,0.00,0.00,0.00,0.00,0.00,0.00
806,0.00,0.00,0.00,0.00,0.00,0.00,0.00,0.00,0.00,0.00,0.00,0.00
807,0.00,0.00,0.00,0.00,0.00,0.00,0.00,0.00,0.00,0.00,0.00,0.00
808,0.00,0.00,0.00,0.00,0.00,0.00,0.00,0.00,0.00,0.00,0.00,0.00
809,0.00,0.00,0.00,0.00,0.00,0.00,0.00,0.00,0.00,0.00,0.00,0.00
810,0.00,0.00,0.00,0.00,0.00,0.00,0.00,0.00,0.00,0.00,0.00,0.00
811,0.00,0.00,0.00,0.00,0.00,0.00,0.00,0.00,0.00,0.00,0.00,0.00
812,0.00,0.00,0.00,0.00,0.00,0.00,0.00,0.00,0.00,0.00,0.00,0.00
813,0.00,0.00,0.00,0.00,0.00,0.00,0.00,0.00,0.00,0.00,0.00,0.00
814,0.00,0.00,0.00,0.00,0.00,0.00,0.00,0.00,0.00,0.00,0.00,0.00
815,0.00,0.00,0.00,0.00,0.00,0.00,0.00,0.00,0.00,0.00,0.00,0.00
816,0.00,0.00,0.00,0.00,0.00,0.00,0.00,0.00,0.00,0.00,0.00,0.00
817,0.00,0.00,0.00,0.00,0.00,0.00,0.00,0.00,0.00,0.00,0.00,0.00
818,0.00,0.00,0.00,0.00,0.00,0.00,0.00,0.00,0.00,0.00,0.00,0.00
819,0.00,0.00,0.00,0.00,0.00,0.00,0.00,0.00,0.00,0.00,0.00,0.00
820,0.00,0.00,0.00,0.00,0.00,0.00,0.00,0.00,0.00,0.00,0.00,0.00
821,0.00,0.00,0.00,0.00,0.00,0.00,0.00,0.00,0.00,0.00,0.00,0.00
822,0.00,0.00,0.00,0.00,0.00,0.00,0.00,0.00,0.00,0.00,0.00,0.00
823,0.00,0.00,0.00,0.00,0.00,0.00,0.00,0.00,0.00,0.00,0.00,0.00
824,0.00,0.00,0.00,0.00,0.00,0.00,0.00,0.00,0.00,0.00,0.00,0.00
825,0.00,0.00,0.00,0.00,0.00,0.00,0.00,0.00,0.00,0.00,0.00,0.00
826,0.00,0.00,0.00,0.00,0.00,0.00,0.00,0.00,0.00,0.00,0.00,0.00
827,0.00,0.00,0.00,0.00,0.00,0.00,0.00,0.00,0.00,0.00,0.00,0.00
828,0.00,0.00,0.00,0.00,0.00,0.00,0.00,0.00,0.00,0.00,0.00,0.00
829,0.00,0.00,0.00,0.00,0.00,0.00,0.00,0.00,0.00,0.00,0.00,0.00
830,0.00,0.00,0.00,0.00,0.00,0.00,0.00,0.00,0.00,0.00,0.00,0.00
831,0.00,0.00,0.00,0.00,0.00,0.00,0.00,0.00,0.00,0.00,0.00,0.00
832,0.00,0.00,0.00,0.00,0.00,0.00,0.00,0.00,0.00,0.00,0.00,0.00
833,0.00,0.00,0.00,0.00,0.00,0.00,0.00,0.00,0.00,0.00,0.00,0.00
834,0.00,0.00,0.00,0.00,0.00,0.00,0.00,0.00,0.00,0.00,0.00,0.00
835,0.00,0.00,0.00,0.00,0.00,0.00,0.00,0.00,0.00,0.00,0.00,0.00
836,0.00,0.00,0.00,0.00,0.00,0.00,0.00,0.00,0.00,0.00,0.00,0.00
837,0.00,0.00,0.00,0.00,0.00,0.00,0.00,0.00,0.00,0.00,0.00,0.00
838,0.00,0.00,0.00,0.00,0.00,0.00,0.00,0.00,0.00,0.00,0.00,0.00
839,0.00,0.00,0.00,0.00,0.00,0.00,0.00,0.00,0.00,0.00,0.00,0.00
840,0.00,0.00,0.00,0.00,0.00,0.00,0.00,0.00,0.00,0.00,0.00,0.00
841,0.00,0.00,0.00,0.00,0.00,0.00,0.00,0.00,0.00,0.00,0.00,0.00
842,0.00,0.00,0.00,0.00,0.00,0.00,0.00,0.00,0.00,0.00,0.00,0.00
843,0.00,0.00,0.00,0.00,0.00,0.00,0.00,0.00,0.00,0.00,0.00,0.00
844,0.00,0.00,0.00,0.00,0.00,0.00,0.00,0.00,0.00,0.00,0.00,0.00
845,0.00,0.00,0.00,0.00,0.00,0.00,0.00,0.00,0.00,0.00,0.00,0.00
846,0.00,0.00,0.00,0.00,0.00,0.00,0.00,0.00,0.00,0.00,0.00,0.00
847,0.00,0.00,0.00,0.00,0.00,0.00,0.00,0.00,0.00,0.00,0.00,0.00
848,0.00,0.00,0.00,0.00,0.00,0.00,0.00,0.00,0.00,0.00,0.00,0.00
849,0.00,0.00,0.00,0.00,0.00,0.00,0.00,0.00,0.00,0.00,0.00,0.00
850,0.00,0.00,0.00,0.00,0.00,0.00,0.00,0.00,0.00,0.00,0.00,0.00
851,0.00,0.00,0.00,0.00,0.00,0.00,0.00,0.00,0.00,0.00,0.00,0.00
852,0.00,0.00,0.00,0.00,0.00,0.00,0.00,0.00,0.00,0.00,0.00,0.00
853,0.00,0.00,0.00,0.00,0.00,0.00,0.00,0.00,0.00,0.00,0.00,0.00
854,0.00,0.00,0.00,0.00,0.00,0.00,0.00,0.00,0.00,0.00,0.00,0.00
855,0.00,0.00,0.00,0.00,0.00,0.00,0.00,0.00,0.00,0.00,0.00,0.00
856,0.00,0.00,0.00,0.00,0.00,0.00,0.00,0.00,0.00,0.00,0.00,0.00
857,0.00,0.00,0.00,0.00,0.00,0.00,0.00,0.00,0.00,0.00,0.00,0.00
858,0.00,0.00,0.00,0.00,0.00,0.00,0.00,0.00,0.00,0.00,0.00,0.00
859,0.00,0.00,0.00,0.00,0.00,0.00,0.00,0.00,0.00,0.00,0.00,0.00
860,0.00,0.00,0.00,0.00,0.00,0.00,0.00,0.00,0.00,0.00,0.00,0.00
861,0.00,0.00,0.00,0.00,0.00,0.00,0.00,0.00,0.00,0.00,0.00,0.00
862,0.00,0.00,0.00,0.00,0.00,0.00,0.00,0.00,0.00,0.00,0.00,0.00
863,0.00,0.00,0.00,0.00,0.00,0.00,0.00,0.00,0.00,0.00,0.00,0.00
864,0.00,0.00,0.00,0.00,0.00,0.00,0.00,0.00,0.00,0.00,0.00,0.00
865,0.00,0.00,0.00,0.00,0.00,0.00,0.00,0.00,0.00,0.00,0.00,0.00
866,0.00,0.00,0.00,0.00,0.00,0.00,0.00,0.00,0.00,0.00,0.00,0.00
867,0.00,0.00,0.00,0.00,0.00,0.00,0.00,0.00,0.00,0.00,0.00,0.00
868,0.00,0.00,0.00,0.00,0.00,0.00,0.00,0.00,0.00,0.00,0.00,0.00
869,0.00,0.00,0.00,0.00,0.00,0.00,0.00,0.00,0.00,0.00,0.00,0.00
870,0.00,0.00,0.00,0.00,0.00,0.00,0.00,0.00,0.00,0.00,0.00,0.00
871,0.00,0.00,0.00,0.00,0.00,0.00,0.00,0.00,0.00,0.00,0.00,0.00
872,0.00,0.00,0.00,0.00,0.00,0.00,0.00,0.00,0.00,0.00,0.00,0.00
873,0.00,0.00,0.00,0.00,0.00,0.00,0.00,0.00,0.00,0.00,0.00,0.00
874,0.00,0.00,0.00,0.00,0.00,0.00,0.00,0.00,0.00,0.00,0.00,0.00
875,0.00,0.00,0.00,0.00,0.00,0.00,0.00,0.00,0.00,0.00,0.00,0.00
876,0.00,0.00,0.00,0.00,0.00,0.00,0.00,0.00,0.00,0.00,0.00,0.00
877,0.00,0.00,0.00,0.00,0.00,0.00,0.00,0.00,0.00,0.00,0.00,0.00
878,0.00,0.00,0.00,0.00,0.00,0.00,0.00,0.00,0.00,0.00,0.00,0.00
879,0.00,0.00,0.00,0.00,0.00,0.00,0.00,0.00,0.00,0.00,0.00,0.00
880,0.00,0.00,0.00,0.00,0.00,0.00,0.00,0.00,0.00,0.00,0.00,0.00
881,0.00,0.00,0.00,0.00,0.00,0.00,0.00,0.00,0.00,0.00,0.00,0.00
882,0.00,0.00,0.00,0.00,0.00,0.00,0.00,0.00,0.00,0.00,0.00,0.00
883,0.00,0.00,0.00,0.00,0.00,0.00,0.00,0.00,0.00,0.00,0.00,0.00
884,0.00,0.00,0.00,0.00,0.00,0.00,0.00,0.00,0.00,0.00,0.00,0.00
885,0.00,0.00,0.00,0.00,0.00,0.00,0.00,0.00,0.00,0.00,0.00,0.00
886,0.00,0.00,0.00,0.00,0.00,0.00,0.00,0.00,0.00,0.00,0.00,0.00
887,0.00,0.00,0.00,0.00,0.00,0.00,0.00,0.00,0.00,0.00,0.00,0.00
888,0.00,0.00,0.00,0.00,0.00,0.00,0.00,0.00,0.00,0.00,0.00,0.00
889,0.00,0.00,0.00,0.00,0.00,0.00,0.00,0.00,0.00,0.00,0.00,0.00
890,0.00,0.00,0.00,0.00,0.00,0.00,0.00,0.00,0.00,0.00,0.00,0.00
891,0.00,0.00,0.00,0.00,0.00,0.00,0.00,0.00,0.00,0.00,0.00,0.00
892,0.00,0.00,0.00,0.00,0.00,0.00,0.00,0.00,0.00,0.00,0.00,0.00
893,0.00,0.00,0.00,0.00,0.00,0.00,0.00,0.00,0.00,0.00,0.00,0.00
894,0.00,0.00,0.00,0.00,0.00,0.00,0.00,0.00,0.00,0.00,0.00,0.00
895,0.00,0.00,0.00,0.00,0.00,0.00,0.00,0.00,0.00,0.00,0.00,0.00
896,0.00,0.00,0.00,0.00,0.00,0.00,0.00,0.00,0.00,0.00,0.00,0.00
897,0.00,0.00,0.00,0.00,0.00,0.00,0.00,0.00,0.00,0.00,0.00,0.00
898,0.00,0.00,0.00,0.00,0.00,0.00,0.00,0.00,0.00,0.00,0.00,0.00
899,0.00,0.00,0.00,0.00,0.00,0.00,0.00,0.00,0.00,0.00,0.00,0.00
900,0.00,0.00,0.00,0.00,0.00,0.00,0.00,0.00,0.00,0.00,0.00,0.00
901,0.00,0.00,0.00,0.00,0.00,0.00,0.00,0.00,0.00,0.00,0.00,0.00
902,0.00,0.00,0.00,0.00,0.00,0.00,0.00,0.00,0.00,0.00,0.00,0.00
903,0.00,0.00,0.00,0.00,0.00,0.00,0.00,0.00,0.00,0.00,0.00,0.00
904,0.00,0.00,0.00,0.00,0.00,0.00,0.00,0.00,0.00,0.00,0.00,0.00
905,0.00,0.00,0.00,0.00,0.00,0.00,0.00,0.00,0.00,0.00,0.00,0.00
906,0.00,0.00,0.00,0.00,0.00,0.00,0.00,0.00,0.00,0.00,0.00,0.00
907,0.00,0.00,0.00,0.00,0.00,0.00,0.00,0.00,0.00,0.00,0.00,0.00
908,0.00,0.00,0.00,0.00,0.00,0.00,0.00,0.00,0.00,0.00,0.00,0.00
909,0.00,0.00,0.00,0.00,0.00,0.00,0.00,0.00,0.00,0.00,0.00,0.00
910,0.00,0.00,0.00,0.00,0.00,0.00,0.00,0.00,0.00,0.00,0.00,0.00
911,0.00,0.00,0.00,0.00,0.00,0.00,0.00,0.00,0.00,0.00,0.00,0.00
912,0.00,0.00,0.00,0.00,0.00,0.00,0.00,0.00,0.00,0.00,0.00,0.00
913,0.00,0.00,0.00,0.00,0.00,0.00,0.00,0.00,0.00,0.00,0.00,0.00
914,0.00,0.00,0.00,0.00,0.00,0.00,0.00,0.00,0.00,0.00,0.00,0.00
915,0.00,0.00,0.00,0.00,0.00,0.00,0.00,0.00,0.00,0.00,0.00,0.00
916,0.00,0.00,0.00,0.00,0.00,0.00,0.00,0.00,0.00,0.00,0.00,0.00
917,0.00,0.00,0.00,0.00,0.00,0.00,0.00,0.00,0.00,0.00,0.00,0.00
918,0.00,0.00,0.00,0.00,0.00,0.00,0.00,0.00,0.00,0.00,0.00,0.00
919,0.00,0.00,0.00,0.00,0.00,0.00,0.00,0.00,0.00,0.00,0.00,0.00
920,0.00,0.00,0.00,0.00,0.00,0.00,0.00,0.00,0.00,0.00,0.00,0.00
921,0.00,0.00,0.00,0.00,0.00,0.00,0.00,0.00,0.00,0.00,0.00,0.00
922,0.00,0.00,0.00,0.00,0.00,0.00,0.00,0.00,0.00,0.00,0.00,0.00
923,0.00,0.00,0.00,0.00,0.00,0.00,0.00,0.00,0.00,0.00,0.00,0.00
924,0.00,0.00,0.00,0.00,0.00,0.00,0.00,0.00,0.00,0.00,0.00,0.00
925,0.00,0.00,0.00,0.00,0.00,0.00,0.00,0.00,0.00,0.00,0.00,0.00
926,0.00,0.00,0.00,0.00,0.00,0.00,0.00,0.00,0.00,0.00,0.00,0.00
927,0.00,0.00,0.00,0.00,0.00,0.00,0.00,0.00,0.00,0.00,0.00,0.00
928,0.00,0.00,0.00,0.00,0.00,0.00,0.00,0.00,0.00,0.00,0.00,0.00
929,0.00,0.00,0.00,0.00,0.00,0.00,0.00,0.00,0.00,0.00,0.00,0.00
930,0.00,0.00,0.00,0.00,0.00,0.00,0.00,0.00,0.00,0.00,0.00,0.00
931,0.00,0.00,0.00,0.00,0.00,0.00,0.00,0.00,0.00,0.00,0.00,0.00
932,0.00,0.00,0.00,0.00,0.00,0.00,0.00,0.00,0.00,0.00,0.00,0.00
933,0.00,0.00,0.00,0.00,0.00,0.00,0.00,0.00,0.00,0.00,0.00,0.00
934,0.00,0.00,0.00,0.00,0.00,0.00,0.00,0.00,0.00,0.00,0.00,0.00
935,0.00,0.00,0.00,0.00,0.00,0.00,0.00,0.00,0.00,0.00,0.00,0.00
936,0.00,0.00,0.00,0.00,0.00,0.00,0.00,0.00,0.00,0.00,0.00,0.00
937,0.00,0.00,0.00,0.00,0.00,0.00,0.00,0.00,0.00,0.00,0.00,0.00
938,0.00,0.00,0.00,0.00,0.00,0.00,0.00,0.00,0.00,0.00,0.00,0.00
939,0.00,0.00,0.00,0.00,0.00,0.00,0.00,0.00,0.00,0.00,0.00,0.00
940,0.00,0.00,0.00,0.00,0.00,0.00,0.00,0.00,0.00,0.00,0.00,0.00
941,0.00,0.00,0.00,0.00,0.00,0.00,0.00,0.00,0.00,0.00,0.00,0.00
942,0.00,0.00,0.00,0.00,0.00,0.00,0.00,0.00,0.00,0.00,0.00,0.00
943,0.00,0.00,0.00,0.00,0.00,0.00,0.00,0.00,0.00,0.00,0.00,0.00
944,0.00,0.00,0.00,0.00,0.00,0.00,0.00,0.00,0.00,0.00,0.00,0.00
945,0.00,0.00,0.00,0.00,0.00,0.00,0.00,0.00,0.00,0.00,0.00,0.00
946,0.00,0.00,0.00,0.00,0.00,0.00,0.00,0.00,0.00,0.00,0.00,0.00
947,0.00,0.00,0.00,0.00,0.00,0.00,0.00,0.00,0.00,0.00,0.00,0.00
948,0.00,0.00,0.00,0.00,0.00,0.00,0.00,0.00,0.00,0.00,0.00,0.00
949,0.00,0.00,0.00,0.00,0.00,0.00,0.00,0.00,0.00,0.00,0.00,0.00
950,0.00,0.00,0.00,0.00,0.00,0.00,0.00,0.00,0.00,0.00,0.00,0.00
951,0.00,0.00,0.00,0.00,0.00,0.00,0.00,0.00,0.00,0.00,0.00,0.00
952,0.00,0.00,0.00,0.00,0.00,0.00,0.00,0.00,0.00,0.00,0.00,0.00
953,0.00,0.00,0.00,0.00,0.00,0.00,0.00,0.00,0.00,0.00,0.00,0.00
954,0.00,0.00,0.00,0.00,0.00,0.00,0.00,0.00,0.00,0.00,0.00,0.00
955,0.00,0.00,0.00,0.00,0.00,0.00,0.00,0.00,0.00,0.00,0.00,0.00
956,0.00,0.00,0.00,0.00,0.00,0.00,0.00,0.00,0.00,0.00,0.00,0.00
957,0.00,0.00,0.00,0.00,0.00,0.00,0.00,0.00,0.00,0.00,0.00,0.00
958,0.00,0.00,0.00,0.00,0.00,0.00,0.00,0.00,0.00,0.00,0.00,0.00
959,0.00,0.00,0.00,0.00,0.00,0.00,0.00,0.00,0.00,0.00,0.00,0.00
960,0.00,0.00,0.00,0.00,0.00,0.00,0.00,0.00,0.00,0.00,0.00,0.00
961,0.00,0.00,0.00,0.00,0.00,0.00,0.00,0.00,0.00,0.00,0.00,0.00
962,0.00,0.00,0.00,0.00,0.00,0.00,0.00,0.00,0.00,0.00,0.00,0.00
963,0.00,0.00,0.00,0.00,0.00,0.00,0.00,0.00,0.00,0.00,0.00,0.00
964,0.00,0.00,0.00,0.00,0.00,0.00,0.00,0.00,0.00,0.00,0.00,0.00
965,0.00,0.00,0.00,0.00,0.00,0.00,0.00,0.00,0.00,0.00,0.00,0.00
966,0.00,0.00,0.00,0.00,0.00,0.00,0.00,0.00,0.00,0.00,0.00,0.00
967,0.00,0.00,0.00,0.00,0.00,0.00,0.00,0.00,0.00,0.00,0.00,0.00
968,0.00,0.00,0.00,0.00,0.00,0.00,0.00,0.00,0.00,0.00,0.00,0.00
969,0.00,0.00,0.00,0.00,0.00,0.00,0.00,0.00,0.00,0.00,0.00,0.00
970,0.00,0.00,0.00,0.00,0.00,0.00,0.00,0.00,0.00,0.00,0.00,0.00
971,0.00,0.00,0.00,0.00,0.00,0.00,0.00,0.00,0.00,0.00,0.00,0.00
972,0.00,0.00,0.00,0.00,0.00,0.00,0.00,0.00,0.00,0.00,0.00,0.00
973,0.00,0.00,0.00,0.00,0.00,0.00,0.00,0.00,0.00,0.00,0.00,0.00
974,0.00,0.00,0.00,0.00,0.00,0.00,0.00,0.00,0.00,0.00,0.00,0.00
975,0.00,0.00,0.00,0.00,0.00,0.00,0.00,0.00,0.00,0.00,0.00,0.00
976,0.00,0.00,0.00,0.00,0.00,0.00,0.00,0.00,0.00,0.00,0.00,0.00
977,0.00,0.00,0.00,0.00,0.00,0.00,0.00,0.00,0.00,0.00,0.00,0.00
978,0.00,0.00,0.00,0.00,0.00,0.00,0.00,0.00,0.00,0.00,0.00,0.00
979,0.00,0.00,0.00,0.00,0.00,0.00,0.00,0.00,0.00,0.00,0.00,0.00
980,0.00,0.00,0.00,0.00,0.00,0.00,0.00,0.00,0.00,0.00,0.00,0.00
981,0.00,0.00,0.00,0.00,0.00,0.00,0.00,0.00,0.00,0.00,0.00,0.00
982,0.00,0.00,0.00,0.00,0.00,0.00,0.00,0.00,0.00,0.00,0.00,0.00
983,0.00,0.00,0.00,0.00,0.00,0.00,0.00,0.00,0.00,0.00,0.00,0.00
984,0.00,0.00,0.00,0.00,0.00,0.00,0.00,0.00,0.00,0.00,0.00,0.00
985,0.00,0.00,0.00,0.00,0.00,0.00,0.00,0.00,0.00,0.00,0.00,0.00
986,0.00,0.00,0.00,0.00,0.00,0.00,0.00,0.00,0.00,0.00,0.00,0.00
987,0.00,0.00,0.00,0.00,0.00,0.00,0.00,0.00,0.00,0.00,0.00,0.00
988,0.00,0.00,0.00,0.00,0.00,0.00,0.00,0.00,0.00,0.00,0.00,0.00
989,0.00,0.00,0.00,0.00,0.00,0.00,0.00,0.00,0.00,0.00,0.00,0.00
990,0.00,0.00,0.00,0.00,0.00,0.00,0.00,0.00,0.00,0.00,0.00,0.00
991,0.00,0.00,0.00,0.00,0.00,0.00,0.00,0.00,0.00,0.00,0.00,0.00
992,0.00,0.00,0.00,0.00,0.00,0.00,0.00,0.00,0.00,0.00,0.00,0.00
993,0.00,0.00,0.00,0.00,0.00,0.00,0.00,0.00,0.00,0.00,0.00,0.00
994,0.00,0.00,0.00,0.00,0.00,0.00,0.00,0.00,0.00,0.00,0.00,0.00
995,0.00,0.00,0.00,0.00,0.00,0.00,0.00,0.00,0.00,0.00,0.00,0.00
996,0.00,0.00,0.00,0.00,0.00,0.00,0.00,0.00,0.00,0.00,0.00,0.00
997,0.00,0.00,0.00,0.00,0.00,0.00,0.00,0.00,0.00,0.00,0.00,0.00
998,0.00,0.00,0.00,0.00,0.00,0.00,0.00,0.00,0.00,0.00,0.00,0.00
999,0.00,0.00,0.00,0.00,0.00,0.00,0.00,0.00,0.00,0.00,0.00,0.00
1000,0.00,0.00,0.00,0.00,0.00,0.00,0.00,0.00,0.00,0.00,0.00,0.00
1001,0.00,0.00,0.00,0.00,0.00,0.00,0.00,0.00,0.00,0.00,0.00,0.00
1002,0.00,0.00,0.00,0.00,0.00,0.00,0.00,0.00,0.00,0.00,0.00,0.00
1003,0.00,0.00,0.00,0.00,0.00,0.00,0.00,0.00,0.00,0.00,0.00,0.00
1004,0.00,0.00,0.00,0.00,0.00,0.00,0.00,0.00,0.00,0.00,0.00,0.00
1005,0.00,0.00,0.00,0.00,0.00,0.00,0.00,0.00,0.00,0.00,0.00,0.00
1006,0.00,0.00,0.00,0.00,0.00,0.00,0.00,0.00,0.00,0.00,0.00,0.00
1007,0.00,0.00,0.00,0.00,0.00,0.00,0.00,0.00,0.00,0.00,0.00,0.00
1008,0.00,0.00,0.00,0.00,0.00,0.00,0.00,0.00,0.00,0.00,0.00,0.00
1009,0.00,0.00,0.00,0.00,0.00,0.00,0.00,0.00,0.00,0.00,0.00,0.00
1010,0.00,0.00,0.00,0.00,0.00,0.00,0.00,0.00,0.00,0.00,0.00,0.00
1011,0.00,0.00,0.00,0.00,0.00,0.00,0.00,0.00,0.00,0.00,0.00,0.00
1012,0.00,0.00,0.00,0.00,0.00,0.00,0.00,0.00,0.00,0.00,0.00,0.00
1013,0.00,0.00,0.00,0.00,0.00,0.00,0.00,0.00,0.00,0.00,0.00,0.00
1014,0.00,0.00,0.00,0.00,0.00,0.00,0.00,0.00,0.00,0.00,0.00,0.00
1015,0.00,0.00,0.00,0.00,0.00,0.00,0.00,0.00,0.00,0.00,0.00,0.00
1016,0.00,0.00,0.00,0.00,0.00,0.00,0.00,0.00,0.00,0.00,0.00,0.00
1017,0.00,0.00,0.00,0.00,0.00,0.00,0.00,0.00,0.00,0.00,0.00,0.00
1018,0.00,0.00,0.00,0.00,0.00,0.00,0.00,0.00,0.00,0.00,0.00,0.00
1019,0.00,0.00,0.00,0.00,0.00,0.00,0.00,0.00,0.00,0.00,0.00,0.00
1020,0.00,0.00,0.00,0.00,0.00,0.00,0.00,0.00,0.00,0.00,0.00,0.00
1021,0.00,0.00,0.00,0.00,0.00,0.00,0.00,0.00,0.00,0.00,0.00,0.00
1022,0.00,0.00,0.00,0.00,0.00,0.00,0.00,0.00,0.00,0.00,0.00,0.00
1023,0.00,0.00,0.00,0.00,0.00,0.00,0.00,0.00,0.00,0.00,0.00,0.00
1024,0.00,0.00,0.00,0.00,0.00,0.00,0.00,0.00,0.00,0.00,0.00,0.00
1025,0.00,0.00,0.00,0.00,0.00,0.00,0.00,0.00,0.00,0.00,0.00,0.00
1026,0.00,0.00,0.00,0.00,0.00,0.00,0.00,0.00,0.00,0.00,0.00,0.00
1027,0.00,0.00,0.00,0.00,0.00,0.00,0.00,0.00,0.00,0.00,0.00,0.00
1028,0.00,0.00,0.00,0.00,0.00,0.00,0.00,0.00,0.00,0.00,0.00,0.00
1029,0.00,0.00,0.00,0.00,0.00,0.00,0.00,0.00,0.00,0.00,0.00,0.00
1030,0.00,0.00,0.00,0.00,0.00,0.00,0.00,0.00,0.00,0.00,0.00,0.00
1031,0.00,0.00,0.00,0.00,0.00,0.00,0.00,0.00,0.00,0.00,0.00,0.00
1032,0.00,0.00,0.00,0.00,0.00,0.00,0.00,0.00,0.00,0.00,0.00,0.00
1033,0.00,0.00,0.00,0.00,0.00,0.00,0.00,0.00,0.00,0.00,0.00,0.00
1034,0.00,0.00,0.00,0.00,0.00,0.00,0.00,0.00,0.00,0.00,0.00,0.00
1035,0.00,0.00,0.00,0.00,0.00,0.00,0.00,0.00,0.00,0.00,0.00,0.00
1036,0.00,0.00,0.00,0.00,0.00,0.00,0.00,0.00,0.00,0.00,0.00,0.00
1037,0.00,0.00,0.00,0.00,0.00,0.00,0.00,0.00,0.00,0.00,0.00,0.00
1038,0.00,0.00,0.00,0.00,0.00,0.00,0.00,0.00,0.00,0.00,0.00,0.00
1039,0.00,0.00,0.00,0.00,0.00,0.00,0.00,0.00,0.00,0.00,0.00,0.00
1040,0.00,0.00,0.00,0.00,0.00,0.00,0.00,0.00,0.00,0.00,0.00,0.00
1041,0.00,0.00,0.00,0.00,0.00,0.00,0.00,0.00,0.00,0.00,0.00,0.00
1042,0.00,0.00,0.00,0.00,0.00,0.00,0.00,0.00,0.00,0.00,0.00,0.00
1043,0.00,0.00,0.00,0.00,0.00,0.00,0.00,0.00,0.00,0.00,0.00,0.00
1044,0.00,0.00,0.00,0.00,0.00,0.00,0.00,0.00,0.00,0.00,0.00,0.00
1045,0.00,0.00,0.00,0.00,0.00,0.00,0.00,0.00,0.00,0.00,0.00,0.00
1046,0.00,0.00,0.00,0.00,0.00,0.00,0.00,0.00,0.00,0.00,0.00,0.00
1047,0.00,0.00,0.00,0.00,0.00,0.00,0.00,0.00,0.00,0.00,0.00,0.00
1048,0.00,0.00,0.00,0.00,0.00,0.00,0.00,0.00,0.00,0.00,0.00,0.00
1049,0.00,0.00,0.00,0.00,0.00,0.00,0.00,0.00,0.00,0.00,0.00,0.00
1050,0.00,0.00,0.00,0.00,0.00,0.00,0.00,0.00,0.00,0.00,0.00,0.00
1051,0.00,0.00,0.00,0.00,0.00,0.00,0.00,0.00,0.00,0.00,0.00,0.00
1052,0.00,0.00,0.00,0.00,0.00,0.00,0.00,0.00,0.00,0.00,0.00,0.00
1053,45.34,-37.26,-82.60,-4.04,63.95,-59.91,58.47,99.82,177.42,139.10,92.75,15.10
1054,43.32,-30.24,-73.56,-6.54,58.42,-51.88,57.46,96.79,178.43,142.13,94.77,18.13
1055,45.34,-26.20,-71.54,-9.57,58.42,-48.85,59.48,101.79,181.46,144.15,95.78,19.14
1056,50.39,-25.19,-75.58,-12.60,62.99,-50.39,65.53,104.82,181.46,146.17,98.81,20.15
1057,45.34,-21.16,-66.50,-12.07,55.92,-43.80,67.51,106.84,184.49,149.20,102.80,26.20
1058,39.28,-25.19,-64.48,-7.02,51.88,-44.81,72.55,107.85,186.51,151.22,102.80,27.21
1059,41.30,-26.20,-67.51,-7.55,54.38,-46.83,58.47,97.80,178.43,144.15,96.79,18.13
1060,51.40,-24.18,-75.58,-13.61,63.47,-49.86,54.43,96.79,175.40,139.10,93.76,20.15
1061,58.47,-18.13,-76.59,-20.15,67.51,-47.36,70.53,106.84,178.43,143.14,96.79,22.17
1062,37.26,-31.25,-68.52,-2.98,52.89,-49.86,65.53,105.83,177.42,144.15,95.78,18.13
1063,24.18,-39.28,-63.47,7.55,43.80,-51.35,65.53,103.81,174.39,141.12,91.74,14.09
1064,32.26,-29.23,-61.50,-1.49,46.88,-45.34,61.50,100.83,170.35,139.10,88.71,11.06
1065,28.22,-34.23,-62.46,2.98,45.34,-48.32,61.50,97.80,170.35,139.10,88.71,15.10
1066,36.25,-25.19,-61.45,-5.53,48.85,-43.32,64.52,99.82,174.39,141.12,93.76,17.12
1067,40.29,-22.17,-62.46,-9.04,51.35,-42.31,58.47,100.83,177.42,143.14,96.79,19.14
1068,36.25,-23.18,-59.43,-6.54,47.84,-41.30,62.51,98.81,176.41,144.15,95.78,20.15
1069,39.28,-31.25,-70.53,-3.99,54.91,-50.87,64.52,99.82,170.35,141.12,90.73,13.08
1070,39.28,-40.29,-79.57,0.48,59.43,-59.91,62.51,101.79,170.35,140.11,90.73,12.07
1071,48.37,-28.22,-76.59,-10.05,62.46,-52.41,63.52,102.80,174.39,143.14,94.77,15.10
1072,55.44,-23.18,-78.61,-16.11,67.03,-50.87,64.52,106.84,175.40,144.15,95.78,16.11
1073,62.51,-15.10,-77.60,-23.70,70.05,-46.35,66.54,106.84,179.44,148.19,97.80,24.18
1074,58.47,-18.13,-76.59,-20.15,67.51,-47.36,66.54,106.84,181.46,149.20,97.80,21.16
1075,38.27,-32.26,-70.53,-2.98,54.38,-51.40,61.50,101.79,170.35,140.11,88.71,5.00
1076,33.27,-42.31,-75.58,4.52,54.43,-58.95,61.50,98.81,168.33,139.10,88.71,9.04
1077,41.30,-39.28,-80.58,-1.01,60.92,-59.91,62.51,102.80,172.37,141.12,92.75,21.16
1078,45.34,-31.25,-76.59,-7.02,60.97,-53.90,61.50,104.82,173.38,143.14,93.76,20.15
1079,49.38,-25.19,-74.57,-12.07,61.98,-49.86,61.50,106.84,174.39,145.16,93.76,18.13
1080,42.31,-31.25,-73.56,-5.53,57.94,-52.41,60.49,104.82,171.36,141.12,88.71,8.03
1081,43.32,-30.24,-73.56,-6.54,58.42,-51.88,60.49,105.83,171.36,142.13,89.72,14.09
1082,59.48,-17.12,-76.59,-21.16,68.03,-46.83,63.52,107.85,174.39,143.14,92.75,18.13
1083,44.33,-30.24,-74.57,-7.02,59.43,-52.41,59.48,102.80,170.35,138.09,89.72,16.11
1084,37.26,-35.24,-72.51,-1.01,54.86,-53.85,54.43,96.79,166.36,139.10,91.74,25.19
1085,38.27,-32.26,-70.53,-2.98,54.38,-51.40,56.45,99.82,168.33,137.08,88.71,13.08
1086,42.31,-21.16,-63.47,-10.58,52.89,-42.31,60.49,103.81,172.37,141.12,93.76,17.12
1087,45.34,-25.19,-70.53,-10.05,57.94,-47.84,57.46,97.80,170.35,138.09,92.75,18.13
1088,31.25,-41.30,-72.55,5.00,51.88,-56.93,57.46,100.83,167.37,133.09,85.68,10.05
1089,37.26,-32.26,-69.53,-2.50,53.37,-50.87,58.47,106.84,172.37,139.10,94.77,23.18
1090,33.27,-46.35,-79.62,6.54,56.45,-62.99,53.42,98.81,167.37,131.07,85.68,9.04
1091,33.27,-45.34,-78.61,6.01,55.92,-61.98,54.43,98.81,166.36,132.08,83.66,10.05
1092,47.36,-22.17,-69.53,-12.60,58.42,-45.82,57.46,103.81,174.39,142.13,96.79,27.21
1093,45.34,-25.19,-70.53,-10.05,57.94,-47.84,60.49,102.80,173.38,139.10,93.76,17.12
1094,38.27,-34.23,-72.51,-2.02,55.39,-53.37,62.51,103.81,170.35,135.06,87.70,5.00
1095,35.24,-32.26,-67.51,-1.49,51.35,-49.86,63.52,105.83,170.35,135.06,88.71,9.04
1096,35.24,-39.28,-74.53,2.02,54.86,-56.88,60.49,104.82,170.35,136.07,88.71,13.08
1097,32.26,-41.30,-73.56,4.52,52.89,-57.41,61.50,103.81,169.34,135.06,86.69,12.07
1098,27.21,-39.28,-66.50,6.01,46.83,-52.89,62.51,103.81,168.33,135.06,87.70,17.12
1099,31.25,-37.26,-68.52,2.98,49.86,-52.89,59.48,103.81,166.36,134.10,87.70,14.09
1100,41.30,-26.20,-67.51,-7.55,54.38,-46.83,62.51,105.83,168.33,138.09,90.73,15.10
1101,44.33,-21.16,-65.49,-11.59,54.91,-43.32,61.50,105.83,170.35,136.07,89.72,17.12
1102,42.31,-23.18,-65.49,-9.57,53.90,-44.33,62.51,105.83,170.35,135.06,88.71,13.08
1103,40.29,-28.22,-68.52,-6.01,54.38,-48.37,64.52,107.85,173.38,137.08,89.72,10.05
1104,36.25,-27.21,-63.47,-4.52,49.86,-45.34,64.52,107.85,173.38,139.10,93.76,14.09
1105,36.25,-25.19,-61.45,-5.53,48.85,-43.32,69.53,109.87,174.39,141.12,95.78,14.09
1106,45.34,-20.15,-65.49,-12.60,55.39,-42.79,69.53,107.85,174.39,138.09,90.73,9.04
1107,48.37,-11.06,-59.43,-18.66,53.90,-35.24,60.49,104.82,173.38,143.14,93.76,18.13
1108,50.39,0.96,-49.43,-25.68,49.91,-24.23,59.48,104.82,181.46,150.21,102.80,27.21
1109,49.38,5.00,-44.38,-27.17,46.88,-19.67,59.48,102.80,188.53,155.25,106.84,24.18
1110,50.39,2.98,-47.41,-26.69,48.90,-22.21,54.43,101.79,187.52,156.26,103.81,17.12
1111,50.39,10.05,-40.34,-30.19,45.39,-15.15,60.49,104.82,195.59,163.33,112.89,26.20
1112,50.39,7.02,-43.37,-28.70,46.88,-18.17,56.45,99.82,194.58,164.34,114.91,29.23
1113,52.41,6.01,-46.40,-29.19,49.43,-20.19,54.43,97.80,191.56,161.31,109.87,27.21
1114,44.33,11.06,-33.27,-27.69,38.80,-11.11,57.46,103.81,199.63,169.34,114.91,34.23
1115,51.40,24.18,-27.21,-37.79,39.33,-1.49,53.42,97.80,199.63,170.35,115.92,36.25
1116,56.45,29.23,-27.21,-42.84,41.83,1.01,55.44,95.78,201.65,173.38,119.96,40.29
1117,50.39,26.20,-24.18,-38.27,37.31,1.01,56.45,94.77,202.61,174.39,119.96,38.27
1118,49.38,34.23,-15.15,-41.78,32.26,9.57,57.46,95.78,205.64,179.44,125.01,42.31
1119,55.44,41.30,-14.14,-48.37,34.81,13.61,54.43,96.79,211.70,186.51,132.08,52.41
1120,59.48,43.32,-16.16,-51.40,37.84,13.61,49.38,93.76,208.67,182.47,126.02,43.32
1121,58.47,49.38,-9.09,-53.90,33.80,20.15,45.34,92.75,209.68,184.49,130.06,44.33
1122,64.52,58.47,-6.06,-61.50,35.29,26.20,49.38,94.77,213.72,190.55,137.08,50.39
1123,62.51,54.43,-8.08,-58.47,35.29,23.18,49.38,97.80,213.72,187.52,135.06,46.35
1124,58.47,48.37,-10.10,-53.42,34.28,19.14,49.38,100.83,217.76,192.56,138.09,52.41
1125,69.53,59.48,-10.05,-64.48,39.81,24.71,56.45,105.83,226.85,200.64,146.17,59.48
1126,88.71,71.54,-17.16,-80.10,52.94,27.21,52.41,101.79,223.82,195.59,142.13,54.43
1127,68.52,45.34,-23.18,-56.93,45.87,11.11,47.36,99.82,219.78,189.54,138.09,49.38
1128,60.49,44.33,-16.16,-52.41,38.32,14.09,41.30,95.78,218.77,192.56,141.12,54.43
1129,77.60,57.46,-20.15,-67.51,48.90,18.66,42.31,93.76,219.78,191.56,136.07,49.38
1130,77.60,54.43,-23.18,-66.02,50.39,15.63,45.34,100.83,223.82,193.57,137.08,51.40
1131,77.60,55.44,-22.17,-66.50,49.91,16.64,32.26,94.77,219.78,195.59,142.13,58.47
1132,71.54,49.38,-22.17,-60.44,46.88,13.61,25.19,87.70,219.78,194.58,142.13,55.44
1133,73.56,57.46,-16.11,-65.49,44.86,20.67,25.19,88.71,226.85,200.64,148.19,59.48
1134,77.60,61.50,-16.11,-69.53,46.88,22.69,23.18,86.69,227.86,202.61,148.19,61.50
1135,72.55,67.51,-5.05,-70.01,38.80,31.25,18.13,83.66,229.88,204.63,151.22,64.52
1136,75.58,73.56,-2.02,-74.57,38.80,35.77,13.08,79.62,230.89,210.69,159.29,72.55
1137,84.67,86.69,2.02,-85.68,41.35,44.38,3.99,74.57,229.88,211.70,162.32,78.61
1138,85.68,104.82,19.14,-95.25,33.27,61.98,-7.02,61.50,228.87,212.71,167.37,82.65
1139,83.66,105.83,22.17,-94.72,30.77,64.00,-17.12,52.41,222.81,208.67,167.37,83.66
1140,91.74,112.89,21.16,-102.32,35.29,67.03,-27.21,43.32,217.76,205.64,165.35,84.67
1141,93.76,110.87,17.12,-102.32,38.32,64.00,-32.26,35.24,212.71,202.61,162.32,82.65
1142,85.68,108.86,23.18,-97.27,31.25,66.02,-40.29,30.24,208.67,203.62,166.36,90.73
1143,94.77,122.99,28.22,-108.86,33.27,75.63,-49.38,23.18,203.62,200.64,166.36,91.74
1144,96.79,114.91,18.13,-105.83,39.33,66.54,-55.44,18.13,194.58,190.55,160.30,88.71
1145,100.83,117.94,17.12,-109.38,41.88,67.55,-60.49,13.08,191.56,187.52,162.32,90.73
1146,117.94,143.14,25.19,-130.54,46.40,84.19,-66.54,7.02,190.55,187.52,161.31,91.74
1147,131.07,148.19,17.12,-139.63,56.98,82.65,-61.50,13.08,192.56,187.52,161.31,87.70
1148,133.09,134.10,1.01,-133.57,66.06,67.55,-58.47,16.11,187.52,180.45,159.29,85.68
1149,138.09,133.09,-5.00,-135.59,71.54,64.04,-52.41,21.16,186.51,179.44,161.31,91.74
1150,147.18,121.98,-25.19,-134.58,86.21,48.42,-46.35,30.24,187.52,175.40,155.25,82.65
1151,146.17,102.80,-43.37,-124.48,94.77,29.71,-47.36,33.27,182.47,167.37,148.19,78.61
1152,147.18,104.82,-42.36,-125.97,94.77,31.25,-44.33,34.23,181.46,167.37,149.20,85.68
1153,155.25,103.81,-51.45,-129.53,103.37,26.20,-44.33,37.26,179.44,165.35,146.17,83.66
1154,167.37,111.88,-55.49,-139.63,111.45,28.22,-39.28,41.30,179.44,164.34,146.17,83.66
1155,171.36,110.87,-60.49,-141.12,115.92,25.19,-39.28,44.33,181.46,162.32,145.16,83.66
1156,176.41,100.83,-75.58,-138.62,126.02,12.65,-33.27,51.40,187.52,166.36,149.20,93.76
1157,175.40,97.80,-77.60,-136.60,126.50,10.10,-23.18,59.48,194.58,171.36,156.26,103.81
1158,176.41,83.66,-92.75,-130.01,134.58,-4.52,-21.16,65.53,198.62,170.35,153.23,95.78
1159,169.34,63.52,-105.83,-116.40,137.61,-21.16,-15.10,67.51,191.56,165.35,147.18,86.69
1160,158.28,61.50,-96.79,-109.87,127.56,-17.65,-12.07,67.51,191.56,158.28,144.15,88.71
1161,162.32,68.52,-93.81,-115.39,128.09,-12.65,-2.98,76.59,200.64,165.35,153.23,104.82
1162,153.23,59.48,-93.76,-106.36,123.52,-17.12,0.96,78.61,199.63,165.35,151.22,93.76
1163,147.18,53.42,-93.76,-100.30,120.49,-20.15,-6.01,75.58,192.56,156.26,136.07,73.56
1164,142.13,49.38,-92.75,-95.73,117.46,-21.68,2.98,78.61,194.58,159.29,137.08,80.63
1165,130.06,42.31,-87.75,-86.16,108.90,-22.69,3.99,74.57,188.53,155.25,137.08,79.62
1166,132.08,47.36,-84.72,-89.72,108.42,-18.66,-6.01,61.50,174.39,144.15,127.03,71.54
1167,145.16,61.50,-83.66,-103.33,114.43,-11.06,-7.02,56.45,172.37,143.14,126.02,74.57
1168,143.14,57.46,-85.68,-100.30,114.43,-14.09,-10.05,55.44,168.33,139.10,125.01,73.56
1169,143.14,60.49,-82.65,-101.79,112.89,-11.06,-5.00,58.47,170.35,140.11,126.02,75.58
1170,140.11,64.52,-75.58,-102.32,107.85,-5.53,0.96,59.48,171.36,141.12,126.02,70.53
1171,115.92,41.30,-74.62,-78.61,95.30,-16.64,0.00,55.44,167.37,135.06,120.97,62.51
1172,105.83,28.22,-77.60,-67.03,91.74,-24.67,1.97,56.45,164.34,132.08,116.93,60.49
1173,90.73,19.14,-71.59,-54.91,81.16,-26.20,8.03,60.49,169.34,134.10,114.91,55.44
1174,78.61,9.04,-69.57,-43.80,74.09,-30.24,13.08,65.53,172.37,136.07,112.89,54.43
1175,78.61,9.04,-69.57,-43.80,74.09,-30.24,25.19,74.57,175.40,137.08,109.87,47.36
1176,60.49,2.98,-57.50,-31.73,59.00,-27.26,34.23,78.61,184.49,145.16,117.94,58.47
1177,46.35,-3.99,-50.34,-21.16,48.32,-27.17,37.26,80.63,186.51,146.17,117.94,60.49
1178,40.29,-13.08,-53.37,-13.61,46.83,-33.22,46.35,86.69,182.47,142.13,107.85,36.25
1179,36.25,-18.13,-54.38,-9.04,45.29,-36.25,48.37,86.69,181.46,139.10,103.81,29.23
1180,29.23,-25.19,-54.43,-2.02,41.83,-39.81,50.39,89.72,181.46,137.08,100.83,32.26
1181,28.22,-30.24,-58.47,1.01,43.32,-44.33,54.43,90.73,178.43,135.06,97.80,24.18
1182,28.22,-30.24,-58.47,1.01,43.32,-44.33,62.51,94.77,179.44,136.07,97.80,24.18
1183,25.19,-33.27,-58.47,4.04,41.83,-45.87,67.51,97.80,178.43,134.10,95.78,27.21
1184,24.18,-49.38,-73.56,12.60,48.85,-61.45,66.54,97.80,173.38,128.04,87.70,7.02
1185,21.16,-63.52,-84.67,21.16,52.89,-74.09,72.55,107.85,173.38,124.00,80.63,0.96
1186,22.17,-58.47,-80.63,18.13,51.40,-69.53,73.56,106.84,166.36,116.93,73.56,-0.96
1187,20.15,-62.51,-82.65,21.16,51.40,-72.55,72.55,101.79,161.31,111.88,68.52,-7.02
1188,16.11,-65.53,-81.64,24.71,48.85,-73.56,73.56,104.82,159.29,111.88,66.54,-8.03
1189,12.07,-65.53,-77.60,26.73,44.81,-71.54,73.56,103.81,159.29,112.89,67.51,-10.05
1190,14.09,-72.55,-86.64,29.23,50.34,-79.57,71.54,102.80,157.27,106.84,62.51,-11.06
1191,9.04,-78.61,-87.65,34.76,48.32,-83.13,68.52,96.79,153.23,102.80,57.46,-14.09
1192,16.11,-73.56,-89.67,28.70,52.89,-81.59,69.53,99.82,154.24,101.79,55.44,-13.08
1193,25.19,-77.60,-102.80,26.20,64.00,-90.20,64.52,96.79,146.17,96.79,49.38,-16.11
1194,8.03,-91.74,-99.77,41.83,53.90,-95.73,59.48,87.70,139.10,92.75,45.34,-20.15
1195,12.07,-75.58,-87.65,31.73,49.86,-81.59,70.53,100.83,148.19,98.81,52.41,-22.17
1196,12.07,-72.55,-84.62,30.24,48.32,-78.56,76.59,104.82,154.24,103.81,56.45,-18.13
1197,8.03,-85.68,-93.71,38.80,50.87,-89.67,69.53,97.80,148.19,96.79,48.37,-13.08
1198,7.02,-87.70,-94.72,40.34,50.87,-91.21,71.54,99.82,146.17,95.78,46.35,-13.08
1199,0.00,-88.71,-88.71,44.33,44.33,-88.71,72.55,98.81,142.13,91.74,43.32,-20.15
1200,5.00,-80.63,-85.63,37.79,45.29,-83.13,69.53,94.77,142.13,91.74,43.32,-19.14
1201,0.96,-81.64,-82.60,40.34,41.78,-82.12,69.53,92.75,143.14,91.74,44.33,-16.11
1202,3.99,-87.70,-91.69,41.83,47.84,-89.67,66.54,91.74,139.10,89.72,43.32,-19.14
1203,14.09,-72.55,-86.64,29.23,50.34,-79.57,74.57,98.81,145.16,94.77,46.35,-14.09
1204,15.10,-75.58,-90.68,30.24,52.89,-83.13,76.59,102.80,146.17,94.77,44.33,-22.17
1205,1.97,-85.68,-87.65,41.83,44.81,-86.64,70.53,94.77,141.12,95.78,49.38,-9.04
1206,3.99,-75.58,-79.57,35.77,41.78,-77.55,77.60,95.78,145.16,97.80,52.41,-5.00
1207,3.99,-83.66,-87.65,39.81,45.82,-85.63,72.55,95.78,144.15,92.75,45.34,-19.14
1208,8.03,-81.64,-89.67,36.78,48.85,-85.63,59.48,90.73,139.10,89.72,44.33,-18.13
1209,20.15,-77.60,-97.75,28.70,58.95,-87.65,63.52,94.77,140.11,91.74,44.33,-26.20
1210,11.06,-77.60,-88.66,33.27,49.86,-83.13,68.52,97.80,143.14,92.75,46.35,-25.19
1211,14.09,-74.57,-88.66,30.24,51.35,-81.59,71.54,98.81,143.14,96.79,51.40,-20.15
1212,15.10,-77.60,-92.70,31.25,53.90,-85.15,71.54,97.80,142.13,97.80,51.40,-20.15
1213,12.07,-78.61,-90.68,33.27,51.35,-84.62,70.53,96.79,144.15,98.81,52.41,-17.12
1214,12.07,-79.62,-91.69,33.75,51.88,-85.63,70.53,95.78,144.15,98.81,53.42,-10.05
1215,13.08,-78.61,-91.69,32.74,52.36,-85.15,69.53,94.77,141.12,95.78,47.36,-18.13
1216,6.01,-90.73,-96.74,42.36,51.35,-93.71,70.53,95.78,139.10,95.78,44.33,-28.22
1217,-0.96,-92.75,-91.79,46.83,45.39,-92.27,70.53,93.76,140.11,96.79,46.35,-24.18
1218,8.03,-81.64,-89.67,36.78,48.85,-85.63,72.55,96.79,141.12,97.80,47.36,-24.18
1219,14.09,-76.59,-90.68,31.25,52.36,-83.61,71.54,96.79,142.13,96.79,50.39,-19.14
1220,20.15,-68.52,-88.66,24.18,54.38,-78.56,70.53,93.76,143.14,99.82,50.39,-18.13
1221,33.27,-60.49,-93.76,13.61,63.52,-77.12,71.54,98.81,144.15,99.82,50.39,-21.16
1222,41.30,-54.43,-95.73,6.54,68.52,-75.05,73.56,100.83,146.17,101.79,54.43,-18.13
1223,25.19,-55.44,-80.63,15.10,52.89,-68.03,77.60,100.83,146.17,102.80,54.43,-21.16
1224,-2.98,-74.57,-71.59,38.75,34.28,-73.08,69.53,92.75,141.12,97.80,52.41,-14.09
1225,-8.03,-87.70,-79.67,47.84,35.82,-83.71,65.53,88.71,139.10,97.80,53.42,-14.09
1226,7.02,-69.53,-76.55,31.25,41.78,-73.04,68.52,90.73,141.12,97.80,53.42,-22.17
1227,19.14,-61.50,-80.63,21.16,49.86,-71.06,67.51,89.72,139.10,94.77,48.37,-26.20
1228,16.11,-64.52,-80.63,24.18,48.37,-72.55,68.52,91.74,142.13,99.82,50.39,-25.19
1229,15.10,-59.48,-74.57,22.17,44.81,-67.03,73.56,96.79,153.23,108.86,57.46,-16.11
1230,12.07,-65.53,-77.60,26.73,44.81,-71.54,78.61,103.81,159.29,111.88,57.46,-20.15
1231,-2.98,-82.65,-79.67,42.79,38.32,-81.16,87.70,110.87,164.34,112.89,52.41,-25.19
1232,-10.05,-84.67,-74.62,47.36,32.26,-79.67,100.83,124.00,175.40,118.95,51.40,-28.22
1233,-15.10,-82.65,-67.55,48.85,26.20,-75.10,112.89,137.08,185.50,124.00,47.36,-39.28
1234,-17.12,-82.65,-65.53,49.86,24.18,-74.09,130.06,155.25,207.66,136.07,48.37,-49.38
1235,-27.21,-92.75,-65.53,59.96,19.14,-79.14,140.11,168.33,218.77,141.12,51.40,-55.44
1236,-24.18,-91.74,-67.55,57.94,21.68,-79.67,152.22,179.44,220.79,141.12,47.36,-56.45
1237,-7.02,-78.61,-71.59,42.79,32.26,-75.10,160.30,189.54,221.80,142.13,44.33,-63.52
1238,0.00,-73.56,-73.56,36.78,36.78,-73.56,145.16,174.39,207.66,141.12,48.37,-56.45
1239,-0.96,-47.36,-46.40,24.14,22.69,-46.88,134.10,159.29,202.61,150.21,69.53,-34.23
1240,-5.00,-35.24,-30.24,20.10,12.60,-32.74,121.98,141.12,194.58,159.29,91.74,-23.18
1241,8.03,-14.09,-22.12,3.03,15.05,-18.08,95.78,111.88,187.52,176.41,119.96,-0.96
1242,14.09,1.97,-12.12,-8.03,13.13,-5.05,64.52,79.62,178.43,190.55,151.22,29.23
1243,15.10,8.03,-7.07,-11.54,11.11,0.48,35.24,46.35,160.30,196.60,176.41,52.41
1244,15.10,34.23,19.14,-24.67,-2.02,26.69,-0.96,0.00,132.08,200.64,202.61,80.63
1245,22.17,50.39,28.22,-36.25,-3.03,39.33,-34.23,-44.33,109.87,206.65,228.87,107.85
1246,31.25,72.55,41.30,-51.88,-5.00,56.93,-65.53,-87.70,84.67,206.65,249.01,131.07
1247,16.11,80.63,64.52,-48.37,-24.18,72.60,-100.83,-136.07,54.43,204.63,271.18,158.28
1248,19.14,86.69,67.55,-52.89,-24.18,77.12,-125.01,-166.36,50.39,220.79,304.45,192.56
1249,32.26,99.82,67.55,-66.02,-17.65,83.71,-143.14,-185.50,50.39,239.92,339.74,223.82
1250,39.28,100.83,61.54,-70.05,-11.11,81.21,-167.37,-213.72,18.13,231.90,359.94,252.04
1251,57.46,99.82,42.36,-78.61,7.55,71.11,-190.55,-239.92,-27.21,198.62,355.90,272.19
1252,74.57,95.78,21.20,-85.15,26.69,58.51,-201.65,-249.01,-55.44,174.39,349.84,285.31
1253,90.73,85.68,-5.05,-88.18,47.89,40.34,-210.69,-257.09,-87.70,144.15,338.73,302.48
1254,112.89,78.61,-34.28,-95.73,73.61,22.17,-215.74,-259.11,-116.93,112.89,318.59,310.51
1255,129.05,82.65,-46.40,-105.83,87.75,18.13,-218.77,-258.10,-145.16,78.61,290.36,311.52
1256,146.17,75.58,-70.58,-110.87,108.37,2.50,-226.85,-256.08,-170.35,45.34,269.16,326.66
1257,173.38,77.60,-95.78,-125.49,134.58,-9.09,-236.90,-253.05,-187.52,19.14,248.00,332.72
1258,190.55,85.68,-104.86,-138.09,147.71,-9.57,-228.87,-234.92,-191.56,-5.00,215.74,321.61
1259,194.58,84.67,-109.91,-139.63,152.27,-12.60,-224.83,-227.86,-207.66,-35.24,169.34,297.43
1260,179.44,79.62,-99.82,-129.53,139.63,-10.10,-228.87,-232.90,-252.04,-95.78,90.73,261.13
1261,171.36,105.83,-65.53,-138.57,118.47,20.15,-243.96,-255.07,-298.44,-142.13,42.31,254.06
1262,197.61,160.30,-37.31,-178.96,117.46,61.50,-295.41,-310.51,-369.02,-182.47,23.18,274.21
1263,208.67,194.58,-14.09,-201.60,111.40,90.25,-328.68,-348.83,-420.42,-218.77,1.97,282.28
1264,201.65,214.73,13.08,-208.19,94.29,113.90,-359.94,-385.13,-463.79,-235.89,0.96,299.45
1265,205.64,256.08,50.44,-230.84,77.60,153.28,-390.18,-422.44,-495.04,-226.85,28.22,337.72
1266,215.74,307.48,91.74,-261.61,62.02,199.63,-425.47,-466.82,-509.13,-205.64,63.52,374.02
1267,212.71,344.79,132.08,-278.73,40.34,238.43,-474.85,-523.27,-543.41,-204.63,84.67,406.29
1268,217.76,402.29,184.54,-310.03,16.64,293.44,-536.39,-598.90,-591.83,-196.60,112.89,443.60
1269,229.88,451.67,221.80,-340.75,4.04,336.76,-617.02,-695.69,-675.49,-223.82,114.91,468.84
1270,259.11,485.96,226.85,-372.53,16.16,356.43,-691.65,-788.43,-784.39,-294.40,80.63,489.99
1271,273.20,513.17,239.97,-393.16,16.64,376.57,-772.33,-893.30,-919.50,-396.24,11.06,495.04
1272,252.04,522.26,270.22,-387.15,-9.09,396.24,-824.73,-974.94,-1056.63,-518.22,-84.67,477.88
1273,230.89,485.96,255.07,-358.40,-12.07,370.51,-816.66,-991.10,-1150.39,-629.14,-194.58,429.51
1274,189.54,385.13,195.59,-287.33,-3.03,290.36,-767.28,-969.94,-1261.31,-793.48,-365.99,321.61
1275,132.08,285.31,153.23,-208.67,-10.58,219.30,-713.81,-945.71,-1395.41,-988.07,-568.66,202.61
1276,64.52,179.44,114.91,-121.98,-25.19,147.18,-627.12,-880.17,-1468.01,-1137.31,-743.05,77.60
1277,-3.99,99.82,103.81,-47.89,-53.90,101.79,-535.38,-795.50,-1478.11,-1221.98,-849.93,-11.06
1278,-87.70,36.25,123.95,25.72,-105.83,80.10,-483.94,-755.16,-1498.25,-1287.52,-926.57,-72.55
1279,-127.03,-50.39,76.64,88.71,-101.84,13.13,-406.29,-676.50,-1468.01,-1309.73,-962.87,-121.98
1280,-128.04,-94.77,33.27,111.40,-80.68,-30.77,-310.51,-566.64,-1365.17,-1254.24,-934.65,-138.09
1281,-148.19,-112.89,35.29,130.54,-91.74,-38.80,-242.95,-494.03,-1284.49,-1195.78,-899.36,-156.26
1282,-164.34,-106.84,57.50,135.59,-110.92,-24.67,-197.61,-437.54,-1203.85,-1123.17,-837.86,-147.18
1283,-200.64,-118.95,81.69,159.77,-141.17,-18.66,-135.06,-368.01,-1113.08,-1044.51,-784.39,-155.25
1284,-249.01,-152.22,96.79,200.59,-172.90,-27.74,-62.51,-295.41,-1027.40,-977.97,-749.10,-192.56
1285,-274.21,-171.36,102.85,222.76,-188.53,-34.28,9.04,-221.80,-937.68,-907.43,-716.84,-226.85
1286,-290.36,-204.63,85.73,247.47,-188.05,-59.48,91.74,-131.07,-850.94,-847.91,-694.68,-270.17
1287,-321.61,-250.02,71.59,285.79,-196.60,-89.24,166.36,-49.38,-779.35,-801.56,-679.53,-310.51
1288,-332.72,-284.30,48.42,308.49,-190.59,-117.94,243.96,32.26,-708.76,-752.13,-655.35,-331.71
1289,-316.57,-308.49,8.08,312.53,-162.32,-150.21,320.60,117.94,-633.18,-699.72,-620.05,-326.66
1290,-305.46,-336.71,-31.25,321.09,-137.13,-184.01,379.07,187.52,-576.68,-662.41,-600.92,-332.72
1291,-310.51,-357.92,-47.41,334.21,-131.55,-202.66,424.46,235.89,-536.39,-632.17,-580.72,-341.76
1292,-314.55,-369.98,-55.44,342.24,-129.58,-212.71,444.61,258.10,-514.18,-605.92,-559.57,-345.80
1293,-303.44,-357.92,-54.48,330.65,-124.48,-206.22,443.60,262.14,-501.10,-584.76,-537.40,-340.75
1294,-300.46,-352.87,-52.41,326.66,-124.05,-202.66,438.55,260.12,-487.97,-564.62,-516.20,-338.73
1295,-303.44,-358.93,-55.49,331.18,-124.00,-207.23,421.43,251.03,-475.86,-543.41,-498.07,-341.76
1296,-304.45,-355.90,-51.45,330.17,-126.50,-203.67,409.31,248.00,-455.71,-517.21,-470.81,-333.73
1297,-294.40,-356.91,-62.51,325.65,-115.97,-209.73,416.38,262.14,-423.45,-484.95,-443.60,-324.64
1298,-275.22,-352.87,-77.65,314.02,-98.81,-215.26,419.41,277.24,-389.17,-452.68,-414.36,-311.52
1299,-265.17,-353.88,-88.71,309.50,-88.23,-221.32,416.38,283.29,-359.94,-426.48,-395.23,-301.47
1300,-246.99,-347.82,-100.83,297.38,-73.08,-224.35,406.29,279.25,-339.74,-405.28,-381.09,-301.47
1301,-228.87,-342.77,-113.90,285.79,-57.50,-228.34,398.26,275.22,-317.58,-383.11,-361.95,-290.36
1302,-220.79,-340.75,-119.96,280.75,-50.44,-230.36,392.20,271.18,-291.37,-355.90,-335.75,-267.19
1303,-208.67,-336.71,-128.04,272.67,-40.34,-232.38,379.07,263.15,-272.19,-335.75,-321.61,-266.18
1304,-190.55,-328.68,-138.14,259.59,-26.20,-233.43,363.97,261.13,-252.04,-314.55,-304.45,-256.08
1305,-172.37,-324.64,-152.27,248.48,-10.05,-238.48,353.88,259.11,-231.90,-291.37,-278.25,-230.89
1306,-160.30,-325.65,-165.35,242.95,2.50,-245.50,350.85,254.06,-217.76,-277.24,-269.16,-229.88
1307,-152.22,-318.59,-166.36,235.40,7.07,-242.47,332.72,236.90,-212.71,-269.16,-260.12,-227.86
1308,-142.13,-311.52,-169.39,226.80,13.61,-240.45,320.60,228.87,-202.61,-257.09,-249.01,-216.75
1309,-135.06,-310.51,-175.45,222.76,20.19,-243.00,325.65,242.95,-180.45,-238.91,-235.89,-208.67
1310,-122.99,-301.47,-178.48,212.23,27.74,-239.97,321.61,241.94,-163.33,-220.79,-217.76,-198.62
1311,-109.87,-282.28,-172.42,196.07,31.25,-227.38,312.53,241.94,-139.10,-194.58,-192.56,-173.38
1312,-91.74,-270.17,-178.43,180.93,43.32,-224.30,307.48,249.01,-121.98,-180.45,-180.45,-164.34
1313,-81.64,-265.17,-183.53,173.38,50.92,-224.35,301.47,243.96,-109.87,-167.37,-172.37,-173.38
1314,-80.63,-252.04,-171.41,166.31,45.39,-211.75,295.41,238.91,-89.72,-147.18,-156.26,-162.32
1315,-69.53,-222.81,-153.28,146.17,41.88,-188.05,293.39,243.96,-65.53,-125.01,-138.09,-144.15
1316,-61.50,-210.69,-149.20,136.07,43.85,-179.97,292.38,252.04,-39.28,-99.82,-116.93,-137.08
1317,-51.40,-203.62,-152.22,127.51,50.39,-177.95,289.35,253.05,-23.18,-83.66,-104.82,-131.07
1318,-46.35,-178.43,-132.08,112.37,42.84,-155.25,288.34,260.12,3.99,-55.44,-76.59,-101.79
1319,-48.37,-177.42,-129.05,112.89,40.34,-153.23,282.28,258.10,17.12,-43.32,-65.53,-99.82
1320,-48.37,-166.36,-117.99,107.37,34.81,-142.18,278.25,258.10,32.26,-27.21,-55.44,-93.76
1321,-58.47,-151.22,-92.75,104.82,17.12,-121.98,281.27,265.17,54.43,-5.00,-35.24,-70.53
1322,-55.44,-155.25,-99.82,105.35,22.17,-127.56,271.18,256.08,56.45,-5.00,-40.29,-88.71
1323,-31.25,-130.06,-98.81,80.63,33.75,-114.43,257.09,248.00,66.54,7.02,-31.25,-84.67
1324,-35.24,-122.99,-87.75,79.09,26.25,-105.39,244.97,234.92,74.57,15.10,-21.16,-71.54
1325,-37.26,-117.94,-80.68,77.60,21.68,-99.34,228.87,218.77,84.67,29.23,-6.01,-59.48
1326,-23.18,-99.82,-76.64,61.50,26.73,-88.23,208.67,206.65,95.78,43.32,3.99,-54.43
1327,-22.17,-86.69,-64.52,54.43,21.16,-75.63,183.48,184.49,101.79,53.42,12.07,-47.36
1328,-14.09,-69.53,-55.44,41.78,20.67,-62.51,154.24,160.30,107.85,65.53,26.20,-32.26
1329,-14.09,-57.46,-43.37,35.77,14.62,-50.44,129.05,142.13,115.92,76.59,35.24,-31.25
1330,-14.09,-47.36,-33.27,30.72,9.57,-40.34,107.85,124.00,120.97,84.67,42.31,-25.19
1331,-3.99,-41.30,-37.31,22.65,16.64,-39.33,92.75,108.86,122.99,86.69,46.35,-18.13
1332,2.98,-33.27,-36.25,15.15,19.62,-34.76,79.62,98.81,126.02,91.74,49.38,-13.08
1333,5.00,-31.25,-36.25,13.13,20.63,-33.75,73.56,91.74,128.04,93.76,51.40,-13.08
1334,2.98,-30.24,-33.22,13.61,18.08,-31.73,72.55,91.74,134.10,99.82,57.46,-9.04
1335,2.98,-20.15,-23.13,8.56,13.03,-21.64,69.53,89.72,137.08,103.81,60.49,-2.98
1336,8.03,-17.12,-25.15,4.52,16.59,-21.11,71.54,91.74,141.12,108.86,64.52,0.96
1337,15.10,-19.14,-34.23,2.02,24.67,-26.69,65.53,82.65,141.12,109.87,66.54,0.00
1338,18.13,-15.10,-33.22,-1.49,25.68,-24.14,63.52,83.66,145.16,114.91,73.56,6.01
1339,19.14,-8.03,-27.17,-5.53,23.13,-17.60,69.53,97.80,154.24,124.00,82.65,15.10
1340,18.13,-3.99,-22.12,-7.07,20.10,-13.03,66.54,89.72,152.22,122.99,82.65,13.08
1341,17.12,-6.01,-23.13,-5.53,20.10,-14.57,62.51,83.66,148.19,118.95,78.61,8.03
1342,21.16,-5.00,-26.16,-8.08,23.66,-15.58,54.43,79.62,145.16,115.92,74.57,1.97
1343,26.20,9.04,-17.16,-17.60,21.68,-4.04,56.45,78.61,151.22,121.98,81.64,9.04
1344,12.07,-8.03,-20.10,-2.02,16.06,-14.04,52.41,75.58,145.16,116.93,77.60,7.02
1345,-3.99,-29.23,-25.24,16.59,10.63,-27.26,45.34,68.52,141.12,111.88,72.55,0.00
1346,-0.96,-18.13,-17.16,9.52,8.08,-17.65,45.34,68.52,144.15,116.93,77.60,6.01
1347,5.00,-14.09,-19.09,4.52,12.02,-16.59,47.36,68.52,145.16,119.96,79.62,0.00
1348,8.03,-8.03,-16.06,0.00,12.02,-12.02,43.32,68.52,148.19,122.99,81.64,1.97
1349,10.05,-0.96,-11.01,-4.52,10.53,-5.96,40.29,64.52,149.20,125.01,86.69,12.07
1350,10.05,-3.99,-14.04,-3.03,12.02,-8.99,43.32,66.54,152.22,126.02,86.69,6.01
1351,2.98,-13.08,-16.06,5.05,9.52,-14.57,44.33,66.54,151.22,125.01,85.68,0.00
1352,12.07,-8.03,-20.10,-2.02,16.06,-14.04,44.33,67.51,153.23,130.06,92.75,8.03
1353,26.20,0.96,-25.24,-13.56,25.72,-12.12,44.33,69.53,156.26,131.07,95.78,15.10
1354,21.16,-5.00,-26.16,-8.08,23.66,-15.58,44.33,66.54,156.26,130.06,93.76,15.10
1355,26.20,5.00,-21.20,-15.58,23.70,-8.08,46.35,68.52,158.28,134.10,96.79,16.11
1356,25.19,1.97,-23.22,-13.56,24.23,-10.63,42.31,64.52,157.27,133.09,94.77,12.07
1357,17.12,-14.09,-31.20,-1.49,24.14,-22.65,31.25,58.47,148.19,122.99,87.70,7.02
1358,23.18,0.00,-23.18,-11.59,23.18,-11.59,38.27,60.49,152.22,127.03,93.76,11.06
1359,28.22,7.02,-21.20,-17.60,24.71,-7.07,41.30,60.49,155.25,131.07,97.80,15.10
1360,21.16,0.96,-20.19,-11.06,20.67,-9.62,37.26,58.47,150.21,126.02,91.74,13.08
1361,16.11,-1.97,-18.08,-7.07,17.07,-10.00,34.23,54.43,147.18,124.00,87.70,10.05
1362,19.14,3.99,-15.15,-11.54,17.16,-5.58,33.27,56.45,150.21,128.04,92.75,20.15
1363,19.14,8.03,-11.11,-13.56,15.15,-1.54,34.23,57.46,151.22,131.07,94.77,18.13
1364,27.21,9.04,-18.17,-18.13,22.69,-4.57,31.25,56.45,149.20,130.06,94.77,14.09
1365,32.26,13.08,-19.18,-22.65,25.72,-3.03,33.27,61.50,155.25,134.10,100.83,22.17
1366,31.25,14.09,-17.16,-22.65,24.23,-1.54,33.27,59.48,153.23,132.08,97.80,19.14
1367,28.22,15.10,-13.13,-21.64,20.67,1.01,34.23,60.49,152.22,134.10,99.82,21.16
1368,18.13,15.10,-3.03,-16.59,10.58,6.06,35.24,62.51,156.26,139.10,103.81,24.18
1369,28.22,23.18,-5.05,-25.68,16.64,9.09,34.23,61.50,156.26,138.09,102.80,24.18
1370,32.26,23.18,-9.09,-27.69,20.67,7.07,31.25,59.48,155.25,138.09,103.81,22.17
1371,17.12,10.05,-7.07,-13.56,12.12,1.49,33.27,58.47,153.23,134.10,100.83,16.11
1372,24.18,10.05,-14.14,-17.12,19.18,-2.02,32.26,58.47,152.22,131.07,100.83,18.13
1373,25.19,13.08,-12.12,-19.14,18.66,0.48,29.23,56.45,152.22,134.10,104.82,24.18
1374,20.15,9.04,-11.11,-14.57,15.63,-1.01,31.25,56.45,154.24,132.08,105.83,23.18
1375,28.22,13.08,-15.15,-20.63,21.68,-1.01,24.18,47.36,148.19,126.02,101.79,20.15
1376,31.25,16.11,-15.15,-23.66,23.22,0.48,22.17,50.39,152.22,132.08,107.85,31.25
1377,25.19,15.10,-10.10,-20.15,17.65,2.50,29.23,58.47,158.28,136.07,112.89,38.27
1378,15.10,9.04,-6.06,-12.07,10.58,1.49,29.23,54.43,156.26,133.09,108.86,32.26
1379,23.18,14.09,-9.09,-18.61,16.16,2.50,25.19,53.42,156.26,134.10,109.87,30.24
1380,29.23,21.16,-8.08,-25.19,18.66,6.54,22.17,53.42,154.24,133.09,111.88,32.26
1381,25.19,16.11,-9.09,-20.63,17.16,3.51,20.15,49.38,151.22,131.07,106.84,29.23
1382,20.15,15.10,-5.05,-17.60,12.60,5.05,20.15,49.38,151.22,129.05,103.81,23.18
1383,20.15,18.13,-2.02,-19.14,11.11,8.08,21.16,48.37,152.22,130.06,105.83,24.18
1384,26.20,23.18,-3.03,-24.67,14.62,10.10,23.18,49.38,152.22,133.09,108.86,29.23
1385,26.20,22.17,-4.04,-24.18,15.15,9.09,25.19,53.42,156.26,134.10,108.86,29.23
1386,25.19,20.15,-5.05,-22.65,15.15,7.55,21.16,49.38,153.23,129.05,104.82,31.25
1387,29.23,23.18,-6.06,-26.20,17.65,8.56,25.19,52.41,155.25,132.08,107.85,31.25
1388,39.28,29.23,-10.05,-34.23,24.67,9.62,21.16,51.40,155.25,132.08,107.85,31.25
1389,27.21,22.17,-5.05,-24.67,16.16,8.56,19.14,48.37,152.22,130.06,104.82,32.26
1390,24.18,27.21,3.03,-25.68,10.58,15.15,30.24,56.45,156.26,135.06,109.87,31.25
1391,38.27,35.24,-3.03,-36.73,20.67,16.11,16.11,46.35,153.23,134.10,111.88,38.27
1392,26.20,18.13,-8.08,-22.17,17.16,5.05,11.06,41.30,150.21,133.09,112.89,39.28
1393,10.05,14.09,4.04,-12.07,3.03,9.09,17.12,42.31,150.21,134.10,113.90,40.29
1394,2.98,8.03,5.05,-5.48,-1.01,6.54,14.09,41.30,147.18,131.07,109.87,34.23
1395,9.04,9.04,0.00,-9.04,4.52,4.52,17.12,42.31,145.16,129.05,104.82,26.20
1396,16.11,14.09,-2.02,-15.10,9.09,6.06,11.06,34.23,140.11,128.04,102.80,27.21
1397,16.11,17.12,1.01,-16.59,7.55,9.09,14.09,41.30,143.14,131.07,107.85,32.26
1398,22.17,29.23,7.07,-25.68,7.55,18.17,26.20,50.39,148.19,136.07,111.88,35.24
1399,29.23,35.24,6.01,-32.21,11.64,20.63,18.13,39.28,146.17,139.10,113.90,41.30
1400,37.26,38.27,1.01,-37.74,18.13,19.67,10.05,36.25,144.15,137.08,112.89,38.27
1401,23.18,34.23,11.06,-28.70,6.06,22.65,6.01,34.23,139.10,132.08,110.87,35.24
1402,6.01,28.22,22.21,-17.12,-8.08,25.24,3.99,30.24,138.09,134.10,113.90,49.38
1403,9.04,20.15,11.11,-14.57,-1.01,15.63,3.99,28.22,136.07,130.06,110.87,42.31
1404,14.09,23.18,9.09,-18.61,2.50,16.16,0.00,27.21,133.09,126.02,105.83,26.20
1405,15.10,28.22,13.13,-21.64,1.01,20.67,5.00,31.25,136.07,128.04,106.84,28.22
1406,23.18,37.26,14.09,-30.19,4.57,25.68,5.00,31.25,137.08,130.06,111.88,37.26
1407,23.18,34.23,11.06,-28.70,6.06,22.65,2.98,28.22,135.06,129.05,112.89,36.25
1408,22.17,30.24,8.08,-26.20,7.07,19.18,8.03,31.25,135.06,126.02,109.87,31.25
1409,22.17,39.28,17.12,-30.72,2.55,28.22,-0.96,26.20,130.06,124.00,109.87,33.27
1410,16.11,39.28,23.18,-27.69,-3.51,31.25,-9.04,20.15,126.02,120.97,107.85,33.27
1411,9.04,43.32,34.28,-26.16,-12.60,38.80,0.00,25.19,129.05,124.00,109.87,36.25
1412,12.07,40.29,28.22,-26.16,-8.08,34.28,-3.99,22.17,129.05,126.02,113.90,46.35
1413,16.11,39.28,23.18,-27.69,-3.51,31.25,-10.05,19.14,127.03,122.99,110.87,44.33
1414,10.05,39.28,29.23,-24.67,-9.57,34.28,-8.03,23.18,131.07,121.98,109.87,39.28
1415,13.08,41.30,28.22,-27.17,-7.55,34.76,-9.04,18.13,124.00,118.95,107.85,37.26
1416,14.09,45.34,31.25,-29.71,-8.56,38.32,-6.01,18.13,120.97,118.95,106.84,40.29
1417,17.12,51.40,34.28,-34.23,-8.56,42.84,-3.99,20.15,122.99,120.97,111.88,47.36
1418,19.14,48.37,29.23,-33.75,-5.05,38.80,-10.05,18.13,120.97,114.91,109.87,41.30
1419,14.09,39.28,25.19,-26.69,-5.53,32.26,-17.12,11.06,112.89,107.85,101.79,32.26
1420,14.09,40.29,26.20,-27.17,-6.06,33.27,-21.16,7.02,108.86,105.83,98.81,32.26
1421,21.16,52.41,31.25,-36.78,-5.05,41.83,-22.17,8.03,113.90,109.87,104.82,41.30
1422,29.23,61.50,32.26,-45.34,-1.49,46.88,-22.17,7.02,110.87,107.85,101.79,40.29
1423,20.15,57.46,37.31,-38.80,-8.56,47.41,-18.13,6.01,107.85,101.79,96.79,35.24
1424,18.13,62.51,44.38,-40.29,-13.13,53.47,-19.14,6.01,105.83,99.82,95.78,37.26
1425,20.15,64.52,44.38,-42.31,-12.12,54.48,-19.14,6.01,105.83,101.79,98.81,43.32
1426,22.17,68.52,46.35,-45.34,-12.07,57.46,-22.17,0.00,102.80,98.81,99.82,43.32
1427,22.17,67.51,45.34,-44.81,-11.59,56.45,-26.20,-2.98,97.80,93.76,94.77,39.28
1428,22.17,64.52,42.36,-43.32,-10.10,53.47,-29.23,-7.02,96.79,94.77,95.78,42.31
1429,12.07,64.52,52.46,-38.27,-20.19,58.51,-30.24,-12.07,91.74,93.76,92.75,37.26
1430,0.96,54.43,53.47,-27.69,-26.25,53.95,-34.23,-11.06,88.71,89.72,91.74,36.25
1431,6.01,53.42,47.41,-29.71,-20.67,50.44,-42.31,-21.16,82.65,87.70,91.74,41.30
1432,14.09,64.52,50.44,-39.28,-18.17,57.50,-40.29,-19.14,82.65,88.71,90.73,39.28
1433,24.18,69.53,45.34,-46.83,-10.58,57.46,-38.27,-14.09,80.63,88.71,89.72,41.30
1434,14.09,69.53,55.44,-41.78,-20.67,62.51,-39.28,-17.12,78.61,87.70,88.71,43.32
1435,6.01,68.52,62.51,-37.26,-28.22,65.53,-43.32,-25.19,73.56,83.66,84.67,39.28
1436,3.99,62.51,58.51,-33.22,-27.26,60.53,-52.41,-31.25,65.53,75.58,79.62,35.24
1437,0.96,68.52,67.55,-34.71,-33.27,68.03,-49.38,-29.23,67.51,76.59,82.65,39.28
1438,10.05,71.54,61.50,-40.77,-25.72,66.54,-49.38,-35.24,64.52,72.55,81.64,39.28
1439,12.07,72.55,60.49,-42.31,-24.18,66.54,-54.43,-33.27,61.50,69.53,78.61,39.28
1440,0.00,72.55,72.55,-36.25,-36.25,72.55,-60.49,-40.29,56.45,67.51,77.60,40.29
1441,-2.98,71.54,74.53,-34.28,-38.75,73.04,-62.51,-50.39,47.36,59.48,72.55,37.26
1442,9.04,81.64,72.60,-45.34,-31.78,77.12,-66.54,-50.39,43.32,56.45,69.53,39.28
1443,14.09,80.63,66.54,-47.36,-26.20,73.61,-70.53,-55.44,38.27,51.40,64.52,35.24
1444,-5.00,77.60,82.60,-36.30,-43.80,80.10,-63.52,-53.42,37.26,51.40,65.53,33.27
1445,-13.08,81.64,94.72,-34.28,-53.90,88.18,-64.52,-51.40,40.29,56.45,71.54,39.28
1446,-12.07,88.71,100.78,-38.32,-56.40,94.72,-70.53,-56.45,35.24,54.43,71.54,48.37
1447,-10.05,92.75,102.80,-41.35,-56.40,97.75,-74.57,-64.52,24.18,45.34,62.51,41.30
1448,-1.97,91.74,93.71,-44.86,-47.84,92.70,-76.59,-72.55,18.13,40.29,55.44,26.20
1449,-3.99,86.69,90.68,-41.35,-47.31,88.66,-85.68,-80.63,9.04,34.23,53.42,29.23
1450,-14.09,86.69,100.78,-36.30,-57.41,93.71,-92.75,-84.67,5.00,31.25,53.42,33.27
1451,-20.15,84.67,104.82,-32.26,-62.46,94.72,-91.74,-86.69,0.00,28.22,50.39,29.23
1452,-20.15,86.69,106.84,-33.27,-63.47,96.74,-98.81,-94.77,-5.00,24.18,48.37,33.27
1453,-24.18,88.71,112.89,-32.26,-68.52,100.78,-102.80,-101.79,-11.06,20.15,46.35,35.24
1454,-28.22,85.68,113.90,-28.70,-71.06,99.77,-108.86,-111.88,-16.11,16.11,46.35,36.25
1455,-31.25,97.80,129.05,-33.27,-80.15,113.42,-109.87,-115.92,-19.14,15.10,46.35,34.23
1456,-34.23,94.77,129.00,-30.24,-81.59,111.88,-102.80,-105.83,-26.20,6.01,35.24,21.16
1457,-25.19,92.75,117.94,-33.75,-71.54,105.35,-106.84,-107.85,-31.25,1.97,30.24,24.18
1458,-19.14,107.85,126.98,-44.33,-73.04,117.41,-114.91,-118.95,-37.26,0.96,35.24,31.25
1459,-24.18,112.89,137.08,-44.33,-80.63,124.96,-113.90,-121.98,-43.32,-2.98,33.27,34.23
1460,-19.14,118.95,138.09,-49.91,-78.61,128.52,-116.93,-122.99,-51.40,-12.07,21.16,28.22
1461,-26.20,118.95,145.16,-46.35,-85.68,132.03,-128.04,-133.09,-59.48,-17.12,19.14,25.19
1462,-39.28,119.96,159.24,-40.34,-99.24,139.58,-125.01,-138.09,-62.51,-18.13,20.15,32.26
1463,-24.18,135.06,159.24,-55.44,-91.69,147.13,-125.01,-138.09,-66.54,-19.14,22.17,34.23
1464,-17.12,139.10,156.22,-60.97,-86.64,147.66,-141.12,-151.22,-78.61,-27.21,12.07,27.21
1465,-26.20,130.06,156.26,-51.93,-91.21,143.14,-142.13,-154.24,-87.70,-38.27,3.99,22.17
1466,-22.17,139.10,161.26,-58.47,-91.69,150.16,-150.21,-163.33,-94.77,-43.32,1.97,25.19
1467,-23.18,149.20,172.37,-62.99,-97.75,160.78,-153.23,-171.36,-100.83,-46.35,-0.96,24.18
1468,-34.23,141.12,175.35,-53.42,-104.77,158.23,-149.20,-168.33,-105.83,-47.36,0.96,26.20
1469,-34.23,136.07,170.30,-50.92,-102.27,153.19,-160.30,-179.44,-119.96,-60.49,-10.05,15.10
1470,-29.23,146.17,175.40,-58.47,-102.32,160.78,-165.35,-187.52,-131.07,-68.52,-18.13,13.08
1471,-35.24,148.19,183.43,-56.45,-109.34,165.78,-169.34,-193.57,-138.09,-72.55,-17.12,27.21
1472,-38.27,149.20,187.47,-55.44,-112.85,168.33,-170.35,-195.59,-144.15,-77.60,-22.17,17.12
1473,-41.30,151.22,192.52,-54.96,-116.89,171.84,-172.37,-199.63,-153.23,-84.67,-31.25,9.04
1474,-53.42,145.16,198.57,-45.87,-125.97,171.84,-182.47,-209.68,-164.34,-92.75,-37.26,10.05
1475,-50.39,155.25,205.64,-52.41,-127.99,180.45,-186.51,-214.73,-170.35,-96.79,-39.28,9.04
1476,-51.40,154.24,205.64,-51.40,-128.52,179.92,-194.58,-226.85,-180.45,-103.81,-41.30,14.09
1477,-48.37,157.27,205.64,-54.43,-126.98,181.46,-199.63,-235.89,-189.54,-112.89,-45.34,12.07
1478,-40.29,169.34,209.63,-64.52,-124.96,189.49,-196.60,-229.88,-191.56,-114.91,-46.35,15.10
1479,-50.39,162.32,212.71,-55.97,-131.55,187.52,-204.63,-239.92,-203.62,-125.01,-54.43,10.05
1480,-70.53,153.23,223.77,-41.35,-147.13,188.48,-212.71,-254.06,-221.80,-140.11,-67.51,-1.97
1481,-70.53,167.37,237.91,-48.42,-154.20,202.61,-212.71,-258.10,-228.87,-143.14,-66.54,3.99
1482,-66.54,173.38,239.92,-53.42,-153.23,206.65,-219.78,-269.16,-239.92,-151.22,-72.55,0.96
1483,-66.54,176.41,242.95,-54.91,-154.72,209.68,-224.83,-278.25,-250.02,-160.30,-77.60,0.00
1484,-64.52,184.49,249.01,-59.96,-156.74,216.75,-230.89,-286.32,-260.12,-167.37,-81.64,-0.96
1485,-68.52,180.45,248.96,-55.97,-158.72,214.68,-239.92,-294.40,-270.17,-176.41,-89.72,-6.01
1486,-72.55,187.52,260.07,-57.46,-166.31,223.77,-240.93,-299.45,-280.26,-182.47,-93.76,-3.99
1487,-68.52,188.53,257.04,-60.01,-162.75,222.76,-251.03,-309.50,-294.40,-194.58,-105.83,-8.03
1488,-71.54,182.47,254.01,-55.44,-162.75,218.24,-256.08,-316.57,-303.44,-203.62,-111.88,-10.05
1489,-68.52,193.57,262.09,-62.51,-165.30,227.81,-255.07,-313.54,-308.49,-204.63,-112.89,-6.01
1490,-75.58,194.58,270.17,-59.48,-172.85,232.38,-267.19,-330.70,-318.59,-211.70,-117.94,-5.00
1491,-80.63,191.56,272.19,-55.44,-176.41,231.85,-270.17,-336.71,-331.71,-222.81,-127.03,-14.09
1492,-79.62,188.53,268.15,-54.43,-173.86,228.34,-274.21,-336.71,-343.78,-232.90,-135.06,-21.16
1493,-95.78,175.40,271.18,-39.81,-183.48,223.29,-284.30,-351.86,-357.92,-244.97,-141.12,-16.11
1494,-84.67,189.54,274.21,-52.41,-179.44,231.85,-281.27,-348.83,-358.93,-243.96,-141.12,-15.10
1495,-83.66,200.64,284.30,-58.47,-183.96,242.47,-285.31,-356.91,-367.00,-250.02,-146.17,-18.13
1496,-94.77,192.56,287.33,-48.90,-191.03,239.92,-291.37,-365.99,-382.10,-262.14,-156.26,-22.17
1497,-97.80,189.54,287.33,-45.87,-192.56,238.43,-298.44,-376.04,-393.21,-271.18,-164.34,-27.21
1498,-100.83,189.54,290.36,-44.33,-195.59,239.92,-309.50,-392.20,-405.28,-281.27,-169.34,-27.21
1499,-95.78,199.63,295.41,-51.93,-195.59,247.52,-310.51,-389.17,-412.34,-283.29,-169.34,-21.16
1500,-102.80,206.65,309.45,-51.93,-206.12,258.05,-311.52,-392.20,-421.43,-290.36,-176.41,-24.18
1501,-107.85,210.69,318.54,-51.40,-213.19,264.59,-317.58,-406.29,-433.55,-300.46,-183.48,-27.21
1502,-103.81,210.69,314.50,-53.42,-209.15,262.57,-319.59,-413.35,-442.59,-306.47,-189.54,-28.22
1503,-105.83,205.64,311.47,-49.91,-208.62,258.53,-323.63,-412.34,-449.65,-315.56,-198.62,-35.24
1504,-111.88,210.69,322.58,-49.38,-217.23,266.61,-328.68,-419.41,-459.75,-322.62,-203.62,-33.27
1505,-107.85,211.70,319.55,-51.93,-213.67,265.60,-327.67,-420.42,-463.79,-325.65,-205.64,-30.24
1506,-100.83,219.78,320.60,-59.48,-210.69,270.17,-332.72,-423.45,-472.83,-331.71,-208.67,-27.21
1507,-102.80,220.79,323.59,-59.00,-213.19,272.19,-341.76,-433.55,-488.98,-344.79,-218.77,-38.27
1508,-110.87,213.72,324.60,-51.40,-217.71,269.16,-340.75,-437.54,-496.05,-351.86,-226.85,-48.37
1509,-112.89,214.73,327.62,-50.92,-220.26,271.18,-342.77,-446.63,-503.12,-356.91,-227.86,-47.36
1510,-101.79,219.78,321.57,-59.00,-211.65,270.65,-348.83,-453.69,-509.13,-362.96,-231.90,-46.35
1511,-102.80,222.81,325.61,-60.01,-214.20,274.21,-351.86,-455.71,-516.20,-368.01,-232.90,-42.31
1512,-106.84,220.79,327.62,-56.98,-217.23,274.21,-351.86,-457.73,-522.26,-370.99,-232.90,-43.32
1513,-109.87,217.76,327.62,-53.95,-218.72,272.67,-353.88,-461.77,-531.34,-378.06,-238.91,-43.32
1514,-121.98,207.66,329.64,-42.84,-225.79,268.63,-365.99,-478.89,-544.42,-389.17,-245.98,-44.33
1515,-124.00,207.66,331.66,-41.83,-227.81,269.64,-372.00,-486.97,-553.51,-396.24,-255.07,-52.41
1516,-130.06,201.65,331.71,-35.77,-230.89,266.66,-365.99,-475.86,-557.55,-401.28,-259.11,-51.40
1517,-140.11,194.58,334.69,-27.21,-237.38,264.64,-365.99,-479.90,-560.58,-404.27,-260.12,-45.34
1518,-134.10,199.63,333.73,-32.74,-233.91,266.66,-365.99,-483.94,-566.64,-408.30,-264.16,-46.35
1519,-126.02,204.63,330.65,-39.28,-228.34,267.62,-364.98,-482.93,-569.66,-411.33,-268.20,-56.45
1520,-122.99,207.66,330.65,-42.31,-226.80,269.16,-372.00,-487.97,-576.68,-417.39,-275.22,-62.51
1521,-124.00,202.61,326.61,-39.28,-225.31,264.59,-370.99,-487.97,-581.73,-424.46,-280.26,-60.49
1522,-121.98,205.64,327.62,-41.83,-224.78,266.61,-365.99,-484.95,-579.71,-425.47,-280.26,-60.49
1523,-119.96,209.68,329.64,-44.86,-224.78,269.64,-363.97,-482.93,-579.71,-426.48,-281.27,-57.46
1524,-122.99,207.66,330.65,-42.31,-226.80,269.16,-364.98,-482.93,-581.73,-427.49,-282.28,-58.47
1525,-121.98,204.63,326.61,-41.30,-224.30,265.60,-363.97,-481.92,-583.75,-430.52,-283.29,-55.44
1526,-119.96,203.62,323.59,-41.83,-221.75,263.58,-362.96,-479.90,-585.77,-434.56,-289.35,-61.50
1527,-116.93,205.64,322.58,-44.33,-219.73,264.11,-360.94,-478.89,-584.76,-436.58,-293.39,-67.51
1528,-127.03,193.57,320.60,-33.27,-223.82,257.09,-356.91,-473.84,-582.74,-437.54,-292.38,-66.54
1529,-138.09,178.43,316.52,-20.15,-227.28,247.47,-355.90,-469.85,-580.72,-436.58,-292.38,-66.54
1530,-137.08,172.37,309.45,-17.65,-223.24,240.89,-351.86,-464.80,-574.67,-431.53,-287.33,-60.49
1531,-136.07,165.35,301.42,-14.62,-218.72,233.39,-348.83,-460.76,-575.67,-433.55,-294.40,-68.52
1532,-133.09,167.37,300.46,-17.12,-216.75,233.91,-342.77,-455.71,-572.65,-432.54,-295.41,-73.56
1533,-133.09,167.37,300.46,-17.12,-216.75,233.91,-336.71,-447.63,-564.62,-425.47,-289.35,-66.54
1534,-124.00,162.32,286.32,-19.14,-205.16,224.30,-339.74,-450.66,-564.62,-428.50,-296.42,-76.59
1535,-109.87,166.36,276.23,-28.22,-193.05,221.27,-341.76,-447.63,-564.62,-429.51,-300.46,-85.68
1536,-115.92,159.29,275.22,-21.68,-195.55,217.23,-329.69,-437.54,-556.54,-424.46,-295.41,-78.61
1537,-118.95,152.22,271.18,-16.64,-195.06,211.70,-319.59,-433.55,-549.47,-420.42,-296.42,-83.66
1538,-118.95,148.19,267.14,-14.62,-193.05,207.66,-318.59,-424.46,-543.41,-419.41,-298.44,-87.70
1539,-124.00,141.12,265.12,-8.56,-194.54,203.09,-317.58,-425.47,-539.37,-419.41,-297.43,-85.68
1540,-120.97,143.14,264.11,-11.06,-192.52,203.62,-312.53,-421.43,-533.36,-415.37,-294.40,-86.69
1541,-125.01,137.08,262.09,-6.01,-193.53,199.58,-302.48,-409.31,-522.26,-408.30,-288.34,-82.65
1542,-122.99,125.01,248.00,-1.01,-185.50,186.51,-296.42,-400.28,-516.20,-406.29,-287.33,-81.64
1543,-116.93,125.01,241.94,-4.04,-179.44,183.48,-290.36,-393.21,-508.12,-402.29,-286.32,-80.63
1544,-114.91,125.01,239.92,-5.05,-177.42,182.47,-285.31,-385.13,-499.08,-397.25,-286.32,-89.72
1545,-112.89,114.91,227.81,-1.01,-170.35,171.36,-283.29,-377.05,-491.00,-394.22,-287.33,-95.78
1546,-111.88,113.90,225.79,-1.01,-168.81,169.82,-272.19,-367.00,-479.90,-386.14,-280.26,-87.70
1547,-104.82,113.90,218.72,-4.52,-161.74,166.31,-261.13,-355.90,-468.84,-381.09,-277.24,-85.68
1548,-110.87,101.79,212.66,4.52,-161.74,157.23,-258.10,-347.82,-458.74,-375.03,-275.22,-85.68
1549,-115.92,96.79,212.71,9.57,-164.29,154.72,-253.05,-335.75,-443.60,-363.97,-268.20,-83.66
1550,-100.83,94.77,195.59,3.03,-148.19,145.16,-241.94,-323.63,-431.53,-353.88,-262.14,-78.61
1551,-92.75,91.74,184.49,0.48,-138.62,138.09,-234.92,-315.56,-423.45,-347.82,-263.15,-88.71
1552,-93.76,87.70,181.46,3.03,-137.61,134.58,-228.87,-308.49,-412.34,-337.72,-255.07,-82.65
1553,-100.83,80.63,181.46,10.10,-141.12,131.02,-221.80,-299.45,-398.26,-325.65,-244.97,-75.58
1554,-93.76,77.60,171.36,8.08,-132.56,124.48,-212.71,-289.35,-387.15,-319.59,-244.97,-83.66
1555,-74.57,83.66,158.23,-4.52,-116.40,120.92,-200.64,-277.24,-374.02,-308.49,-239.92,-81.64
1556,-83.66,71.54,155.21,6.06,-119.43,113.38,-191.56,-264.16,-359.94,-298.44,-233.91,-84.67
1557,-87.70,60.49,148.19,13.61,-117.94,104.34,-184.49,-254.06,-349.84,-290.36,-226.85,-77.60
1558,-85.68,55.44,141.12,15.10,-113.38,98.28,-176.41,-243.96,-337.72,-281.27,-220.79,-77.60
1559,-89.72,49.38,139.10,20.15,-114.38,94.24,-175.40,-239.92,-327.67,-273.20,-215.74,-77.60
1560,-91.74,40.29,132.03,25.72,-111.88,86.16,-170.35,-228.87,-317.58,-266.18,-211.70,-76.59
1561,-86.69,42.31,129.00,22.17,-107.85,85.63,-154.24,-205.64,-297.43,-252.04,-203.62,-70.53
1562,-73.56,52.41,125.97,10.58,-99.77,89.19,-146.17,-195.59,-283.29,-239.92,-194.58,-56.45
1563,-68.52,44.33,112.85,12.07,-90.68,78.56,-148.19,-192.56,-277.24,-234.92,-191.56,-59.48
1564,-66.54,42.31,108.86,12.12,-87.70,75.58,-142.13,-186.51,-267.19,-227.86,-190.55,-70.53
1565,-68.52,33.27,101.79,17.60,-85.15,67.51,-134.10,-181.46,-256.08,-219.78,-186.51,-76.59
1566,-60.49,38.27,98.76,11.11,-79.62,68.52,-118.95,-163.33,-235.89,-203.62,-170.35,-65.53
1567,-56.45,37.26,93.71,9.57,-75.05,65.49,-110.87,-148.19,-223.82,-196.60,-165.35,-65.53
1568,-56.45,23.18,79.62,16.64,-68.03,51.40,-107.85,-145.16,-218.77,-192.56,-165.35,-71.54
1569,-52.41,21.16,73.56,15.63,-62.99,47.36,-100.83,-133.09,-200.64,-177.42,-151.22,-61.50
1570,-58.47,13.08,71.54,22.69,-65.01,42.31,-95.78,-128.04,-188.53,-167.37,-144.15,-60.49
1571,-55.44,7.02,62.46,24.18,-58.95,34.71,-90.73,-121.98,-178.43,-159.29,-136.07,-61.50
1572,-52.41,6.01,58.42,23.18,-55.39,32.21,-84.67,-111.88,-166.36,-150.21,-127.03,-55.44
1573,-52.41,10.05,62.46,21.16,-57.41,36.25,-72.55,-99.82,-156.26,-143.14,-125.01,-62.51
1574,-48.37,5.00,53.37,21.68,-50.87,29.19,-65.53,-88.71,-146.17,-134.10,-119.96,-64.52
1575,-33.27,14.09,47.36,9.57,-40.29,30.72,-63.52,-80.63,-133.09,-122.99,-111.88,-55.44
1576,-31.25,12.07,43.32,9.57,-37.26,27.69,-57.46,-74.57,-121.98,-114.91,-105.83,-49.38
1577,-33.27,1.97,35.24,15.63,-34.23,18.61,-54.43,-71.54,-113.90,-108.86,-102.80,-52.41
1578,-32.26,11.06,43.32,10.58,-37.79,27.17,-44.33,-59.48,-99.82,-94.77,-91.74,-45.34
1579,-39.28,-1.97,37.31,20.63,-38.32,17.65,-40.29,-52.41,-91.74,-90.73,-88.71,-45.34
1580,-44.33,-8.03,36.30,26.16,-40.34,14.14,-38.27,-49.38,-87.70,-88.71,-90.73,-53.42
1581,-37.26,-0.96,36.30,19.09,-36.78,17.65,-31.25,-41.30,-73.56,-76.59,-81.64,-45.34
1582,-27.21,-1.97,25.24,14.57,-26.25,11.64,-29.23,-37.26,-66.54,-73.56,-81.64,-43.32
1583,-30.24,-3.99,26.25,17.12,-28.27,11.11,-25.19,-31.25,-58.47,-67.51,-78.61,-44.33
1584,-21.16,0.00,21.16,10.58,-21.16,10.58,-23.18,-27.21,-49.38,-61.50,-69.53,-40.29
1585,-14.09,-1.97,12.12,8.03,-13.13,5.05,-17.12,-19.14,-40.29,-54.43,-62.51,-35.24
1586,-17.12,-3.99,13.13,10.53,-15.15,4.57,-12.07,-12.07,-30.24,-45.34,-60.49,-39.28
1587,-13.08,-3.99,9.09,8.51,-11.11,2.55,-9.04,-10.05,-26.20,-43.32,-61.50,-41.30
1588,-18.13,-11.06,7.07,14.57,-12.60,-2.02,-6.01,-2.98,-19.14,-37.26,-55.44,-41.30
1589,-18.13,-1.97,16.16,10.05,-17.16,7.07,-2.98,2.98,-10.05,-27.21,-44.33,-39.28
1590,-21.16,-12.07,9.09,16.59,-15.15,-1.49,1.97,8.03,-5.00,-22.17,-42.31,-25.19
1591,-19.14,-26.20,-7.07,22.65,-6.06,-16.64,2.98,12.07,1.97,-18.13,-45.34,-25.19
1592,-14.09,-20.15,-6.06,17.12,-4.04,-13.13,7.02,17.12,11.06,-11.06,-38.27,-26.20
1593,-12.07,-19.14,-7.07,15.58,-2.50,-13.13,9.04,21.16,18.13,-8.03,-33.27,-24.18
1594,-11.06,-24.18,-13.13,17.60,1.01,-18.66,13.08,24.18,23.18,-3.99,-32.26,-30.24
1595,-15.10,-21.16,-6.06,18.13,-4.52,-13.61,19.14,31.25,29.23,2.98,-25.19,-23.18
1596,-12.07,-21.16,-9.09,16.59,-1.49,-15.15,19.14,37.26,38.27,12.07,-19.14,-21.16
1597,-9.04,-27.21,-18.17,18.13,4.57,-22.69,19.14,39.28,41.30,13.08,-18.13,-26.20
1598,-9.04,-22.17,-13.13,15.58,2.02,-17.65,20.15,39.28,48.37,21.16,-12.07,-20.15
1599,-16.11,-28.22,-12.12,22.17,-2.02,-20.19,21.16,35.24,51.40,24.18,-10.05,-24.18
1600,-17.12,-32.26,-15.15,24.67,-1.01,-23.70,23.18,42.31,52.41,25.19,-9.04,-22.17
1601,-0.96,-16.11,-15.15,8.51,7.07,-15.63,32.26,56.45,65.53,37.26,-0.96,-22.17
1602,2.98,-12.07,-15.05,4.52,8.99,-13.56,38.27,60.49,72.55,42.31,3.99,-17.12
1603,2.98,-12.07,-15.05,4.52,8.99,-13.56,36.25,58.47,77.60,48.37,9.04,-6.01
1604,9.04,-3.99,-13.03,-2.50,11.01,-8.51,36.25,61.50,77.60,48.37,5.00,-21.16
1605,12.07,-10.05,-22.12,-1.01,17.07,-16.06,41.30,68.52,82.65,53.42,11.06,-17.12
1606,10.05,-6.01,-16.06,-2.02,13.03,-11.01,46.35,73.56,91.74,60.49,21.16,-2.98
1607,5.00,-13.08,-18.08,4.04,11.54,-15.58,44.33,71.54,89.72,56.45,18.13,-10.05
1608,9.04,-27.21,-36.25,9.09,22.65,-31.73,40.29,68.52,91.74,57.46,15.10,-16.11
1609,10.05,-22.17,-32.21,6.06,21.11,-27.17,42.31,73.56,95.78,61.50,18.13,-13.08
1610,13.08,-26.20,-39.28,6.54,26.16,-32.74,47.36,78.61,100.83,64.52,21.16,-13.08
1611,12.07,-30.24,-42.31,9.09,27.17,-36.25,48.37,79.62,103.81,66.54,22.17,-10.05
1612,-1.97,-30.24,-28.27,16.11,13.13,-29.28,47.36,78.61,108.86,69.53,26.20,-3.99
1613,6.01,-24.18,-30.19,9.09,18.08,-27.17,49.38,79.62,113.90,71.54,27.21,-5.00
1614,12.07,-22.17,-34.23,5.05,23.13,-28.18,48.37,79.62,113.90,70.53,22.17,-10.05
1615,14.09,-19.14,-33.22,2.50,23.66,-26.16,51.40,83.66,117.94,75.58,25.19,-9.04
1616,16.11,-23.18,-39.28,3.51,27.69,-31.20,50.39,86.69,119.96,77.60,29.23,-7.02
1617,6.01,-34.23,-40.24,14.09,23.13,-37.21,54.43,87.70,122.99,78.61,29.23,-7.02
1618,8.03,-29.23,-37.26,10.58,22.65,-33.22,57.46,90.73,126.02,82.65,33.27,-2.98
1619,7.02,-26.20,-33.22,9.57,20.10,-29.71,55.44,89.72,126.02,83.66,33.27,-5.00
1620,3.99,-26.20,-30.19,11.11,17.07,-28.18,62.51,96.79,131.07,87.70,37.26,-1.97
1621,7.02,-20.15,-27.17,6.54,17.07,-23.66,63.52,95.78,134.10,90.73,40.29,0.96
1622,10.05,-19.14,-29.19,4.52,19.62,-24.14,65.53,97.80,136.07,91.74,44.33,6.01
1623,12.07,-21.16,-33.22,4.52,22.65,-27.17,64.52,98.81,140.11,94.77,45.34,5.00
1624,8.03,-20.15,-28.18,6.06,18.08,-24.14,61.50,91.74,139.10,94.77,42.31,-6.01
1625,9.04,-24.18,-33.22,7.55,21.11,-28.70,67.51,101.79,141.12,95.78,45.34,-1.97
1626,11.06,-25.19,-36.25,7.07,23.66,-30.72,65.53,100.83,141.12,93.76,44.33,-2.98
1627,2.98,-22.17,-25.15,9.57,14.04,-23.66,61.50,98.81,141.12,97.80,47.36,0.00
1628,12.07,-24.18,-36.25,6.06,24.14,-30.19,66.54,103.81,148.19,101.79,50.39,0.00
1629,18.13,-22.17,-40.29,2.02,29.19,-31.20,69.53,107.85,150.21,101.79,48.37,-6.01
1630,14.09,-24.18,-38.27,5.05,26.16,-31.20,67.51,106.84,151.22,106.84,54.43,2.98
1631,18.13,-28.22,-46.35,5.05,32.21,-37.26,67.51,102.80,149.20,106.84,56.45,1.97
1632,13.08,-21.16,-34.23,4.04,23.66,-27.69,72.55,106.84,153.23,107.85,59.48,-0.96
1633,7.02,-19.14,-26.16,6.06,16.59,-22.65,79.62,110.87,157.27,110.87,60.49,0.00
1634,15.10,-20.15,-35.24,2.50,25.15,-27.69,75.58,106.84,155.25,112.89,60.49,1.97
1635,26.20,-14.09,-40.29,-6.06,33.22,-27.17,70.53,103.81,158.28,113.90,62.51,3.99
1636,19.14,-26.20,-45.34,3.51,32.21,-35.77,77.60,108.86,158.28,112.89,58.47,-3.99
1637,8.03,-38.27,-46.30,15.10,27.17,-42.26,72.55,105.83,158.28,112.89,60.49,-1.97
1638,2.98,-37.26,-40.24,17.12,21.59,-38.75,70.53,104.82,158.28,112.89,59.48,-1.97
1639,8.03,-37.26,-45.29,14.62,26.64,-41.25,68.52,106.84,160.30,111.88,60.49,0.96
1640,11.06,-27.21,-38.27,8.08,24.67,-32.74,63.52,104.82,161.31,115.92,64.52,12.07
1641,23.18,-19.14,-42.31,-2.02,32.74,-30.72,72.55,111.88,160.30,114.91,60.49,3.99
1642,26.20,-21.16,-47.36,-2.50,36.78,-34.23,73.56,109.87,161.31,112.89,59.48,0.96
1643,0.00,0.00,0.00,0.00,0.00,0.00,0.00,0.00,0.00,0.00,0.00,0.00
1644,0.00,0.00,0.00,0.00,0.00,0.00,0.00,0.00,0.00,0.00,0.00,0.00
1645,0.00,0.00,0.00,0.00,0.00,0.00,0.00,0.00,0.00,0.00,0.00,0.00
1646,0.00,0.00,0.00,0.00,0.00,0.00,0.00,0.00,0.00,0.00,0.00,0.00
1647,0.00,0.00,0.00,0.00,0.00,0.00,0.00,0.00,0.00,0.00,0.00,0.00
1648,0.00,0.00,0.00,0.00,0.00,0.00,0.00,0.00,0.00,0.00,0.00,0.00
1649,0.00,0.00,0.00,0.00,0.00,0.00,0.00,0.00,0.00,0.00,0.00,0.00
1650,0.00,0.00,0.00,0.00,0.00,0.00,0.00,0.00,0.00,0.00,0.00,0.00
1651,0.00,0.00,0.00,0.00,0.00,0.00,0.00,0.00,0.00,0.00,0.00,0.00
1652,0.00,0.00,0.00,0.00,0.00,0.00,0.00,0.00,0.00,0.00,0.00,0.00
1653,0.00,0.00,0.00,0.00,0.00,0.00,0.00,0.00,0.00,0.00,0.00,0.00
1654,0.00,0.00,0.00,0.00,0.00,0.00,0.00,0.00,0.00,0.00,0.00,0.00
1655,0.00,0.00,0.00,0.00,0.00,0.00,0.00,0.00,0.00,0.00,0.00,0.00
1656,0.00,0.00,0.00,0.00,0.00,0.00,0.00,0.00,0.00,0.00,0.00,0.00
1657,0.00,0.00,0.00,0.00,0.00,0.00,0.00,0.00,0.00,0.00,0.00,0.00
1658,0.00,0.00,0.00,0.00,0.00,0.00,0.00,0.00,0.00,0.00,0.00,0.00
1659,0.00,0.00,0.00,0.00,0.00,0.00,0.00,0.00,0.00,0.00,0.00,0.00
1660,0.00,0.00,0.00,0.00,0.00,0.00,0.00,0.00,0.00,0.00,0.00,0.00
1661,0.00,0.00,0.00,0.00,0.00,0.00,0.00,0.00,0.00,0.00,0.00,0.00
1662,0.00,0.00,0.00,0.00,0.00,0.00,0.00,0.00,0.00,0.00,0.00,0.00
1663,0.00,0.00,0.00,0.00,0.00,0.00,0.00,0.00,0.00,0.00,0.00,0.00
1664,0.00,0.00,0.00,0.00,0.00,0.00,0.00,0.00,0.00,0.00,0.00,0.00
1665,0.00,0.00,0.00,0.00,0.00,0.00,0.00,0.00,0.00,0.00,0.00,0.00
1666,0.00,0.00,0.00,0.00,0.00,0.00,0.00,0.00,0.00,0.00,0.00,0.00
1667,0.00,0.00,0.00,0.00,0.00,0.00,0.00,0.00,0.00,0.00,0.00,0.00
1668,0.00,0.00,0.00,0.00,0.00,0.00,0.00,0.00,0.00,0.00,0.00,0.00
1669,0.00,0.00,0.00,0.00,0.00,0.00,0.00,0.00,0.00,0.00,0.00,0.00
1670,0.00,0.00,0.00,0.00,0.00,0.00,0.00,0.00,0.00,0.00,0.00,0.00
1671,0.00,0.00,0.00,0.00,0.00,0.00,0.00,0.00,0.00,0.00,0.00,0.00
1672,0.00,0.00,0.00,0.00,0.00,0.00,0.00,0.00,0.00,0.00,0.00,0.00
1673,0.00,0.00,0.00,0.00,0.00,0.00,0.00,0.00,0.00,0.00,0.00,0.00
1674,0.00,0.00,0.00,0.00,0.00,0.00,0.00,0.00,0.00,0.00,0.00,0.00
1675,0.00,0.00,0.00,0.00,0.00,0.00,0.00,0.00,0.00,0.00,0.00,0.00
1676,0.00,0.00,0.00,0.00,0.00,0.00,0.00,0.00,0.00,0.00,0.00,0.00
1677,0.00,0.00,0.00,0.00,0.00,0.00,0.00,0.00,0.00,0.00,0.00,0.00
1678,0.00,0.00,0.00,0.00,0.00,0.00,0.00,0.00,0.00,0.00,0.00,0.00
1679,0.00,0.00,0.00,0.00,0.00,0.00,0.00,0.00,0.00,0.00,0.00,0.00
1680,0.00,0.00,0.00,0.00,0.00,0.00,0.00,0.00,0.00,0.00,0.00,0.00
1681,0.00,0.00,0.00,0.00,0.00,0.00,0.00,0.00,0.00,0.00,0.00,0.00
1682,0.00,0.00,0.00,0.00,0.00,0.00,0.00,0.00,0.00,0.00,0.00,0.00
1683,0.00,0.00,0.00,0.00,0.00,0.00,0.00,0.00,0.00,0.00,0.00,0.00
1684,0.00,0.00,0.00,0.00,0.00,0.00,0.00,0.00,0.00,0.00,0.00,0.00
1685,0.00,0.00,0.00,0.00,0.00,0.00,0.00,0.00,0.00,0.00,0.00,0.00
1686,0.00,0.00,0.00,0.00,0.00,0.00,0.00,0.00,0.00,0.00,0.00,0.00
1687,0.00,0.00,0.00,0.00,0.00,0.00,0.00,0.00,0.00,0.00,0.00,0.00
1688,0.00,0.00,0.00,0.00,0.00,0.00,0.00,0.00,0.00,0.00,0.00,0.00
1689,0.00,0.00,0.00,0.00,0.00,0.00,0.00,0.00,0.00,0.00,0.00,0.00
1690,0.00,0.00,0.00,0.00,0.00,0.00,0.00,0.00,0.00,0.00,0.00,0.00
1691,0.00,0.00,0.00,0.00,0.00,0.00,0.00,0.00,0.00,0.00,0.00,0.00
1692,0.00,0.00,0.00,0.00,0.00,0.00,0.00,0.00,0.00,0.00,0.00,0.00
1693,0.00,0.00,0.00,0.00,0.00,0.00,0.00,0.00,0.00,0.00,0.00,0.00
1694,0.00,0.00,0.00,0.00,0.00,0.00,0.00,0.00,0.00,0.00,0.00,0.00
1695,0.00,0.00,0.00,0.00,0.00,0.00,0.00,0.00,0.00,0.00,0.00,0.00
1696,0.00,0.00,0.00,0.00,0.00,0.00,0.00,0.00,0.00,0.00,0.00,0.00
1697,0.00,0.00,0.00,0.00,0.00,0.00,0.00,0.00,0.00,0.00,0.00,0.00
1698,0.00,0.00,0.00,0.00,0.00,0.00,0.00,0.00,0.00,0.00,0.00,0.00
1699,0.00,0.00,0.00,0.00,0.00,0.00,0.00,0.00,0.00,0.00,0.00,0.00
1700,0.00,0.00,0.00,0.00,0.00,0.00,0.00,0.00,0.00,0.00,0.00,0.00
1701,0.00,0.00,0.00,0.00,0.00,0.00,0.00,0.00,0.00,0.00,0.00,0.00
1702,0.00,0.00,0.00,0.00,0.00,0.00,0.00,0.00,0.00,0.00,0.00,0.00
1703,0.00,0.00,0.00,0.00,0.00,0.00,0.00,0.00,0.00,0.00,0.00,0.00
1704,0.00,0.00,0.00,0.00,0.00,0.00,0.00,0.00,0.00,0.00,0.00,0.00
1705,0.00,0.00,0.00,0.00,0.00,0.00,0.00,0.00,0.00,0.00,0.00,0.00
1706,0.00,0.00,0.00,0.00,0.00,0.00,0.00,0.00,0.00,0.00,0.00,0.00
1707,0.00,0.00,0.00,0.00,0.00,0.00,0.00,0.00,0.00,0.00,0.00,0.00
1708,0.00,0.00,0.00,0.00,0.00,0.00,0.00,0.00,0.00,0.00,0.00,0.00
1709,0.00,0.00,0.00,0.00,0.00,0.00,0.00,0.00,0.00,0.00,0.00,0.00
1710,0.00,0.00,0.00,0.00,0.00,0.00,0.00,0.00,0.00,0.00,0.00,0.00
1711,0.00,0.00,0.00,0.00,0.00,0.00,0.00,0.00,0.00,0.00,0.00,0.00
1712,0.00,0.00,0.00,0.00,0.00,0.00,0.00,0.00,0.00,0.00,0.00,0.00
1713,0.00,0.00,0.00,0.00,0.00,0.00,0.00,0.00,0.00,0.00,0.00,0.00
1714,0.00,0.00,0.00,0.00,0.00,0.00,0.00,0.00,0.00,0.00,0.00,0.00
1715,0.00,0.00,0.00,0.00,0.00,0.00,0.00,0.00,0.00,0.00,0.00,0.00
1716,0.00,0.00,0.00,0.00,0.00,0.00,0.00,0.00,0.00,0.00,0.00,0.00
1717,0.00,0.00,0.00,0.00,0.00,0.00,0.00,0.00,0.00,0.00,0.00,0.00
1718,0.00,0.00,0.00,0.00,0.00,0.00,0.00,0.00,0.00,0.00,0.00,0.00
1719,0.00,0.00,0.00,0.00,0.00,0.00,0.00,0.00,0.00,0.00,0.00,0.00
1720,0.00,0.00,0.00,0.00,0.00,0.00,0.00,0.00,0.00,0.00,0.00,0.00
1721,0.00,0.00,0.00,0.00,0.00,0.00,0.00,0.00,0.00,0.00,0.00,0.00
1722,0.00,0.00,0.00,0.00,0.00,0.00,0.00,0.00,0.00,0.00,0.00,0.00
1723,0.00,0.00,0.00,0.00,0.00,0.00,0.00,0.00,0.00,0.00,0.00,0.00
1724,0.00,0.00,0.00,0.00,0.00,0.00,0.00,0.00,0.00,0.00,0.00,0.00
1725,0.00,0.00,0.00,0.00,0.00,0.00,0.00,0.00,0.00,0.00,0.00,0.00
1726,0.00,0.00,0.00,0.00,0.00,0.00,0.00,0.00,0.00,0.00,0.00,0.00
1727,0.00,0.00,0.00,0.00,0.00,0.00,0.00,0.00,0.00,0.00,0.00,0.00
1728,0.00,0.00,0.00,0.00,0.00,0.00,0.00,0.00,0.00,0.00,0.00,0.00
1729,0.00,0.00,0.00,0.00,0.00,0.00,0.00,0.00,0.00,0.00,0.00,0.00
1730,0.00,0.00,0.00,0.00,0.00,0.00,0.00,0.00,0.00,0.00,0.00,0.00
1731,0.00,0.00,0.00,0.00,0.00,0.00,0.00,0.00,0.00,0.00,0.00,0.00
1732,0.00,0.00,0.00,0.00,0.00,0.00,0.00,0.00,0.00,0.00,0.00,0.00
1733,0.00,0.00,0.00,0.00,0.00,0.00,0.00,0.00,0.00,0.00,0.00,0.00
1734,0.00,0.00,0.00,0.00,0.00,0.00,0.00,0.00,0.00,0.00,0.00,0.00
1735,0.00,0.00,0.00,0.00,0.00,0.00,0.00,0.00,0.00,0.00,0.00,0.00
1736,0.00,0.00,0.00,0.00,0.00,0.00,0.00,0.00,0.00,0.00,0.00,0.00
1737,0.00,0.00,0.00,0.00,0.00,0.00,0.00,0.00,0.00,0.00,0.00,0.00
1738,0.00,0.00,0.00,0.00,0.00,0.00,0.00,0.00,0.00,0.00,0.00,0.00
1739,0.00,0.00,0.00,0.00,0.00,0.00,0.00,0.00,0.00,0.00,0.00,0.00
1740,0.00,0.00,0.00,0.00,0.00,0.00,0.00,0.00,0.00,0.00,0.00,0.00
1741,0.00,0.00,0.00,0.00,0.00,0.00,0.00,0.00,0.00,0.00,0.00,0.00
1742,0.00,0.00,0.00,0.00,0.00,0.00,0.00,0.00,0.00,0.00,0.00,0.00
1743,0.00,0.00,0.00,0.00,0.00,0.00,0.00,0.00,0.00,0.00,0.00,0.00
1744,0.00,0.00,0.00,0.00,0.00,0.00,0.00,0.00,0.00,0.00,0.00,0.00
1745,0.00,0.00,0.00,0.00,0.00,0.00,0.00,0.00,0.00,0.00,0.00,0.00
1746,0.00,0.00,0.00,0.00,0.00,0.00,0.00,0.00,0.00,0.00,0.00,0.00
1747,0.00,0.00,0.00,0.00,0.00,0.00,0.00,0.00,0.00,0.00,0.00,0.00
1748,0.00,0.00,0.00,0.00,0.00,0.00,0.00,0.00,0.00,0.00,0.00,0.00
1749,0.00,0.00,0.00,0.00,0.00,0.00,0.00,0.00,0.00,0.00,0.00,0.00
1750,0.00,0.00,0.00,0.00,0.00,0.00,0.00,0.00,0.00,0.00,0.00,0.00
1751,0.00,0.00,0.00,0.00,0.00,0.00,0.00,0.00,0.00,0.00,0.00,0.00
1752,0.00,0.00,0.00,0.00,0.00,0.00,0.00,0.00,0.00,0.00,0.00,0.00
1753,0.00,0.00,0.00,0.00,0.00,0.00,0.00,0.00,0.00,0.00,0.00,0.00
1754,0.00,0.00,0.00,0.00,0.00,0.00,0.00,0.00,0.00,0.00,0.00,0.00
1755,0.00,0.00,0.00,0.00,0.00,0.00,0.00,0.00,0.00,0.00,0.00,0.00
1756,0.00,0.00,0.00,0.00,0.00,0.00,0.00,0.00,0.00,0.00,0.00,0.00
1757,0.00,0.00,0.00,0.00,0.00,0.00,0.00,0.00,0.00,0.00,0.00,0.00
1758,0.00,0.00,0.00,0.00,0.00,0.00,0.00,0.00,0.00,0.00,0.00,0.00
1759,0.00,0.00,0.00,0.00,0.00,0.00,0.00,0.00,0.00,0.00,0.00,0.00
1760,0.00,0.00,0.00,0.00,0.00,0.00,0.00,0.00,0.00,0.00,0.00,0.00
1761,0.00,0.00,0.00,0.00,0.00,0.00,0.00,0.00,0.00,0.00,0.00,0.00
1762,0.00,0.00,0.00,0.00,0.00,0.00,0.00,0.00,0.00,0.00,0.00,0.00
1763,0.00,0.00,0.00,0.00,0.00,0.00,0.00,0.00,0.00,0.00,0.00,0.00
1764,0.00,0.00,0.00,0.00,0.00,0.00,0.00,0.00,0.00,0.00,0.00,0.00
1765,0.00,0.00,0.00,0.00,0.00,0.00,0.00,0.00,0.00,0.00,0.00,0.00
1766,0.00,0.00,0.00,0.00,0.00,0.00,0.00,0.00,0.00,0.00,0.00,0.00
1767,0.00,0.00,0.00,0.00,0.00,0.00,0.00,0.00,0.00,0.00,0.00,0.00
1768,0.00,0.00,0.00,0.00,0.00,0.00,0.00,0.00,0.00,0.00,0.00,0.00
1769,0.00,0.00,0.00,0.00,0.00,0.00,0.00,0.00,0.00,0.00,0.00,0.00
1770,0.00,0.00,0.00,0.00,0.00,0.00,0.00,0.00,0.00,0.00,0.00,0.00
1771,0.00,0.00,0.00,0.00,0.00,0.00,0.00,0.00,0.00,0.00,0.00,0.00
1772,0.00,0.00,0.00,0.00,0.00,0.00,0.00,0.00,0.00,0.00,0.00,0.00
1773,0.00,0.00,0.00,0.00,0.00,0.00,0.00,0.00,0.00,0.00,0.00,0.00
1774,0.00,0.00,0.00,0.00,0.00,0.00,0.00,0.00,0.00,0.00,0.00,0.00
1775,0.00,0.00,0.00,0.00,0.00,0.00,0.00,0.00,0.00,0.00,0.00,0.00
1776,0.00,0.00,0.00,0.00,0.00,0.00,0.00,0.00,0.00,0.00,0.00,0.00
1777,0.00,0.00,0.00,0.00,0.00,0.00,0.00,0.00,0.00,0.00,0.00,0.00
1778,0.00,0.00,0.00,0.00,0.00,0.00,0.00,0.00,0.00,0.00,0.00,0.00
1779,0.00,0.00,0.00,0.00,0.00,0.00,0.00,0.00,0.00,0.00,0.00,0.00
1780,0.00,0.00,0.00,0.00,0.00,0.00,0.00,0.00,0.00,0.00,0.00,0.00
1781,0.00,0.00,0.00,0.00,0.00,0.00,0.00,0.00,0.00,0.00,0.00,0.00
1782,0.00,0.00,0.00,0.00,0.00,0.00,0.00,0.00,0.00,0.00,0.00,0.00
1783,0.00,0.00,0.00,0.00,0.00,0.00,0.00,0.00,0.00,0.00,0.00,0.00
1784,0.00,0.00,0.00,0.00,0.00,0.00,0.00,0.00,0.00,0.00,0.00,0.00
1785,0.00,0.00,0.00,0.00,0.00,0.00,0.00,0.00,0.00,0.00,0.00,0.00
1786,0.00,0.00,0.00,0.00,0.00,0.00,0.00,0.00,0.00,0.00,0.00,0.00
1787,0.00,0.00,0.00,0.00,0.00,0.00,0.00,0.00,0.00,0.00,0.00,0.00
1788,0.00,0.00,0.00,0.00,0.00,0.00,0.00,0.00,0.00,0.00,0.00,0.00
1789,0.00,0.00,0.00,0.00,0.00,0.00,0.00,0.00,0.00,0.00,0.00,0.00
1790,0.00,0.00,0.00,0.00,0.00,0.00,0.00,0.00,0.00,0.00,0.00,0.00
1791,0.00,0.00,0.00,0.00,0.00,0.00,0.00,0.00,0.00,0.00,0.00,0.00
1792,0.00,0.00,0.00,0.00,0.00,0.00,0.00,0.00,0.00,0.00,0.00,0.00
1793,0.00,0.00,0.00,0.00,0.00,0.00,0.00,0.00,0.00,0.00,0.00,0.00
1794,0.00,0.00,0.00,0.00,0.00,0.00,0.00,0.00,0.00,0.00,0.00,0.00
1795,0.00,0.00,0.00,0.00,0.00,0.00,0.00,0.00,0.00,0.00,0.00,0.00
1796,0.00,0.00,0.00,0.00,0.00,0.00,0.00,0.00,0.00,0.00,0.00,0.00
1797,0.00,0.00,0.00,0.00,0.00,0.00,0.00,0.00,0.00,0.00,0.00,0.00
1798,0.00,0.00,0.00,0.00,0.00,0.00,0.00,0.00,0.00,0.00,0.00,0.00
1799,0.00,0.00,0.00,0.00,0.00,0.00,0.00,0.00,0.00,0.00,0.00,0.00
1800,0.00,0.00,0.00,0.00,0.00,0.00,0.00,0.00,0.00,0.00,0.00,0.00
1801,0.00,0.00,0.00,0.00,0.00,0.00,0.00,0.00,0.00,0.00,0.00,0.00
1802,0.00,0.00,0.00,0.00,0.00,0.00,0.00,0.00,0.00,0.00,0.00,0.00
1803,0.00,0.00,0.00,0.00,0.00,0.00,0.00,0.00,0.00,0.00,0.00,0.00
1804,0.00,0.00,0.00,0.00,0.00,0.00,0.00,0.00,0.00,0.00,0.00,0.00
1805,0.00,0.00,0.00,0.00,0.00,0.00,0.00,0.00,0.00,0.00,0.00,0.00
1806,0.00,0.00,0.00,0.00,0.00,0.00,0.00,0.00,0.00,0.00,0.00,0.00
1807,0.00,0.00,0.00,0.00,0.00,0.00,0.00,0.00,0.00,0.00,0.00,0.00
1808,0.00,0.00,0.00,0.00,0.00,0.00,0.00,0.00,0.00,0.00,0.00,0.00
1809,0.00,0.00,0.00,0.00,0.00,0.00,0.00,0.00,0.00,0.00,0.00,0.00
1810,0.00,0.00,0.00,0.00,0.00,0.00,0.00,0.00,0.00,0.00,0.00,0.00
1811,0.00,0.00,0.00,0.00,0.00,0.00,0.00,0.00,0.00,0.00,0.00,0.00
1812,0.00,0.00,0.00,0.00,0.00,0.00,0.00,0.00,0.00,0.00,0.00,0.00
1813,0.00,0.00,0.00,0.00,0.00,0.00,0.00,0.00,0.00,0.00,0.00,0.00
1814,0.00,0.00,0.00,0.00,0.00,0.00,0.00,0.00,0.00,0.00,0.00,0.00
1815,0.00,0.00,0.00,0.00,0.00,0.00,0.00,0.00,0.00,0.00,0.00,0.00
1816,0.00,0.00,0.00,0.00,0.00,0.00,0.00,0.00,0.00,0.00,0.00,0.00
1817,0.00,0.00,0.00,0.00,0.00,0.00,0.00,0.00,0.00,0.00,0.00,0.00
1818,0.00,0.00,0.00,0.00,0.00,0.00,0.00,0.00,0.00,0.00,0.00,0.00
1819,0.00,0.00,0.00,0.00,0.00,0.00,0.00,0.00,0.00,0.00,0.00,0.00
1820,0.00,0.00,0.00,0.00,0.00,0.00,0.00,0.00,0.00,0.00,0.00,0.00
1821,0.00,0.00,0.00,0.00,0.00,0.00,0.00,0.00,0.00,0.00,0.00,0.00
1822,0.00,0.00,0.00,0.00,0.00,0.00,0.00,0.00,0.00,0.00,0.00,0.00
1823,0.00,0.00,0.00,0.00,0.00,0.00,0.00,0.00,0.00,0.00,0.00,0.00
1824,0.00,0.00,0.00,0.00,0.00,0.00,0.00,0.00,0.00,0.00,0.00,0.00
1825,0.00,0.00,0.00,0.00,0.00,0.00,0.00,0.00,0.00,0.00,0.00,0.00
1826,0.00,0.00,0.00,0.00,0.00,0.00,0.00,0.00,0.00,0.00,0.00,0.00
1827,0.00,0.00,0.00,0.00,0.00,0.00,0.00,0.00,0.00,0.00,0.00,0.00
1828,0.00,0.00,0.00,0.00,0.00,0.00,0.00,0.00,0.00,0.00,0.00,0.00
1829,0.00,0.00,0.00,0.00,0.00,0.00,0.00,0.00,0.00,0.00,0.00,0.00
1830,0.00,0.00,0.00,0.00,0.00,0.00,0.00,0.00,0.00,0.00,0.00,0.00
1831,0.00,0.00,0.00,0.00,0.00,0.00,0.00,0.00,0.00,0.00,0.00,0.00
1832,0.00,0.00,0.00,0.00,0.00,0.00,0.00,0.00,0.00,0.00,0.00,0.00
1833,0.00,0.00,0.00,0.00,0.00,0.00,0.00,0.00,0.00,0.00,0.00,0.00
1834,0.00,0.00,0.00,0.00,0.00,0.00,0.00,0.00,0.00,0.00,0.00,0.00
1835,0.00,0.00,0.00,0.00,0.00,0.00,0.00,0.00,0.00,0.00,0.00,0.00
1836,0.00,0.00,0.00,0.00,0.00,0.00,0.00,0.00,0.00,0.00,0.00,0.00
1837,0.00,0.00,0.00,0.00,0.00,0.00,0.00,0.00,0.00,0.00,0.00,0.00
1838,0.00,0.00,0.00,0.00,0.00,0.00,0.00,0.00,0.00,0.00,0.00,0.00
1839,0.00,0.00,0.00,0.00,0.00,0.00,0.00,0.00,0.00,0.00,0.00,0.00
1840,0.00,0.00,0.00,0.00,0.00,0.00,0.00,0.00,0.00,0.00,0.00,0.00
1841,0.00,0.00,0.00,0.00,0.00,0.00,0.00,0.00,0.00,0.00,0.00,0.00
1842,0.00,0.00,0.00,0.00,0.00,0.00,0.00,0.00,0.00,0.00,0.00,0.00
1843,0.00,0.00,0.00,0.00,0.00,0.00,0.00,0.00,0.00,0.00,0.00,0.00
1844,0.00,0.00,0.00,0.00,0.00,0.00,0.00,0.00,0.00,0.00,0.00,0.00
1845,0.00,0.00,0.00,0.00,0.00,0.00,0.00,0.00,0.00,0.00,0.00,0.00
1846,0.00,0.00,0.00,0.00,0.00,0.00,0.00,0.00,0.00,0.00,0.00,0.00
1847,0.00,0.00,0.00,0.00,0.00,0.00,0.00,0.00,0.00,0.00,0.00,0.00
1848,0.00,0.00,0.00,0.00,0.00,0.00,0.00,0.00,0.00,0.00,0.00,0.00
1849,0.00,0.00,0.00,0.00,0.00,0.00,0.00,0.00,0.00,0.00,0.00,0.00
1850,0.00,0.00,0.00,0.00,0.00,0.00,0.00,0.00,0.00,0.00,0.00,0.00
1851,0.00,0.00,0.00,0.00,0.00,0.00,0.00,0.00,0.00,0.00,0.00,0.00
1852,0.00,0.00,0.00,0.00,0.00,0.00,0.00,0.00,0.00,0.00,0.00,0.00
1853,0.00,0.00,0.00,0.00,0.00,0.00,0.00,0.00,0.00,0.00,0.00,0.00
1854,0.00,0.00,0.00,0.00,0.00,0.00,0.00,0.00,0.00,0.00,0.00,0.00
1855,0.00,0.00,0.00,0.00,0.00,0.00,0.00,0.00,0.00,0.00,0.00,0.00
1856,0.00,0.00,0.00,0.00,0.00,0.00,0.00,0.00,0.00,0.00,0.00,0.00
1857,0.00,0.00,0.00,0.00,0.00,0.00,0.00,0.00,0.00,0.00,0.00,0.00
1858,0.00,0.00,0.00,0.00,0.00,0.00,0.00,0.00,0.00,0.00,0.00,0.00
1859,0.00,0.00,0.00,0.00,0.00,0.00,0.00,0.00,0.00,0.00,0.00,0.00
1860,0.00,0.00,0.00,0.00,0.00,0.00,0.00,0.00,0.00,0.00,0.00,0.00
1861,0.00,0.00,0.00,0.00,0.00,0.00,0.00,0.00,0.00,0.00,0.00,0.00
1862,0.00,0.00,0.00,0.00,0.00,0.00,0.00,0.00,0.00,0.00,0.00,0.00
1863,0.00,0.00,0.00,0.00,0.00,0.00,0.00,0.00,0.00,0.00,0.00,0.00
1864,0.00,0.00,0.00,0.00,0.00,0.00,0.00,0.00,0.00,0.00,0.00,0.00
1865,0.00,0.00,0.00,0.00,0.00,0.00,0.00,0.00,0.00,0.00,0.00,0.00
1866,0.00,0.00,0.00,0.00,0.00,0.00,0.00,0.00,0.00,0.00,0.00,0.00
1867,0.00,0.00,0.00,0.00,0.00,0.00,0.00,0.00,0.00,0.00,0.00,0.00
1868,0.00,0.00,0.00,0.00,0.00,0.00,0.00,0.00,0.00,0.00,0.00,0.00
1869,0.00,0.00,0.00,0.00,0.00,0.00,0.00,0.00,0.00,0.00,0.00,0.00
1870,0.00,0.00,0.00,0.00,0.00,0.00,0.00,0.00,0.00,0.00,0.00,0.00
1871,0.00,0.00,0.00,0.00,0.00,0.00,0.00,0.00,0.00,0.00,0.00,0.00
1872,0.00,0.00,0.00,0.00,0.00,0.00,0.00,0.00,0.00,0.00,0.00,0.00
1873,0.00,0.00,0.00,0.00,0.00,0.00,0.00,0.00,0.00,0.00,0.00,0.00
1874,0.00,0.00,0.00,0.00,0.00,0.00,0.00,0.00,0.00,0.00,0.00,0.00
1875,0.00,0.00,0.00,0.00,0.00,0.00,0.00,0.00,0.00,0.00,0.00,0.00
1876,0.00,0.00,0.00,0.00,0.00,0.00,0.00,0.00,0.00,0.00,0.00,0.00
1877,0.00,0.00,0.00,0.00,0.00,0.00,0.00,0.00,0.00,0.00,0.00,0.00
1878,0.00,0.00,0.00,0.00,0.00,0.00,0.00,0.00,0.00,0.00,0.00,0.00
1879,0.00,0.00,0.00,0.00,0.00,0.00,0.00,0.00,0.00,0.00,0.00,0.00
1880,0.00,0.00,0.00,0.00,0.00,0.00,0.00,0.00,0.00,0.00,0.00,0.00
1881,0.00,0.00,0.00,0.00,0.00,0.00,0.00,0.00,0.00,0.00,0.00,0.00
1882,0.00,0.00,0.00,0.00,0.00,0.00,0.00,0.00,0.00,0.00,0.00,0.00
1883,0.00,0.00,0.00,0.00,0.00,0.00,0.00,0.00,0.00,0.00,0.00,0.00
1884,0.00,0.00,0.00,0.00,0.00,0.00,0.00,0.00,0.00,0.00,0.00,0.00
1885,0.00,0.00,0.00,0.00,0.00,0.00,0.00,0.00,0.00,0.00,0.00,0.00
1886,0.00,0.00,0.00,0.00,0.00,0.00,0.00,0.00,0.00,0.00,0.00,0.00
1887,0.00,0.00,0.00,0.00,0.00,0.00,0.00,0.00,0.00,0.00,0.00,0.00
1888,0.00,0.00,0.00,0.00,0.00,0.00,0.00,0.00,0.00,0.00,0.00,0.00
1889,0.00,0.00,0.00,0.00,0.00,0.00,0.00,0.00,0.00,0.00,0.00,0.00
1890,0.00,0.00,0.00,0.00,0.00,0.00,0.00,0.00,0.00,0.00,0.00,0.00
1891,0.00,0.00,0.00,0.00,0.00,0.00,0.00,0.00,0.00,0.00,0.00,0.00
1892,0.00,0.00,0.00,0.00,0.00,0.00,0.00,0.00,0.00,0.00,0.00,0.00
1893,0.00,0.00,0.00,0.00,0.00,0.00,0.00,0.00,0.00,0.00,0.00,0.00
1894,0.00,0.00,0.00,0.00,0.00,0.00,0.00,0.00,0.00,0.00,0.00,0.00
1895,0.00,0.00,0.00,0.00,0.00,0.00,0.00,0.00,0.00,0.00,0.00,0.00
1896,0.00,0.00,0.00,0.00,0.00,0.00,0.00,0.00,0.00,0.00,0.00,0.00
1897,0.00,0.00,0.00,0.00,0.00,0.00,0.00,0.00,0.00,0.00,0.00,0.00
1898,0.00,0.00,0.00,0.00,0.00,0.00,0.00,0.00,0.00,0.00,0.00,0.00
1899,0.00,0.00,0.00,0.00,0.00,0.00,0.00,0.00,0.00,0.00,0.00,0.00
1900,0.00,0.00,0.00,0.00,0.00,0.00,0.00,0.00,0.00,0.00,0.00,0.00
1901,0.00,0.00,0.00,0.00,0.00,0.00,0.00,0.00,0.00,0.00,0.00,0.00
1902,0.00,0.00,0.00,0.00,0.00,0.00,0.00,0.00,0.00,0.00,0.00,0.00
1903,0.00,0.00,0.00,0.00,0.00,0.00,0.00,0.00,0.00,0.00,0.00,0.00
1904,0.00,0.00,0.00,0.00,0.00,0.00,0.00,0.00,0.00,0.00,0.00,0.00
1905,0.00,0.00,0.00,0.00,0.00,0.00,0.00,0.00,0.00,0.00,0.00,0.00
1906,0.00,0.00,0.00,0.00,0.00,0.00,0.00,0.00,0.00,0.00,0.00,0.00
1907,0.00,0.00,0.00,0.00,0.00,0.00,0.00,0.00,0.00,0.00,0.00,0.00
1908,0.00,0.00,0.00,0.00,0.00,0.00,0.00,0.00,0.00,0.00,0.00,0.00
1909,0.00,0.00,0.00,0.00,0.00,0.00,0.00,0.00,0.00,0.00,0.00,0.00
1910,0.00,0.00,0.00,0.00,0.00,0.00,0.00,0.00,0.00,0.00,0.00,0.00
1911,0.00,0.00,0.00,0.00,0.00,0.00,0.00,0.00,0.00,0.00,0.00,0.00
1912,0.00,0.00,0.00,0.00,0.00,0.00,0.00,0.00,0.00,0.00,0.00,0.00
1913,0.00,0.00,0.00,0.00,0.00,0.00,0.00,0.00,0.00,0.00,0.00,0.00
1914,0.00,0.00,0.00,0.00,0.00,0.00,0.00,0.00,0.00,0.00,0.00,0.00
1915,0.00,0.00,0.00,0.00,0.00,0.00,0.00,0.00,0.00,0.00,0.00,0.00
1916,0.00,0.00,0.00,0.00,0.00,0.00,0.00,0.00,0.00,0.00,0.00,0.00
1917,0.00,0.00,0.00,0.00,0.00,0.00,0.00,0.00,0.00,0.00,0.00,0.00
1918,0.00,0.00,0.00,0.00,0.00,0.00,0.00,0.00,0.00,0.00,0.00,0.00
1919,0.00,0.00,0.00,0.00,0.00,0.00,0.00,0.00,0.00,0.00,0.00,0.00
1920,0.00,0.00,0.00,0.00,0.00,0.00,0.00,0.00,0.00,0.00,0.00,0.00
1921,0.00,0.00,0.00,0.00,0.00,0.00,0.00,0.00,0.00,0.00,0.00,0.00
1922,0.00,0.00,0.00,0.00,0.00,0.00,0.00,0.00,0.00,0.00,0.00,0.00
1923,0.00,0.00,0.00,0.00,0.00,0.00,0.00,0.00,0.00,0.00,0.00,0.00
1924,0.00,0.00,0.00,0.00,0.00,0.00,0.00,0.00,0.00,0.00,0.00,0.00
1925,0.00,0.00,0.00,0.00,0.00,0.00,0.00,0.00,0.00,0.00,0.00,0.00
1926,0.00,0.00,0.00,0.00,0.00,0.00,0.00,0.00,0.00,0.00,0.00,0.00
1927,0.00,0.00,0.00,0.00,0.00,0.00,0.00,0.00,0.00,0.00,0.00,0.00
1928,0.00,0.00,0.00,0.00,0.00,0.00,0.00,0.00,0.00,0.00,0.00,0.00
1929,0.00,0.00,0.00,0.00,0.00,0.00,0.00,0.00,0.00,0.00,0.00,0.00
1930,0.00,0.00,0.00,0.00,0.00,0.00,0.00,0.00,0.00,0.00,0.00,0.00
1931,0.00,0.00,0.00,0.00,0.00,0.00,0.00,0.00,0.00,0.00,0.00,0.00
1932,0.00,0.00,0.00,0.00,0.00,0.00,0.00,0.00,0.00,0.00,0.00,0.00
1933,0.00,0.00,0.00,0.00,0.00,0.00,0.00,0.00,0.00,0.00,0.00,0.00
1934,0.00,0.00,0.00,0.00,0.00,0.00,0.00,0.00,0.00,0.00,0.00,0.00
1935,0.00,0.00,0.00,0.00,0.00,0.00,0.00,0.00,0.00,0.00,0.00,0.00
1936,0.00,0.00,0.00,0.00,0.00,0.00,0.00,0.00,0.00,0.00,0.00,0.00
1937,0.00,0.00,0.00,0.00,0.00,0.00,0.00,0.00,0.00,0.00,0.00,0.00
1938,0.00,0.00,0.00,0.00,0.00,0.00,0.00,0.00,0.00,0.00,0.00,0.00
1939,0.00,0.00,0.00,0.00,0.00,0.00,0.00,0.00,0.00,0.00,0.00,0.00
1940,0.00,0.00,0.00,0.00,0.00,0.00,0.00,0.00,0.00,0.00,0.00,0.00
1941,0.00,0.00,0.00,0.00,0.00,0.00,0.00,0.00,0.00,0.00,0.00,0.00
1942,0.00,0.00,0.00,0.00,0.00,0.00,0.00,0.00,0.00,0.00,0.00,0.00
1943,0.00,0.00,0.00,0.00,0.00,0.00,0.00,0.00,0.00,0.00,0.00,0.00
1944,0.00,0.00,0.00,0.00,0.00,0.00,0.00,0.00,0.00,0.00,0.00,0.00
1945,0.00,0.00,0.00,0.00,0.00,0.00,0.00,0.00,0.00,0.00,0.00,0.00
1946,0.00,0.00,0.00,0.00,0.00,0.00,0.00,0.00,0.00,0.00,0.00,0.00
1947,0.00,0.00,0.00,0.00,0.00,0.00,0.00,0.00,0.00,0.00,0.00,0.00
1948,0.00,0.00,0.00,0.00,0.00,0.00,0.00,0.00,0.00,0.00,0.00,0.00
1949,0.00,0.00,0.00,0.00,0.00,0.00,0.00,0.00,0.00,0.00,0.00,0.00
1950,0.00,0.00,0.00,0.00,0.00,0.00,0.00,0.00,0.00,0.00,0.00,0.00
1951,0.00,0.00,0.00,0.00,0.00,0.00,0.00,0.00,0.00,0.00,0.00,0.00
1952,0.00,0.00,0.00,0.00,0.00,0.00,0.00,0.00,0.00,0.00,0.00,0.00
1953,0.00,0.00,0.00,0.00,0.00,0.00,0.00,0.00,0.00,0.00,0.00,0.00
1954,0.00,0.00,0.00,0.00,0.00,0.00,0.00,0.00,0.00,0.00,0.00,0.00
1955,0.00,0.00,0.00,0.00,0.00,0.00,0.00,0.00,0.00,0.00,0.00,0.00
1956,0.00,0.00,0.00,0.00,0.00,0.00,0.00,0.00,0.00,0.00,0.00,0.00
1957,0.00,0.00,0.00,0.00,0.00,0.00,0.00,0.00,0.00,0.00,0.00,0.00
1958,0.00,0.00,0.00,0.00,0.00,0.00,0.00,0.00,0.00,0.00,0.00,0.00
1959,0.00,0.00,0.00,0.00,0.00,0.00,0.00,0.00,0.00,0.00,0.00,0.00
1960,0.00,0.00,0.00,0.00,0.00,0.00,0.00,0.00,0.00,0.00,0.00,0.00
1961,0.00,0.00,0.00,0.00,0.00,0.00,0.00,0.00,0.00,0.00,0.00,0.00
1962,0.00,0.00,0.00,0.00,0.00,0.00,0.00,0.00,0.00,0.00,0.00,0.00
1963,0.00,0.00,0.00,0.00,0.00,0.00,0.00,0.00,0.00,0.00,0.00,0.00
1964,0.00,0.00,0.00,0.00,0.00,0.00,0.00,0.00,0.00,0.00,0.00,0.00
1965,0.00,0.00,0.00,0.00,0.00,0.00,0.00,0.00,0.00,0.00,0.00,0.00
1966,0.00,0.00,0.00,0.00,0.00,0.00,0.00,0.00,0.00,0.00,0.00,0.00
1967,0.00,0.00,0.00,0.00,0.00,0.00,0.00,0.00,0.00,0.00,0.00,0.00
1968,0.00,0.00,0.00,0.00,0.00,0.00,0.00,0.00,0.00,0.00,0.00,0.00
1969,0.00,0.00,0.00,0.00,0.00,0.00,0.00,0.00,0.00,0.00,0.00,0.00
1970,0.00,0.00,0.00,0.00,0.00,0.00,0.00,0.00,0.00,0.00,0.00,0.00
1971,0.00,0.00,0.00,0.00,0.00,0.00,0.00,0.00,0.00,0.00,0.00,0.00
1972,0.00,0.00,0.00,0.00,0.00,0.00,0.00,0.00,0.00,0.00,0.00,0.00
1973,0.00,0.00,0.00,0.00,0.00,0.00,0.00,0.00,0.00,0.00,0.00,0.00
1974,0.00,0.00,0.00,0.00,0.00,0.00,0.00,0.00,0.00,0.00,0.00,0.00
1975,0.00,0.00,0.00,0.00,0.00,0.00,0.00,0.00,0.00,0.00,0.00,0.00
1976,0.00,0.00,0.00,0.00,0.00,0.00,0.00,0.00,0.00,0.00,0.00,0.00
1977,0.00,0.00,0.00,0.00,0.00,0.00,0.00,0.00,0.00,0.00,0.00,0.00
1978,0.00,0.00,0.00,0.00,0.00,0.00,0.00,0.00,0.00,0.00,0.00,0.00
1979,0.00,0.00,0.00,0.00,0.00,0.00,0.00,0.00,0.00,0.00,0.00,0.00
1980,0.00,0.00,0.00,0.00,0.00,0.00,0.00,0.00,0.00,0.00,0.00,0.00
1981,0.00,0.00,0.00,0.00,0.00,0.00,0.00,0.00,0.00,0.00,0.00,0.00
1982,0.00,0.00,0.00,0.00,0.00,0.00,0.00,0.00,0.00,0.00,0.00,0.00
1983,0.00,0.00,0.00,0.00,0.00,0.00,0.00,0.00,0.00,0.00,0.00,0.00
1984,0.00,0.00,0.00,0.00,0.00,0.00,0.00,0.00,0.00,0.00,0.00,0.00
1985,0.00,0.00,0.00,0.00,0.00,0.00,0.00,0.00,0.00,0.00,0.00,0.00
1986,0.00,0.00,0.00,0.00,0.00,0.00,0.00,0.00,0.00,0.00,0.00,0.00
1987,0.00,0.00,0.00,0.00,0.00,0.00,0.00,0.00,0.00,0.00,0.00,0.00
1988,0.00,0.00,0.00,0.00,0.00,0.00,0.00,0.00,0.00,0.00,0.00,0.00
1989,0.00,0.00,0.00,0.00,0.00,0.00,0.00,0.00,0.00,0.00,0.00,0.00
1990,0.00,0.00,0.00,0.00,0.00,0.00,0.00,0.00,0.00,0.00,0.00,0.00
1991,0.00,0.00,0.00,0.00,0.00,0.00,0.00,0.00,0.00,0.00,0.00,0.00
1992,0.00,0.00,0.00,0.00,0.00,0.00,0.00,0.00,0.00,0.00,0.00,0.00
1993,0.00,0.00,0.00,0.00,0.00,0.00,0.00,0.00,0.00,0.00,0.00,0.00
1994,0.00,0.00,0.00,0.00,0.00,0.00,0.00,0.00,0.00,0.00,0.00,0.00
1995,0.00,0.00,0.00,0.00,0.00,0.00,0.00,0.00,0.00,0.00,0.00,0.00
1996,0.00,0.00,0.00,0.00,0.00,0.00,0.00,0.00,0.00,0.00,0.00,0.00
1997,0.00,0.00,0.00,0.00,0.00,0.00,0.00,0.00,0.00,0.00,0.00,0.00
1998,0.00,0.00,0.00,0.00,0.00,0.00,0.00,0.00,0.00,0.00,0.00,0.00
1999,0.00,0.00,0.00,0.00,0.00,0.00,0.00,0.00,0.00,0.00,0.00,0.00
2000,0.00,0.00,0.00,0.00,0.00,0.00,0.00,0.00,0.00,0.00,0.00,0.00
2001,0.00,0.00,0.00,0.00,0.00,0.00,0.00,0.00,0.00,0.00,0.00,0.00
2002,0.00,0.00,0.00,0.00,0.00,0.00,0.00,0.00,0.00,0.00,0.00,0.00
2003,0.00,0.00,0.00,0.00,0.00,0.00,0.00,0.00,0.00,0.00,0.00,0.00
2004,0.00,0.00,0.00,0.00,0.00,0.00,0.00,0.00,0.00,0.00,0.00,0.00
2005,0.00,0.00,0.00,0.00,0.00,0.00,0.00,0.00,0.00,0.00,0.00,0.00
2006,0.00,0.00,0.00,0.00,0.00,0.00,0.00,0.00,0.00,0.00,0.00,0.00
2007,0.00,0.00,0.00,0.00,0.00,0.00,0.00,0.00,0.00,0.00,0.00,0.00
2008,0.00,0.00,0.00,0.00,0.00,0.00,0.00,0.00,0.00,0.00,0.00,0.00
2009,0.00,0.00,0.00,0.00,0.00,0.00,0.00,0.00,0.00,0.00,0.00,0.00
2010,0.00,0.00,0.00,0.00,0.00,0.00,0.00,0.00,0.00,0.00,0.00,0.00
2011,0.00,0.00,0.00,0.00,0.00,0.00,0.00,0.00,0.00,0.00,0.00,0.00
2012,0.00,0.00,0.00,0.00,0.00,0.00,0.00,0.00,0.00,0.00,0.00,0.00
2013,0.00,0.00,0.00,0.00,0.00,0.00,0.00,0.00,0.00,0.00,0.00,0.00
2014,0.00,0.00,0.00,0.00,0.00,0.00,0.00,0.00,0.00,0.00,0.00,0.00
2015,0.00,0.00,0.00,0.00,0.00,0.00,0.00,0.00,0.00,0.00,0.00,0.00
2016,0.00,0.00,0.00,0.00,0.00,0.00,0.00,0.00,0.00,0.00,0.00,0.00
2017,0.00,0.00,0.00,0.00,0.00,0.00,0.00,0.00,0.00,0.00,0.00,0.00
2018,0.00,0.00,0.00,0.00,0.00,0.00,0.00,0.00,0.00,0.00,0.00,0.00
2019,0.00,0.00,0.00,0.00,0.00,0.00,0.00,0.00,0.00,0.00,0.00,0.00
2020,0.00,0.00,0.00,0.00,0.00,0.00,0.00,0.00,0.00,0.00,0.00,0.00
2021,0.00,0.00,0.00,0.00,0.00,0.00,0.00,0.00,0.00,0.00,0.00,0.00
2022,0.00,0.00,0.00,0.00,0.00,0.00,0.00,0.00,0.00,0.00,0.00,0.00
2023,0.00,0.00,0.00,0.00,0.00,0.00,0.00,0.00,0.00,0.00,0.00,0.00
2024,0.00,0.00,0.00,0.00,0.00,0.00,0.00,0.00,0.00,0.00,0.00,0.00
2025,0.00,0.00,0.00,0.00,0.00,0.00,0.00,0.00,0.00,0.00,0.00,0.00
2026,0.00,0.00,0.00,0.00,0.00,0.00,0.00,0.00,0.00,0.00,0.00,0.00
2027,0.00,0.00,0.00,0.00,0.00,0.00,0.00,0.00,0.00,0.00,0.00,0.00
2028,0.00,0.00,0.00,0.00,0.00,0.00,0.00,0.00,0.00,0.00,0.00,0.00
2029,0.00,0.00,0.00,0.00,0.00,0.00,0.00,0.00,0.00,0.00,0.00,0.00
2030,0.00,0.00,0.00,0.00,0.00,0.00,0.00,0.00,0.00,0.00,0.00,0.00
2031,0.00,0.00,0.00,0.00,0.00,0.00,0.00,0.00,0.00,0.00,0.00,0.00
2032,0.00,0.00,0.00,0.00,0.00,0.00,0.00,0.00,0.00,0.00,0.00,0.00
2033,0.00,0.00,0.00,0.00,0.00,0.00,0.00,0.00,0.00,0.00,0.00,0.00
2034,0.00,0.00,0.00,0.00,0.00,0.00,0.00,0.00,0.00,0.00,0.00,0.00
2035,0.00,0.00,0.00,0.00,0.00,0.00,0.00,0.00,0.00,0.00,0.00,0.00
2036,0.00,0.00,0.00,0.00,0.00,0.00,0.00,0.00,0.00,0.00,0.00,0.00
2037,0.00,0.00,0.00,0.00,0.00,0.00,0.00,0.00,0.00,0.00,0.00,0.00
2038,0.00,0.00,0.00,0.00,0.00,0.00,0.00,0.00,0.00,0.00,0.00,0.00
2039,0.00,0.00,0.00,0.00,0.00,0.00,0.00,0.00,0.00,0.00,0.00,0.00
2040,0.00,0.00,0.00,0.00,0.00,0.00,0.00,0.00,0.00,0.00,0.00,0.00
2041,0.00,0.00,0.00,0.00,0.00,0.00,0.00,0.00,0.00,0.00,0.00,0.00
2042,0.00,0.00,0.00,0.00,0.00,0.00,0.00,0.00,0.00,0.00,0.00,0.00
2043,0.00,0.00,0.00,0.00,0.00,0.00,0.00,0.00,0.00,0.00,0.00,0.00
2044,0.00,0.00,0.00,0.00,0.00,0.00,0.00,0.00,0.00,0.00,0.00,0.00
2045,0.00,0.00,0.00,0.00,0.00,0.00,0.00,0.00,0.00,0.00,0.00,0.00
2046,0.00,0.00,0.00,0.00,0.00,0.00,0.00,0.00,0.00,0.00,0.00,0.00
2047,0.00,0.00,0.00,0.00,0.00,0.00,0.00,0.00,0.00,0.00,0.00,0.00
2048,0.00,0.00,0.00,0.00,0.00,0.00,0.00,0.00,0.00,0.00,0.00,0.00
2049,0.00,0.00,0.00,0.00,0.00,0.00,0.00,0.00,0.00,0.00,0.00,0.00
2050,0.00,0.00,0.00,0.00,0.00,0.00,0.00,0.00,0.00,0.00,0.00,0.00
2051,0.00,0.00,0.00,0.00,0.00,0.00,0.00,0.00,0.00,0.00,0.00,0.00
2052,0.00,0.00,0.00,0.00,0.00,0.00,0.00,0.00,0.00,0.00,0.00,0.00
2053,45.34,-37.26,-82.60,-4.04,63.95,-59.91,58.47,99.82,177.42,139.10,92.75,15.10
2054,43.32,-30.24,-73.56,-6.54,58.42,-51.88,57.46,96.79,178.43,142.13,94.77,18.13
2055,45.34,-26.20,-71.54,-9.57,58.42,-48.85,59.48,101.79,181.46,144.15,95.78,19.14
2056,50.39,-25.19,-75.58,-12.60,62.99,-50.39,65.53,104.82,181.46,146.17,98.81,20.15
2057,45.34,-21.16,-66.50,-12.07,55.92,-43.80,67.51,106.84,184.49,149.20,102.80,26.20
2058,39.28,-25.19,-64.48,-7.02,51.88,-44.81,72.55,107.85,186.51,151.22,102.80,27.21
2059,41.30,-26.20,-67.51,-7.55,54.38,-46.83,58.47,97.80,178.43,144.15,96.79,18.13
2060,51.40,-24.18,-75.58,-13.61,63.47,-49.86,54.43,96.79,175.40,139.10,93.76,20.15
2061,58.47,-18.13,-76.59,-20.15,67.51,-47.36,70.53,106.84,178.43,143.14,96.79,22.17
2062,37.26,-31.25,-68.52,-2.98,52.89,-49.86,65.53,105.83,177.42,144.15,95.78,18.13
2063,24.18,-39.28,-63.47,7.55,43.80,-51.35,65.53,103.81,174.39,141.12,91.74,14.09
2064,32.26,-29.23,-61.50,-1.49,46.88,-45.34,61.50,100.83,170.35,139.10,88.71,11.06
2065,28.22,-34.23,-62.46,2.98,45.34,-48.32,61.50,97.80,170.35,139.10,88.71,15.10
2066,36.25,-25.19,-61.45,-5.53,48.85,-43.32,64.52,99.82,174.39,141.12,93.76,17.12
2067,40.29,-22.17,-62.46,-9.04,51.35,-42.31,58.47,100.83,177.42,143.14,96.79,19.14
2068,36.25,-23.18,-59.43,-6.54,47.84,-41.30,62.51,98.81,176.41,144.15,95.78,20.15
2069,39.28,-31.25,-70.53,-3.99,54.91,-50.87,64.52,99.82,170.35,141.12,90.73,13.08
2070,39.28,-40.29,-79.57,0.48,59.43,-59.91,62.51,101.79,170.35,140.11,90.73,12.07
2071,48.37,-28.22,-76.59,-10.05,62.46,-52.41,63.52,102.80,174.39,143.14,94.77,15.10
2072,55.44,-23.18,-78.61,-16.11,67.03,-50.87,64.52,106.84,175.40,144.15,95.78,16.11
2073,62.51,-15.10,-77.60,-23.70,70.05,-46.35,66.54,106.84,179.44,148.19,97.80,24.18
2074,58.47,-18.13,-76.59,-20.15,67.51,-47.36,66.54,106.84,181.46,149.20,97.80,21.16
2075,38.27,-32.26,-70.53,-2.98,54.38,-51.40,61.50,101.79,170.35,140.11,88.71,5.00
2076,33.27,-42.31,-75.58,4.52,54.43,-58.95,61.50,98.81,168.33,139.10,88.71,9.04
2077,41.30,-39.28,-80.58,-1.01,60.92,-59.91,62.51,102.80,172.37,141.12,92.75,21.16
2078,45.34,-31.25,-76.59,-7.02,60.97,-53.90,61.50,104.82,173.38,143.14,93.76,20.15
2079,49.38,-25.19,-74.57,-12.07,61.98,-49.86,61.50,106.84,174.39,145.16,93.76,18.13
2080,42.31,-31.25,-73.56,-5.53,57.94,-52.41,60.49,104.82,171.36,141.12,88.71,8.03
2081,43.32,-30.24,-73.56,-6.54,58.42,-51.88,60.49,105.83,171.36,142.13,89.72,14.09
2082,59.48,-17.12,-76.59,-21.16,68.03,-46.83,63.52,107.85,174.39,143.14,92.75,18.13
2083,44.33,-30.24,-74.57,-7.02,59.43,-52.41,59.48,102.80,170.35,138.09,89.72,16.11
2084,37.26,-35.24,-72.51,-1.01,54.86,-53.85,54.43,96.79,166.36,139.10,91.74,25.19
2085,38.27,-32.26,-70.53,-2.98,54.38,-51.40,56.45,99.82,168.33,137.08,88.71,13.08
2086,42.31,-21.16,-63.47,-10.58,52.89,-42.31,60.49,103.81,172.37,141.12,93.76,17.12
2087,45.34,-25.19,-70.53,-10.05,57.94,-47.84,57.46,97.80,170.35,138.09,92.75,18.13
2088,31.25,-41.30,-72.55,5.00,51.88,-56.93,57.46,100.83,167.37,133.09,85.68,10.05
2089,37.26,-32.26,-69.53,-2.50,53.37,-50.87,58.47,106.84,172.37,139.10,94.77,23.18
2090,33.27,-46.35,-79.62,6.54,56.45,-62.99,53.42,98.81,167.37,131.07,85.68,9.04
2091,33.27,-45.34,-78.61,6.01,55.92,-61.98,54.43,98.81,166.36,132.08,83.66,10.05
2092,47.36,-22.17,-69.53,-12.60,58.42,-45.82,57.46,103.81,174.39,142.13,96.79,27.21
2093,45.34,-25.19,-70.53,-10.05,57.94,-47.84,60.49,102.80,173.38,139.10,93.76,17.12
2094,38.27,-34.23,-72.51,-2.02,55.39,-53.37,62.51,103.81,170.35,135.06,87.70,5.00
2095,35.24,-32.26,-67.51,-1.49,51.35,-49.86,63.52,105.83,170.35,135.06,88.71,9.04
2096,35.24,-39.28,-74.53,2.02,54.86,-56.88,60.49,104.82,170.35,136.07,88.71,13.08
2097,32.26,-41.30,-73.56,4.52,52.89,-57.41,61.50,103.81,169.34,135.06,86.69,12.07
2098,27.21,-39.28,-66.50,6.01,46.83,-52.89,62.51,103.81,168.33,135.06,87.70,17.12
2099,31.25,-37.26,-68.52,2.98,49.86,-52.89,59.48,103.81,166.36,134.10,87.70,14.09
2100,41.30,-26.20,-67.51,-7.55,54.38,-46.83,62.51,105.83,168.33,138.09,90.73,15.10
2101,44.33,-21.16,-65.49,-11.59,54.91,-43.32,61.50,105.83,170.35,136.07,89.72,17.12
2102,42.31,-23.18,-65.49,-9.57,53.90,-44.33,62.51,105.83,170.35,135.06,88.71,13.08
2103,40.29,-28.22,-68.52,-6.01,54.38,-48.37,64.52,107.85,173.38,137.08,89.72,10.05
2104,36.25,-27.21,-63.47,-4.52,49.86,-45.34,64.52,107.85,173.38,139.10,93.76,14.09
2105,36.25,-25.19,-61.45,-5.53,48.85,-43.32,69.53,109.87,174.39,141.12,95.78,14.09
2106,45.34,-20.15,-65.49,-12.60,55.39,-42.79,69.53,107.85,174.39,138.09,90.73,9.04
2107,48.37,-11.06,-59.43,-18.66,53.90,-35.24,60.49,104.82,173.38,143.14,93.76,18.13
2108,50.39,0.96,-49.43,-25.68,49.91,-24.23,59.48,104.82,181.46,150.21,102.80,27.21
2109,49.38,5.00,-44.38,-27.17,46.88,-19.67,59.48,102.80,188.53,155.25,106.84,24.18
2110,50.39,2.98,-47.41,-26.69,48.90,-22.21,54.43,101.79,187.52,156.26,103.81,17.12
2111,50.39,10.05,-40.34,-30.19,45.39,-15.15,60.49,104.82,195.59,163.33,112.89,26.20
2112,50.39,7.02,-43.37,-28.70,46.88,-18.17,56.45,99.82,194.58,164.34,114.91,29.23
2113,52.41,6.01,-46.40,-29.19,49.43,-20.19,54.43,97.80,191.56,161.31,109.87,27.21
2114,44.33,11.06,-33.27,-27.69,38.80,-11.11,57.46,103.81,199.63,169.34,114.91,34.23
2115,51.40,24.18,-27.21,-37.79,39.33,-1.49,53.42,97.80,199.63,170.35,115.92,36.25
2116,56.45,29.23,-27.21,-42.84,41.83,1.01,55.44,95.78,201.65,173.38,119.96,40.29
2117,50.39,26.20,-24.18,-38.27,37.31,1.01,56.45,94.77,202.61,174.39,119.96,38.27
2118,49.38,34.23,-15.15,-41.78,32.26,9.57,57.46,95.78,205.64,179.44,125.01,42.31
2119,55.44,41.30,-14.14,-48.37,34.81,13.61,54.43,96.79,211.70,186.51,132.08,52.41
2120,59.48,43.32,-16.16,-51.40,37.84,13.61,49.38,93.76,208.67,182.47,126.02,43.32
2121,58.47,49.38,-9.09,-53.90,33.80,20.15,45.34,92.75,209.68,184.49,130.06,44.33
2122,64.52,58.47,-6.06,-61.50,35.29,26.20,49.38,94.77,213.72,190.55,137.08,50.39
2123,62.51,54.43,-8.08,-58.47,35.29,23.18,49.38,97.80,213.72,187.52,135.06,46.35
2124,58.47,48.37,-10.10,-53.42,34.28,19.14,49.38,100.83,217.76,192.56,138.09,52.41
2125,69.53,59.48,-10.05,-64.48,39.81,24.71,56.45,105.83,226.85,200.64,146.17,59.48
2126,88.71,71.54,-17.16,-80.10,52.94,27.21,52.41,101.79,223.82,195.59,142.13,54.43
2127,68.52,45.34,-23.18,-56.93,45.87,11.11,47.36,99.82,219.78,189.54,138.09,49.38
2128,60.49,44.33,-16.16,-52.41,38.32,14.09,41.30,95.78,218.77,192.56,141.12,54.43
2129,77.60,57.46,-20.15,-67.51,48.90,18.66,42.31,93.76,219.78,191.56,136.07,49.38
2130,77.60,54.43,-23.18,-66.02,50.39,15.63,45.34,100.83,223.82,193.57,137.08,51.40
2131,77.60,55.44,-22.17,-66.50,49.91,16.64,32.26,94.77,219.78,195.59,142.13,58.47
2132,71.54,49.38,-22.17,-60.44,46.88,13.61,25.19,87.70,219.78,194.58,142.13,55.44
2133,73.56,57.46,-16.11,-65.49,44.86,20.67,25.19,88.71,226.85,200.64,148.19,59.48
2134,77.60,61.50,-16.11,-69.53,46.88,22.69,23.18,86.69,227.86,202.61,148.19,61.50
2135,72.55,67.51,-5.05,-70.01,38.80,31.25,18.13,83.66,229.88,204.63,151.22,64.52
2136,75.58,73.56,-2.02,-74.57,38.80,35.77,13.08,79.62,230.89,210.69,159.29,72.55
2137,84.67,86.69,2.02,-85.68,41.35,44.38,3.99,74.57,229.88,211.70,162.32,78.61
2138,85.68,104.82,19.14,-95.25,33.27,61.98,-7.02,61.50,228.87,212.71,167.37,82.65
2139,83.66,105.83,22.17,-94.72,30.77,64.00,-17.12,52.41,222.81,208.67,167.37,83.66
2140,91.74,112.89,21.16,-102.32,35.29,67.03,-27.21,43.32,217.76,205.64,165.35,84.67
2141,93.76,110.87,17.12,-102.32,38.32,64.00,-32.26,35.24,212.71,202.61,162.32,82.65
2142,85.68,108.86,23.18,-97.27,31.25,66.02,-40.29,30.24,208.67,203.62,166.36,90.73
2143,94.77,122.99,28.22,-108.86,33.27,75.63,-49.38,23.18,203.62,200.64,166.36,91.74
2144,96.79,114.91,18.13,-105.83,39.33,66.54,-55.44,18.13,194.58,190.55,160.30,88.71
2145,100.83,117.94,17.12,-109.38,41.88,67.55,-60.49,13.08,191.56,187.52,162.32,90.73
2146,117.94,143.14,25.19,-130.54,46.40,84.19,-66.54,7.02,190.55,187.52,161.31,91.74
2147,131.07,148.19,17.12,-139.63,56.98,82.65,-61.50,13.08,192.56,187.52,161.31,87.70
2148,133.09,134.10,1.01,-133.57,66.06,67.55,-58.47,16.11,187.52,180.45,159.29,85.68
2149,138.09,133.09,-5.00,-135.59,71.54,64.04,-52.41,21.16,186.51,179.44,161.31,91.74
2150,147.18,121.98,-25.19,-134.58,86.21,48.42,-46.35,30.24,187.52,175.40,155.25,82.65
2151,146.17,102.80,-43.37,-124.48,94.77,29.71,-47.36,33.27,182.47,167.37,148.19,78.61
2152,147.18,104.82,-42.36,-125.97,94.77,31.25,-44.33,34.23,181.46,167.37,149.20,85.68
2153,155.25,103.81,-51.45,-129.53,103.37,26.20,-44.33,37.26,179.44,165.35,146.17,83.66
2154,167.37,111.88,-55.49,-139.63,111.45,28.22,-39.28,41.30,179.44,164.34,146.17,83.66
2155,171.36,110.87,-60.49,-141.12,115.92,25.19,-39.28,44.33,181.46,162.32,145.16,83.66
2156,176.41,100.83,-75.58,-138.62,126.02,12.65,-33.27,51.40,187.52,166.36,149.20,93.76
2157,175.40,97.80,-77.60,-136.60,126.50,10.10,-23.18,59.48,194.58,171.36,156.26,103.81
2158,176.41,83.66,-92.75,-130.01,134.58,-4.52,-21.16,65.53,198.62,170.35,153.23,95.78
2159,169.34,63.52,-105.83,-116.40,137.61,-21.16,-15.10,67.51,191.56,165.35,147.18,86.69
2160,158.28,61.50,-96.79,-109.87,127.56,-17.65,-12.07,67.51,191.56,158.28,144.15,88.71
2161,162.32,68.52,-93.81,-115.39,128.09,-12.65,-2.98,76.59,200.64,165.35,153.23,104.82
2162,153.23,59.48,-93.76,-106.36,123.52,-17.12,0.96,78.61,199.63,165.35,151.22,93.76
2163,147.18,53.42,-93.76,-100.30,120.49,-20.15,-6.01,75.58,192.56,156.26,136.07,73.56
2164,142.13,49.38,-92.75,-95.73,117.46,-21.68,2.98,78.61,194.58,159.29,137.08,80.63
2165,130.06,42.31,-87.75,-86.16,108.90,-22.69,3.99,74.57,188.53,155.25,137.08,79.62
2166,132.08,47.36,-84.72,-89.72,108.42,-18.66,-6.01,61.50,174.39,144.15,127.03,71.54
2167,145.16,61.50,-83.66,-103.33,114.43,-11.06,-7.02,56.45,172.37,143.14,126.02,74.57
2168,143.14,57.46,-85.68,-100.30,114.43,-14.09,-10.05,55.44,168.33,139.10,125.01,73.56
2169,143.14,60.49,-82.65,-101.79,112.89,-11.06,-5.00,58.47,170.35,140.11,126.02,75.58
2170,140.11,64.52,-75.58,-102.32,107.85,-5.53,0.96,59.48,171.36,141.12,126.02,70.53
2171,115.92,41.30,-74.62,-78.61,95.30,-16.64,0.00,55.44,167.37,135.06,120.97,62.51
2172,105.83,28.22,-77.60,-67.03,91.74,-24.67,1.97,56.45,164.34,132.08,116.93,60.49
2173,90.73,19.14,-71.59,-54.91,81.16,-26.20,8.03,60.49,169.34,134.10,114.91,55.44
2174,78.61,9.04,-69.57,-43.80,74.09,-30.24,13.08,65.53,172.37,136.07,112.89,54.43
2175,78.61,9.04,-69.57,-43.80,74.09,-30.24,25.19,74.57,175.40,137.08,109.87,47.36
2176,60.49,2.98,-57.50,-31.73,59.00,-27.26,34.23,78.61,184.49,145.16,117.94,58.47
2177,46.35,-3.99,-50.34,-21.16,48.32,-27.17,37.26,80.63,186.51,146.17,117.94,60.49
2178,40.29,-13.08,-53.37,-13.61,46.83,-33.22,46.35,86.69,182.47,142.13,107.85,36.25
2179,36.25,-18.13,-54.38,-9.04,45.29,-36.25,48.37,86.69,181.46,139.10,103.81,29.23
2180,29.23,-25.19,-54.43,-2.02,41.83,-39.81,50.39,89.72,181.46,137.08,100.83,32.26
2181,28.22,-30.24,-58.47,1.01,43.32,-44.33,54.43,90.73,178.43,135.06,97.80,24.18
2182,28.22,-30.24,-58.47,1.01,43.32,-44.33,62.51,94.77,179.44,136.07,97.80,24.18
2183,25.19,-33.27,-58.47,4.04,41.83,-45.87,67.51,97.80,178.43,134.10,95.78,27.21
2184,24.18,-49.38,-73.56,12.60,48.85,-61.45,66.54,97.80,173.38,128.04,87.70,7.02
2185,21.16,-63.52,-84.67,21.16,52.89,-74.09,72.55,107.85,173.38,124.00,80.63,0.96
2186,22.17,-58.47,-80.63,18.13,51.40,-69.53,73.56,106.84,166.36,116.93,73.56,-0.96
2187,20.15,-62.51,-82.65,21.16,51.40,-72.55,72.55,101.79,161.31,111.88,68.52,-7.02
2188,16.11,-65.53,-81.64,24.71,48.85,-73.56,73.56,104.82,159.29,111.88,66.54,-8.03
2189,12.07,-65.53,-77.60,26.73,44.81,-71.54,73.56,103.81,159.29,112.89,67.51,-10.05
2190,14.09,-72.55,-86.64,29.23,50.34,-79.57,71.54,102.80,157.27,106.84,62.51,-11.06
2191,9.04,-78.61,-87.65,34.76,48.32,-83.13,68.52,96.79,153.23,102.80,57.46,-14.09
2192,16.11,-73.56,-89.67,28.70,52.89,-81.59,69.53,99.82,154.24,101.79,55.44,-13.08
2193,25.19,-77.60,-102.80,26.20,64.00,-90.20,64.52,96.79,146.17,96.79,49.38,-16.11
2194,8.03,-91.74,-99.77,41.83,53.90,-95.73,59.48,87.70,139.10,92.75,45.34,-20.15
2195,12.07,-75.58,-87.65,31.73,49.86,-81.59,70.53,100.83,148.19,98.81,52.41,-22.17
2196,12.07,-72.55,-84.62,30.24,48.32,-78.56,76.59,104.82,154.24,103.81,56.45,-18.13
2197,8.03,-85.68,-93.71,38.80,50.87,-89.67,69.53,97.80,148.19,96.79,48.37,-13.08
2198,7.02,-87.70,-94.72,40.34,50.87,-91.21,71.54,99.82,146.17,95.78,46.35,-13.08
2199,0.00,-88.71,-88.71,44.33,44.33,-88.71,72.55,98.81,142.13,91.74,43.32,-20.15
2200,5.00,-80.63,-85.63,37.79,45.29,-83.13,69.53,94.77,142.13,91.74,43.32,-19.14
2201,0.96,-81.64,-82.60,40.34,41.78,-82.12,69.53,92.75,143.14,91.74,44.33,-16.11
2202,3.99,-87.70,-91.69,41.83,47.84,-89.67,66.54,91.74,139.10,89.72,43.32,-19.14
2203,14.09,-72.55,-86.64,29.23,50.34,-79.57,74.57,98.81,145.16,94.77,46.35,-14.09
2204,15.10,-75.58,-90.68,30.24,52.89,-83.13,76.59,102.80,146.17,94.77,44.33,-22.17
2205,1.97,-85.68,-87.65,41.83,44.81,-86.64,70.53,94.77,141.12,95.78,49.38,-9.04
2206,3.99,-75.58,-79.57,35.77,41.78,-77.55,77.60,95.78,145.16,97.80,52.41,-5.00
2207,3.99,-83.66,-87.65,39.81,45.82,-85.63,72.55,95.78,144.15,92.75,45.34,-19.14
2208,8.03,-81.64,-89.67,36.78,48.85,-85.63,59.48,90.73,139.10,89.72,44.33,-18.13
2209,20.15,-77.60,-97.75,28.70,58.95,-87.65,63.52,94.77,140.11,91.74,44.33,-26.20
2210,11.06,-77.60,-88.66,33.27,49.86,-83.13,68.52,97.80,143.14,92.75,46.35,-25.19
2211,14.09,-74.57,-88.66,30.24,51.35,-81.59,71.54,98.81,143.14,96.79,51.40,-20.15
2212,15.10,-77.60,-92.70,31.25,53.90,-85.15,71.54,97.80,142.13,97.80,51.40,-20.15
2213,12.07,-78.61,-90.68,33.27,51.35,-84.62,70.53,96.79,144.15,98.81,52.41,-17.12
2214,12.07,-79.62,-91.69,33.75,51.88,-85.63,70.53,95.78,144.15,98.81,53.42,-10.05
2215,13.08,-78.61,-91.69,32.74,52.36,-85.15,69.53,94.77,141.12,95.78,47.36,-18.13
2216,6.01,-90.73,-96.74,42.36,51.35,-93.71,70.53,95.78,139.10,95.78,44.33,-28.22
2217,-0.96,-92.75,-91.79,46.83,45.39,-92.27,70.53,93.76,140.11,96.79,46.35,-24.18
2218,8.03,-81.64,-89.67,36.78,48.85,-85.63,72.55,96.79,141.12,97.80,47.36,-24.18
2219,14.09,-76.59,-90.68,31.25,52.36,-83.61,71.54,96.79,142.13,96.79,50.39,-19.14
2220,20.15,-68.52,-88.66,24.18,54.38,-78.56,70.53,93.76,143.14,99.82,50.39,-18.13
2221,33.27,-60.49,-93.76,13.61,63.52,-77.12,71.54,98.81,144.15,99.82,50.39,-21.16
2222,41.30,-54.43,-95.73,6.54,68.52,-75.05,73.56,100.83,146.17,101.79,54.43,-18.13
2223,25.19,-55.44,-80.63,15.10,52.89,-68.03,77.60,100.83,146.17,102.80,54.43,-21.16
2224,-2.98,-74.57,-71.59,38.75,34.28,-73.08,69.53,92.75,141.12,97.80,52.41,-14.09
2225,-8.03,-87.70,-79.67,47.84,35.82,-83.71,65.53,88.71,139.10,97.80,53.42,-14.09
2226,7.02,-69.53,-76.55,31.25,41.78,-73.04,68.52,90.73,141.12,97.80,53.42,-22.17
2227,19.14,-61.50,-80.63,21.16,49.86,-71.06,67.51,89.72,139.10,94.77,48.37,-26.20
2228,16.11,-64.52,-80.63,24.18,48.37,-72.55,68.52,91.74,142.13,99.82,50.39,-25.19
2229,15.10,-59.48,-74.57,22.17,44.81,-67.03,73.56,96.79,153.23,108.86,57.46,-16.11
2230,12.07,-65.53,-77.60,26.73,44.81,-71.54,78.61,103.81,159.29,111.88,57.46,-20.15
2231,-2.98,-82.65,-79.67,42.79,38.32,-81.16,87.70,110.87,164.34,112.89,52.41,-25.19
2232,-10.05,-84.67,-74.62,47.36,32.26,-79.67,100.83,124.00,175.40,118.95,51.40,-28.22
2233,-15.10,-82.65,-67.55,48.85,26.20,-75.10,112.89,137.08,185.50,124.00,47.36,-39.28
2234,-17.12,-82.65,-65.53,49.86,24.18,-74.09,130.06,155.25,207.66,136.07,48.37,-49.38
2235,-27.21,-92.75,-65.53,59.96,19.14,-79.14,140.11,168.33,218.77,141.12,51.40,-55.44
2236,-24.18,-91.74,-67.55,57.94,21.68,-79.67,152.22,179.44,220.79,141.12,47.36,-56.45
2237,-7.02,-78.61,-71.59,42.79,32.26,-75.10,160.30,189.54,221.80,142.13,44.33,-63.52
2238,0.00,-73.56,-73.56,36.78,36.78,-73.56,145.16,174.39,207.66,141.12,48.37,-56.45
2239,-0.96,-47.36,-46.40,24.14,22.69,-46.88,134.10,159.29,202.61,150.21,69.53,-34.23
2240,-5.00,-35.24,-30.24,20.10,12.60,-32.74,121.98,141.12,194.58,159.29,91.74,-23.18
2241,8.03,-14.09,-22.12,3.03,15.05,-18.08,95.78,111.88,187.52,176.41,119.96,-0.96
2242,14.09,1.97,-12.12,-8.03,13.13,-5.05,64.52,79.62,178.43,190.55,151.22,29.23
2243,15.10,8.03,-7.07,-11.54,11.11,0.48,35.24,46.35,160.30,196.60,176.41,52.41
2244,15.10,34.23,19.14,-24.67,-2.02,26.69,-0.96,0.00,132.08,200.64,202.61,80.63
2245,22.17,50.39,28.22,-36.25,-3.03,39.33,-34.23,-44.33,109.87,206.65,228.87,107.85
2246,31.25,72.55,41.30,-51.88,-5.00,56.93,-65.53,-87.70,84.67,206.65,249.01,131.07
2247,16.11,80.63,64.52,-48.37,-24.18,72.60,-100.83,-136.07,54.43,204.63,271.18,158.28
2248,19.14,86.69,67.55,-52.89,-24.18,77.12,-125.01,-166.36,50.39,220.79,304.45,192.56
2249,32.26,99.82,67.55,-66.02,-17.65,83.71,-143.14,-185.50,50.39,239.92,339.74,223.82
2250,39.28,100.83,61.54,-70.05,-11.11,81.21,-167.37,-213.72,18.13,231.90,359.94,252.04
2251,57.46,99.82,42.36,-78.61,7.55,71.11,-190.55,-239.92,-27.21,198.62,355.90,272.19
2252,74.57,95.78,21.20,-85.15,26.69,58.51,-201.65,-249.01,-55.44,174.39,349.84,285.31
2253,90.73,85.68,-5.05,-88.18,47.89,40.34,-210.69,-257.09,-87.70,144.15,338.73,302.48
2254,112.89,78.61,-34.28,-95.73,73.61,22.17,-215.74,-259.11,-116.93,112.89,318.59,310.51
2255,129.05,82.65,-46.40,-105.83,87.75,18.13,-218.77,-258.10,-145.16,78.61,290.36,311.52
2256,146.17,75.58,-70.58,-110.87,108.37,2.50,-226.85,-256.08,-170.35,45.34,269.16,326.66
2257,173.38,77.60,-95.78,-125.49,134.58,-9.09,-236.90,-253.05,-187.52,19.14,248.00,332.72
2258,190.55,85.68,-104.86,-138.09,147.71,-9.57,-228.87,-234.92,-191.56,-5.00,215.74,321.61
2259,194.58,84.67,-109.91,-139.63,152.27,-12.60,-224.83,-227.86,-207.66,-35.24,169.34,297.43
2260,179.44,79.62,-99.82,-129.53,139.63,-10.10,-228.87,-232.90,-252.04,-95.78,90.73,261.13
2261,171.36,105.83,-65.53,-138.57,118.47,20.15,-243.96,-255.07,-298.44,-142.13,42.31,254.06
2262,197.61,160.30,-37.31,-178.96,117.46,61.50,-295.41,-310.51,-369.02,-182.47,23.18,274.21
2263,208.67,194.58,-14.09,-201.60,111.40,90.25,-328.68,-348.83,-420.42,-218.77,1.97,282.28
2264,201.65,214.73,13.08,-208.19,94.29,113.90,-359.94,-385.13,-463.79,-235.89,0.96,299.45
2265,205.64,256.08,50.44,-230.84,77.60,153.28,-390.18,-422.44,-495.04,-226.85,28.22,337.72
2266,215.74,307.48,91.74,-261.61,62.02,199.63,-425.47,-466.82,-509.13,-205.64,63.52,374.02
2267,212.71,344.79,132.08,-278.73,40.34,238.43,-474.85,-523.27,-543.41,-204.63,84.67,406.29
2268,217.76,402.29,184.54,-310.03,16.64,293.44,-536.39,-598.90,-591.83,-196.60,112.89,443.60
2269,229.88,451.67,221.80,-340.75,4.04,336.76,-617.02,-695.69,-675.49,-223.82,114.91,468.84
2270,259.11,485.96,226.85,-372.53,16.16,356.43,-691.65,-788.43,-784.39,-294.40,80.63,489.99
2271,273.20,513.17,239.97,-393.16,16.64,376.57,-772.33,-893.30,-919.50,-396.24,11.06,495.04
2272,252.04,522.26,270.22,-387.15,-9.09,396.24,-824.73,-974.94,-1056.63,-518.22,-84.67,477.88
2273,230.89,485.96,255.07,-358.40,-12.07,370.51,-816.66,-991.10,-1150.39,-629.14,-194.58,429.51
2274,189.54,385.13,195.59,-287.33,-3.03,290.36,-767.28,-969.94,-1261.31,-793.48,-365.99,321.61
2275,132.08,285.31,153.23,-208.67,-10.58,219.30,-713.81,-945.71,-1395.41,-988.07,-568.66,202.61
2276,64.52,179.44,114.91,-121.98,-25.19,147.18,-627.12,-880.17,-1468.01,-1137.31,-743.05,77.60
2277,-3.99,99.82,103.81,-47.89,-53.90,101.79,-535.38,-795.50,-1478.11,-1221.98,-849.93,-11.06
2278,-87.70,36.25,123.95,25.72,-105.83,80.10,-483.94,-755.16,-1498.25,-1287.52,-926.57,-72.55
2279,-127.03,-50.39,76.64,88.71,-101.84,13.13,-406.29,-676.50,-1468.01,-1309.73,-962.87,-121.98
2280,-128.04,-94.77,33.27,111.40,-80.68,-30.77,-310.51,-566.64,-1365.17,-1254.24,-934.65,-138.09
2281,-148.19,-112.89,35.29,130.54,-91.74,-38.80,-242.95,-494.03,-1284.49,-1195.78,-899.36,-156.26
2282,-164.34,-106.84,57.50,135.59,-110.92,-24.67,-197.61,-437.54,-1203.85,-1123.17,-837.86,-147.18
2283,-200.64,-118.95,81.69,159.77,-141.17,-18.66,-135.06,-368.01,-1113.08,-1044.51,-784.39,-155.25
2284,-249.01,-152.22,96.79,200.59,-172.90,-27.74,-62.51,-295.41,-1027.40,-977.97,-749.10,-192.56
2285,-274.21,-171.36,102.85,222.76,-188.53,-34.28,9.04,-221.80,-937.68,-907.43,-716.84,-226.85
2286,-290.36,-204.63,85.73,247.47,-188.05,-59.48,91.74,-131.07,-850.94,-847.91,-694.68,-270.17
2287,-321.61,-250.02,71.59,285.79,-196.60,-89.24,166.36,-49.38,-779.35,-801.56,-679.53,-310.51
2288,-332.72,-284.30,48.42,308.49,-190.59,-117.94,243.96,32.26,-708.76,-752.13,-655.35,-331.71
2289,-316.57,-308.49,8.08,312.53,-162.32,-150.21,320.60,117.94,-633.18,-699.72,-620.05,-326.66
2290,-305.46,-336.71,-31.25,321.09,-137.13,-184.01,379.07,187.52,-576.68,-662.41,-600.92,-332.72
2291,-310.51,-357.92,-47.41,334.21,-131.55,-202.66,424.46,235.89,-536.39,-632.17,-580.72,-341.76
2292,-314.55,-369.98,-55.44,342.24,-129.58,-212.71,444.61,258.10,-514.18,-605.92,-559.57,-345.80
2293,-303.44,-357.92,-54.48,330.65,-124.48,-206.22,443.60,262.14,-501.10,-584.76,-537.40,-340.75
2294,-300.46,-352.87,-52.41,326.66,-124.05,-202.66,438.55,260.12,-487.97,-564.62,-516.20,-338.73
2295,-303.44,-358.93,-55.49,331.18,-124.00,-207.23,421.43,251.03,-475.86,-543.41,-498.07,-341.76
2296,-304.45,-355.90,-51.45,330.17,-126.50,-203.67,409.31,248.00,-455.71,-517.21,-470.81,-333.73
2297,-294.40,-356.91,-62.51,325.65,-115.97,-209.73,416.38,262.14,-423.45,-484.95,-443.60,-324.64
2298,-275.22,-352.87,-77.65,314.02,-98.81,-215.26,419.41,277.24,-389.17,-452.68,-414.36,-311.52
2299,-265.17,-353.88,-88.71,309.50,-88.23,-221.32,416.38,283.29,-359.94,-426.48,-395.23,-301.47
2300,-246.99,-347.82,-100.83,297.38,-73.08,-224.35,406.29,279.25,-339.74,-405.28,-381.09,-301.47
2301,-228.87,-342.77,-113.90,285.79,-57.50,-228.34,398.26,275.22,-317.58,-383.11,-361.95,-290.36
2302,-220.79,-340.75,-119.96,280.75,-50.44,-230.36,392.20,271.18,-291.37,-355.90,-335.75,-267.19
2303,-208.67,-336.71,-128.04,272.67,-40.34,-232.38,379.07,263.15,-272.19,-335.75,-321.61,-266.18
2304,-190.55,-328.68,-138.14,259.59,-26.20,-233.43,363.97,261.13,-252.04,-314.55,-304.45,-256.08
2305,-172.37,-324.64,-152.27,248.48,-10.05,-238.48,353.88,259.11,-231.90,-291.37,-278.25,-230.89
2306,-160.30,-325.65,-165.35,242.95,2.50,-245.50,350.85,254.06,-217.76,-277.24,-269.16,-229.88
2307,-152.22,-318.59,-166.36,235.40,7.07,-242.47,332.72,236.90,-212.71,-269.16,-260.12,-227.86
2308,-142.13,-311.52,-169.39,226.80,13.61,-240.45,320.60,228.87,-202.61,-257.09,-249.01,-216.75
2309,-135.06,-310.51,-175.45,222.76,20.19,-243.00,325.65,242.95,-180.45,-238.91,-235.89,-208.67
2310,-122.99,-301.47,-178.48,212.23,27.74,-239.97,321.61,241.94,-163.33,-220.79,-217.76,-198.62
2311,-109.87,-282.28,-172.42,196.07,31.25,-227.38,312.53,241.94,-139.10,-194.58,-192.56,-173.38
2312,-91.74,-270.17,-178.43,180.93,43.32,-224.30,307.48,249.01,-121.98,-180.45,-180.45,-164.34
2313,-81.64,-265.17,-183.53,173.38,50.92,-224.35,301.47,243.96,-109.87,-167.37,-172.37,-173.38
2314,-80.63,-252.04,-171.41,166.31,45.39,-211.75,295.41,238.91,-89.72,-147.18,-156.26,-162.32
2315,-69.53,-222.81,-153.28,146.17,41.88,-188.05,293.39,243.96,-65.53,-125.01,-138.09,-144.15
2316,-61.50,-210.69,-149.20,136.07,43.85,-179.97,292.38,252.04,-39.28,-99.82,-116.93,-137.08
2317,-51.40,-203.62,-152.22,127.51,50.39,-177.95,289.35,253.05,-23.18,-83.66,-104.82,-131.07
2318,-46.35,-178.43,-132.08,112.37,42.84,-155.25,288.34,260.12,3.99,-55.44,-76.59,-101.79
2319,-48.37,-177.42,-129.05,112.89,40.34,-153.23,282.28,258.10,17.12,-43.32,-65.53,-99.82
2320,-48.37,-166.36,-117.99,107.37,34.81,-142.18,278.25,258.10,32.26,-27.21,-55.44,-93.76
2321,-58.47,-151.22,-92.75,104.82,17.12,-121.98,281.27,265.17,54.43,-5.00,-35.24,-70.53
2322,-55.44,-155.25,-99.82,105.35,22.17,-127.56,271.18,256.08,56.45,-5.00,-40.29,-88.71
2323,-31.25,-130.06,-98.81,80.63,33.75,-114.43,257.09,248.00,66.54,7.02,-31.25,-84.67
2324,-35.24,-122.99,-87.75,79.09,26.25,-105.39,244.97,234.92,74.57,15.10,-21.16,-71.54
2325,-37.26,-117.94,-80.68,77.60,21.68,-99.34,228.87,218.77,84.67,29.23,-6.01,-59.48
2326,-23.18,-99.82,-76.64,61.50,26.73,-88.23,208.67,206.65,95.78,43.32,3.99,-54.43
2327,-22.17,-86.69,-64.52,54.43,21.16,-75.63,183.48,184.49,101.79,53.42,12.07,-47.36
2328,-14.09,-69.53,-55.44,41.78,20.67,-62.51,154.24,160.30,107.85,65.53,26.20,-32.26
2329,-14.09,-57.46,-43.37,35.77,14.62,-50.44,129.05,142.13,115.92,76.59,35.24,-31.25
2330,-14.09,-47.36,-33.27,30.72,9.57,-40.34,107.85,124.00,120.97,84.67,42.31,-25.19
2331,-3.99,-41.30,-37.31,22.65,16.64,-39.33,92.75,108.86,122.99,86.69,46.35,-18.13
2332,2.98,-33.27,-36.25,15.15,19.62,-34.76,79.62,98.81,126.02,91.74,49.38,-13.08
2333,5.00,-31.25,-36.25,13.13,20.63,-33.75,73.56,91.74,128.04,93.76,51.40,-13.08
2334,2.98,-30.24,-33.22,13.61,18.08,-31.73,72.55,91.74,134.10,99.82,57.46,-9.04
2335,2.98,-20.15,-23.13,8.56,13.03,-21.64,69.53,89.72,137.08,103.81,60.49,-2.98
2336,8.03,-17.12,-25.15,4.52,16.59,-21.11,71.54,91.74,141.12,108.86,64.52,0.96
2337,15.10,-19.14,-34.23,2.02,24.67,-26.69,65.53,82.65,141.12,109.87,66.54,0.00
2338,18.13,-15.10,-33.22,-1.49,25.68,-24.14,63.52,83.66,145.16,114.91,73.56,6.01
2339,19.14,-8.03,-27.17,-5.53,23.13,-17.60,69.53,97.80,154.24,124.00,82.65,15.10
2340,18.13,-3.99,-22.12,-7.07,20.10,-13.03,66.54,89.72,152.22,122.99,82.65,13.08
2341,17.12,-6.01,-23.13,-5.53,20.10,-14.57,62.51,83.66,148.19,118.95,78.61,8.03
2342,21.16,-5.00,-26.16,-8.08,23.66,-15.58,54.43,79.62,145.16,115.92,74.57,1.97
2343,26.20,9.04,-17.16,-17.60,21.68,-4.04,56.45,78.61,151.22,121.98,81.64,9.04
2344,12.07,-8.03,-20.10,-2.02,16.06,-14.04,52.41,75.58,145.16,116.93,77.60,7.02
2345,-3.99,-29.23,-25.24,16.59,10.63,-27.26,45.34,68.52,141.12,111.88,72.55,0.00
2346,-0.96,-18.13,-17.16,9.52,8.08,-17.65,45.34,68.52,144.15,116.93,77.60,6.01
2347,5.00,-14.09,-19.09,4.52,12.02,-16.59,47.36,68.52,145.16,119.96,79.62,0.00
2348,8.03,-8.03,-16.06,0.00,12.02,-12.02,43.32,68.52,148.19,122.99,81.64,1.97
2349,10.05,-0.96,-11.01,-4.52,10.53,-5.96,40.29,64.52,149.20,125.01,86.69,12.07
2350,10.05,-3.99,-14.04,-3.03,12.02,-8.99,43.32,66.54,152.22,126.02,86.69,6.01
2351,2.98,-13.08,-16.06,5.05,9.52,-14.57,44.33,66.54,151.22,125.01,85.68,0.00
2352,12.07,-8.03,-20.10,-2.02,16.06,-14.04,44.33,67.51,153.23,130.06,92.75,8.03
2353,26.20,0.96,-25.24,-13.56,25.72,-12.12,44.33,69.53,156.26,131.07,95.78,15.10
2354,21.16,-5.00,-26.16,-8.08,23.66,-15.58,44.33,66.54,156.26,130.06,93.76,15.10
2355,26.20,5.00,-21.20,-15.58,23.70,-8.08,46.35,68.52,158.28,134.10,96.79,16.11
2356,25.19,1.97,-23.22,-13.56,24.23,-10.63,42.31,64.52,157.27,133.09,94.77,12.07
2357,17.12,-14.09,-31.20,-1.49,24.14,-22.65,31.25,58.47,148.19,122.99,87.70,7.02
2358,23.18,0.00,-23.18,-11.59,23.18,-11.59,38.27,60.49,152.22,127.03,93.76,11.06
2359,28.22,7.02,-21.20,-17.60,24.71,-7.07,41.30,60.49,155.25,131.07,97.80,15.10
2360,21.16,0.96,-20.19,-11.06,20.67,-9.62,37.26,58.47,150.21,126.02,91.74,13.08
2361,16.11,-1.97,-18.08,-7.07,17.07,-10.00,34.23,54.43,147.18,124.00,87.70,10.05
2362,19.14,3.99,-15.15,-11.54,17.16,-5.58,33.27,56.45,150.21,128.04,92.75,20.15
2363,19.14,8.03,-11.11,-13.56,15.15,-1.54,34.23,57.46,151.22,131.07,94.77,18.13
2364,27.21,9.04,-18.17,-18.13,22.69,-4.57,31.25,56.45,149.20,130.06,94.77,14.09
2365,32.26,13.08,-19.18,-22.65,25.72,-3.03,33.27,61.50,155.25,134.10,100.83,22.17
2366,31.25,14.09,-17.16,-22.65,24.23,-1.54,33.27,59.48,153.23,132.08,97.80,19.14
2367,28.22,15.10,-13.13,-21.64,20.67,1.01,34.23,60.49,152.22,134.10,99.82,21.16
2368,18.13,15.10,-3.03,-16.59,10.58,6.06,35.24,62.51,156.26,139.10,103.81,24.18
2369,28.22,23.18,-5.05,-25.68,16.64,9.09,34.23,61.50,156.26,138.09,102.80,24.18
2370,32.26,23.18,-9.09,-27.69,20.67,7.07,31.25,59.48,155.25,138.09,103.81,22.17
2371,17.12,10.05,-7.07,-13.56,12.12,1.49,33.27,58.47,153.23,134.10,100.83,16.11
2372,24.18,10.05,-14.14,-17.12,19.18,-2.02,32.26,58.47,152.22,131.07,100.83,18.13
2373,25.19,13.08,-12.12,-19.14,18.66,0.48,29.23,56.45,152.22,134.10,104.82,24.18
2374,20.15,9.04,-11.11,-14.57,15.63,-1.01,31.25,56.45,154.24,132.08,105.83,23.18
2375,28.22,13.08,-15.15,-20.63,21.68,-1.01,24.18,47.36,148.19,126.02,101.79,20.15
2376,31.25,16.11,-15.15,-23.66,23.22,0.48,22.17,50.39,152.22,132.08,107.85,31.25
2377,25.19,15.10,-10.10,-20.15,17.65,2.50,29.23,58.47,158.28,136.07,112.89,38.27
2378,15.10,9.04,-6.06,-12.07,10.58,1.49,29.23,54.43,156.26,133.09,108.86,32.26
2379,23.18,14.09,-9.09,-18.61,16.16,2.50,25.19,53.42,156.26,134.10,109.87,30.24
2380,29.23,21.16,-8.08,-25.19,18.66,6.54,22.17,53.42,154.24,133.09,111.88,32.26
2381,25.19,16.11,-9.09,-20.63,17.16,3.51,20.15,49.38,151.22,131.07,106.84,29.23
2382,20.15,15.10,-5.05,-17.60,12.60,5.05,20.15,49.38,151.22,129.05,103.81,23.18
2383,20.15,18.13,-2.02,-19.14,11.11,8.08,21.16,48.37,152.22,130.06,105.83,24.18
2384,26.20,23.18,-3.03,-24.67,14.62,10.10,23.18,49.38,152.22,133.09,108.86,29.23
2385,26.20,22.17,-4.04,-24.18,15.15,9.09,25.19,53.42,156.26,134.10,108.86,29.23
2386,25.19,20.15,-5.05,-22.65,15.15,7.55,21.16,49.38,153.23,129.05,104.82,31.25
2387,29.23,23.18,-6.06,-26.20,17.65,8.56,25.19,52.41,155.25,132.08,107.85,31.25
2388,39.28,29.23,-10.05,-34.23,24.67,9.62,21.16,51.40,155.25,132.08,107.85,31.25
2389,27.21,22.17,-5.05,-24.67,16.16,8.56,19.14,48.37,152.22,130.06,104.82,32.26
2390,24.18,27.21,3.03,-25.68,10.58,15.15,30.24,56.45,156.26,135.06,109.87,31.25
2391,38.27,35.24,-3.03,-36.73,20.67,16.11,16.11,46.35,153.23,134.10,111.88,38.27
2392,26.20,18.13,-8.08,-22.17,17.16,5.05,11.06,41.30,150.21,133.09,112.89,39.28
2393,10.05,14.09,4.04,-12.07,3.03,9.09,17.12,42.31,150.21,134.10,113.90,40.29
2394,2.98,8.03,5.05,-5.48,-1.01,6.54,14.09,41.30,147.18,131.07,109.87,34.23
2395,9.04,9.04,0.00,-9.04,4.52,4.52,17.12,42.31,145.16,129.05,104.82,26.20
2396,16.11,14.09,-2.02,-15.10,9.09,6.06,11.06,34.23,140.11,128.04,102.80,27.21
2397,16.11,17.12,1.01,-16.59,7.55,9.09,14.09,41.30,143.14,131.07,107.85,32.26
2398,22.17,29.23,7.07,-25.68,7.55,18.17,26.20,50.39,148.19,136.07,111.88,35.24
2399,29.23,35.24,6.01,-32.21,11.64,20.63,18.13,39.28,146.17,139.10,113.90,41.30
2400,37.26,38.27,1.01,-37.74,18.13,19.67,10.05,36.25,144.15,137.08,112.89,38.27
2401,23.18,34.23,11.06,-28.70,6.06,22.65,6.01,34.23,139.10,132.08,110.87,35.24
2402,6.01,28.22,22.21,-17.12,-8.08,25.24,3.99,30.24,138.09,134.10,113.90,49.38
2403,9.04,20.15,11.11,-14.57,-1.01,15.63,3.99,28.22,136.07,130.06,110.87,42.31
2404,14.09,23.18,9.09,-18.61,2.50,16.16,0.00,27.21,133.09,126.02,105.83,26.20
2405,15.10,28.22,13.13,-21.64,1.01,20.67,5.00,31.25,136.07,128.04,106.84,28.22
2406,23.18,37.26,14.09,-30.19,4.57,25.68,5.00,31.25,137.08,130.06,111.88,37.26
2407,23.18,34.23,11.06,-28.70,6.06,22.65,2.98,28.22,135.06,129.05,112.89,36.25
2408,22.17,30.24,8.08,-26.20,7.07,19.18,8.03,31.25,135.06,126.02,109.87,31.25
2409,22.17,39.28,17.12,-30.72,2.55,28.22,-0.96,26.20,130.06,124.00,109.87,33.27
2410,16.11,39.28,23.18,-27.69,-3.51,31.25,-9.04,20.15,126.02,120.97,107.85,33.27
2411,9.04,43.32,34.28,-26.16,-12.60,38.80,0.00,25.19,129.05,124.00,109.87,36.25
2412,12.07,40.29,28.22,-26.16,-8.08,34.28,-3.99,22.17,129.05,126.02,113.90,46.35
2413,16.11,39.28,23.18,-27.69,-3.51,31.25,-10.05,19.14,127.03,122.99,110.87,44.33
2414,10.05,39.28,29.23,-24.67,-9.57,34.28,-8.03,23.18,131.07,121.98,109.87,39.28
2415,13.08,41.30,28.22,-27.17,-7.55,34.76,-9.04,18.13,124.00,118.95,107.85,37.26
2416,14.09,45.34,31.25,-29.71,-8.56,38.32,-6.01,18.13,120.97,118.95,106.84,40.29
2417,17.12,51.40,34.28,-34.23,-8.56,42.84,-3.99,20.15,122.99,120.97,111.88,47.36
2418,19.14,48.37,29.23,-33.75,-5.05,38.80,-10.05,18.13,120.97,114.91,109.87,41.30
2419,14.09,39.28,25.19,-26.69,-5.53,32.26,-17.12,11.06,112.89,107.85,101.79,32.26
2420,14.09,40.29,26.20,-27.17,-6.06,33.27,-21.16,7.02,108.86,105.83,98.81,32.26
2421,21.16,52.41,31.25,-36.78,-5.05,41.83,-22.17,8.03,113.90,109.87,104.82,41.30
2422,29.23,61.50,32.26,-45.34,-1.49,46.88,-22.17,7.02,110.87,107.85,101.79,40.29
2423,20.15,57.46,37.31,-38.80,-8.56,47.41,-18.13,6.01,107.85,101.79,96.79,35.24
2424,18.13,62.51,44.38,-40.29,-13.13,53.47,-19.14,6.01,105.83,99.82,95.78,37.26
2425,20.15,64.52,44.38,-42.31,-12.12,54.48,-19.14,6.01,105.83,101.79,98.81,43.32
2426,22.17,68.52,46.35,-45.34,-12.07,57.46,-22.17,0.00,102.80,98.81,99.82,43.32
2427,22.17,67.51,45.34,-44.81,-11.59,56.45,-26.20,-2.98,97.80,93.76,94.77,39.28
2428,22.17,64.52,42.36,-43.32,-10.10,53.47,-29.23,-7.02,96.79,94.77,95.78,42.31
2429,12.07,64.52,52.46,-38.27,-20.19,58.51,-30.24,-12.07,91.74,93.76,92.75,37.26
2430,0.96,54.43,53.47,-27.69,-26.25,53.95,-34.23,-11.06,88.71,89.72,91.74,36.25
2431,6.01,53.42,47.41,-29.71,-20.67,50.44,-42.31,-21.16,82.65,87.70,91.74,41.30
2432,14.09,64.52,50.44,-39.28,-18.17,57.50,-40.29,-19.14,82.65,88.71,90.73,39.28
2433,24.18,69.53,45.34,-46.83,-10.58,57.46,-38.27,-14.09,80.63,88.71,89.72,41.30
2434,14.09,69.53,55.44,-41.78,-20.67,62.51,-39.28,-17.12,78.61,87.70,88.71,43.32
2435,6.01,68.52,62.51,-37.26,-28.22,65.53,-43.32,-25.19,73.56,83.66,84.67,39.28
2436,3.99,62.51,58.51,-33.22,-27.26,60.53,-52.41,-31.25,65.53,75.58,79.62,35.24
2437,0.96,68.52,67.55,-34.71,-33.27,68.03,-49.38,-29.23,67.51,76.59,82.65,39.28
2438,10.05,71.54,61.50,-40.77,-25.72,66.54,-49.38,-35.24,64.52,72.55,81.64,39.28
2439,12.07,72.55,60.49,-42.31,-24.18,66.54,-54.43,-33.27,61.50,69.53,78.61,39.28
2440,0.00,72.55,72.55,-36.25,-36.25,72.55,-60.49,-40.29,56.45,67.51,77.60,40.29
2441,-2.98,71.54,74.53,-34.28,-38.75,73.04,-62.51,-50.39,47.36,59.48,72.55,37.26
2442,9.04,81.64,72.60,-45.34,-31.78,77.12,-66.54,-50.39,43.32,56.45,69.53,39.28
2443,14.09,80.63,66.54,-47.36,-26.20,73.61,-70.53,-55.44,38.27,51.40,64.52,35.24
2444,-5.00,77.60,82.60,-36.30,-43.80,80.10,-63.52,-53.42,37.26,51.40,65.53,33.27
2445,-13.08,81.64,94.72,-34.28,-53.90,88.18,-64.52,-51.40,40.29,56.45,71.54,39.28
2446,-12.07,88.71,100.78,-38.32,-56.40,94.72,-70.53,-56.45,35.24,54.43,71.54,48.37
2447,-10.05,92.75,102.80,-41.35,-56.40,97.75,-74.57,-64.52,24.18,45.34,62.51,41.30
2448,-1.97,91.74,93.71,-44.86,-47.84,92.70,-76.59,-72.55,18.13,40.29,55.44,26.20
2449,-3.99,86.69,90.68,-41.35,-47.31,88.66,-85.68,-80.63,9.04,34.23,53.42,29.23
2450,-14.09,86.69,100.78,-36.30,-57.41,93.71,-92.75,-84.67,5.00,31.25,53.42,33.27
2451,-20.15,84.67,104.82,-32.26,-62.46,94.72,-91.74,-86.69,0.00,28.22,50.39,29.23
2452,-20.15,86.69,106.84,-33.27,-63.47,96.74,-98.81,-94.77,-5.00,24.18,48.37,33.27
2453,-24.18,88.71,112.89,-32.26,-68.52,100.78,-102.80,-101.79,-11.06,20.15,46.35,35.24
2454,-28.22,85.68,113.90,-28.70,-71.06,99.77,-108.86,-111.88,-16.11,16.11,46.35,36.25
2455,-31.25,97.80,129.05,-33.27,-80.15,113.42,-109.87,-115.92,-19.14,15.10,46.35,34.23
2456,-34.23,94.77,129.00,-30.24,-81.59,111.88,-102.80,-105.83,-26.20,6.01,35.24,21.16
2457,-25.19,92.75,117.94,-33.75,-71.54,105.35,-106.84,-107.85,-31.25,1.97,30.24,24.18
2458,-19.14,107.85,126.98,-44.33,-73.04,117.41,-114.91,-118.95,-37.26,0.96,35.24,31.25
2459,-24.18,112.89,137.08,-44.33,-80.63,124.96,-113.90,-121.98,-43.32,-2.98,33.27,34.23
2460,-19.14,118.95,138.09,-49.91,-78.61,128.52,-116.93,-122.99,-51.40,-12.07,21.16,28.22
2461,-26.20,118.95,145.16,-46.35,-85.68,132.03,-128.04,-133.09,-59.48,-17.12,19.14,25.19
2462,-39.28,119.96,159.24,-40.34,-99.24,139.58,-125.01,-138.09,-62.51,-18.13,20.15,32.26
2463,-24.18,135.06,159.24,-55.44,-91.69,147.13,-125.01,-138.09,-66.54,-19.14,22.17,34.23
2464,-17.12,139.10,156.22,-60.97,-86.64,147.66,-141.12,-151.22,-78.61,-27.21,12.07,27.21
2465,-26.20,130.06,156.26,-51.93,-91.21,143.14,-142.13,-154.24,-87.70,-38.27,3.99,22.17
2466,-22.17,139.10,161.26,-58.47,-91.69,150.16,-150.21,-163.33,-94.77,-43.32,1.97,25.19
2467,-23.18,149.20,172.37,-62.99,-97.75,160.78,-153.23,-171.36,-100.83,-46.35,-0.96,24.18
2468,-34.23,141.12,175.35,-53.42,-104.77,158.23,-149.20,-168.33,-105.83,-47.36,0.96,26.20
2469,-34.23,136.07,170.30,-50.92,-102.27,153.19,-160.30,-179.44,-119.96,-60.49,-10.05,15.10
2470,-29.23,146.17,175.40,-58.47,-102.32,160.78,-165.35,-187.52,-131.07,-68.52,-18.13,13.08
2471,-35.24,148.19,183.43,-56.45,-109.34,165.78,-169.34,-193.57,-138.09,-72.55,-17.12,27.21
2472,-38.27,149.20,187.47,-55.44,-112.85,168.33,-170.35,-195.59,-144.15,-77.60,-22.17,17.12
2473,-41.30,151.22,192.52,-54.96,-116.89,171.84,-172.37,-199.63,-153.23,-84.67,-31.25,9.04
2474,-53.42,145.16,198.57,-45.87,-125.97,171.84,-182.47,-209.68,-164.34,-92.75,-37.26,10.05
2475,-50.39,155.25,205.64,-52.41,-127.99,180.45,-186.51,-214.73,-170.35,-96.79,-39.28,9.04
2476,-51.40,154.24,205.64,-51.40,-128.52,179.92,-194.58,-226.85,-180.45,-103.81,-41.30,14.09
2477,-48.37,157.27,205.64,-54.43,-126.98,181.46,-199.63,-235.89,-189.54,-112.89,-45.34,12.07
2478,-40.29,169.34,209.63,-64.52,-124.96,189.49,-196.60,-229.88,-191.56,-114.91,-46.35,15.10
2479,-50.39,162.32,212.71,-55.97,-131.55,187.52,-204.63,-239.92,-203.62,-125.01,-54.43,10.05
2480,-70.53,153.23,223.77,-41.35,-147.13,188.48,-212.71,-254.06,-221.80,-140.11,-67.51,-1.97
2481,-70.53,167.37,237.91,-48.42,-154.20,202.61,-212.71,-258.10,-228.87,-143.14,-66.54,3.99
2482,-66.54,173.38,239.92,-53.42,-153.23,206.65,-219.78,-269.16,-239.92,-151.22,-72.55,0.96
2483,-66.54,176.41,242.95,-54.91,-154.72,209.68,-224.83,-278.25,-250.02,-160.30,-77.60,0.00
2484,-64.52,184.49,249.01,-59.96,-156.74,216.75,-230.89,-286.32,-260.12,-167.37,-81.64,-0.96
2485,-68.52,180.45,248.96,-55.97,-158.72,214.68,-239.92,-294.40,-270.17,-176.41,-89.72,-6.01
2486,-72.55,187.52,260.07,-57.46,-166.31,223.77,-240.93,-299.45,-280.26,-182.47,-93.76,-3.99
2487,-68.52,188.53,257.04,-60.01,-162.75,222.76,-251.03,-309.50,-294.40,-194.58,-105.83,-8.03
2488,-71.54,182.47,254.01,-55.44,-162.75,218.24,-256.08,-316.57,-303.44,-203.62,-111.88,-10.05
2489,-68.52,193.57,262.09,-62.51,-165.30,227.81,-255.07,-313.54,-308.49,-204.63,-112.89,-6.01
2490,-75.58,194.58,270.17,-59.48,-172.85,232.38,-267.19,-330.70,-318.59,-211.70,-117.94,-5.00
2491,-80.63,191.56,272.19,-55.44,-176.41,231.85,-270.17,-336.71,-331.71,-222.81,-127.03,-14.09
2492,-79.62,188.53,268.15,-54.43,-173.86,228.34,-274.21,-336.71,-343.78,-232.90,-135.06,-21.16
2493,-95.78,175.40,271.18,-39.81,-183.48,223.29,-284.30,-351.86,-357.92,-244.97,-141.12,-16.11
2494,-84.67,189.54,274.21,-52.41,-179.44,231.85,-281.27,-348.83,-358.93,-243.96,-141.12,-15.10
2495,-83.66,200.64,284.30,-58.47,-183.96,242.47,-285.31,-356.91,-367.00,-250.02,-146.17,-18.13
2496,-94.77,192.56,287.33,-48.90,-191.03,239.92,-291.37,-365.99,-382.10,-262.14,-156.26,-22.17
2497,-97.80,189.54,287.33,-45.87,-192.56,238.43,-298.44,-376.04,-393.21,-271.18,-164.34,-27.21
2498,-100.83,189.54,290.36,-44.33,-195.59,239.92,-309.50,-392.20,-405.28,-281.27,-169.34,-27.21
2499,-95.78,199.63,295.41,-51.93,-195.59,247.52,-310.51,-389.17,-412.34,-283.29,-169.34,-21.16
2500,-102.80,206.65,309.45,-51.93,-206.12,258.05,-311.52,-392.20,-421.43,-290.36,-176.41,-24.18
2501,-107.85,210.69,318.54,-51.40,-213.19,264.59,-317.58,-406.29,-433.55,-300.46,-183.48,-27.21
2502,-103.81,210.69,314.50,-53.42,-209.15,262.57,-319.59,-413.35,-442.59,-306.47,-189.54,-28.22
2503,-105.83,205.64,311.47,-49.91,-208.62,258.53,-323.63,-412.34,-449.65,-315.56,-198.62,-35.24
2504,-111.88,210.69,322.58,-49.38,-217.23,266.61,-328.68,-419.41,-459.75,-322.62,-203.62,-33.27
2505,-107.85,211.70,319.55,-51.93,-213.67,265.60,-327.67,-420.42,-463.79,-325.65,-205.64,-30.24
2506,-100.83,219.78,320.60,-59.48,-210.69,270.17,-332.72,-423.45,-472.83,-331.71,-208.67,-27.21
2507,-102.80,220.79,323.59,-59.00,-213.19,272.19,-341.76,-433.55,-488.98,-344.79,-218.77,-38.27
2508,-110.87,213.72,324.60,-51.40,-217.71,269.16,-340.75,-437.54,-496.05,-351.86,-226.85,-48.37
2509,-112.89,214.73,327.62,-50.92,-220.26,271.18,-342.77,-446.63,-503.12,-356.91,-227.86,-47.36
2510,-101.79,219.78,321.57,-59.00,-211.65,270.65,-348.83,-453.69,-509.13,-362.96,-231.90,-46.35
2511,-102.80,222.81,325.61,-60.01,-214.20,274.21,-351.86,-455.71,-516.20,-368.01,-232.90,-42.31
2512,-106.84,220.79,327.62,-56.98,-217.23,274.21,-351.86,-457.73,-522.26,-370.99,-232.90,-43.32
2513,-109.87,217.76,327.62,-53.95,-218.72,272.67,-353.88,-461.77,-531.34,-378.06,-238.91,-43.32
2514,-121.98,207.66,329.64,-42.84,-225.79,268.63,-365.99,-478.89,-544.42,-389.17,-245.98,-44.33
2515,-124.00,207.66,331.66,-41.83,-227.81,269.64,-372.00,-486.97,-553.51,-396.24,-255.07,-52.41
2516,-130.06,201.65,331.71,-35.77,-230.89,266.66,-365.99,-475.86,-557.55,-401.28,-259.11,-51.40
2517,-140.11,194.58,334.69,-27.21,-237.38,264.64,-365.99,-479.90,-560.58,-404.27,-260.12,-45.34
2518,-134.10,199.63,333.73,-32.74,-233.91,266.66,-365.99,-483.94,-566.64,-408.30,-264.16,-46.35
2519,-126.02,204.63,330.65,-39.28,-228.34,267.62,-364.98,-482.93,-569.66,-411.33,-268.20,-56.45
2520,-122.99,207.66,330.65,-42.31,-226.80,269.16,-372.00,-487.97,-576.68,-417.39,-275.22,-62.51
2521,-124.00,202.61,326.61,-39.28,-225.31,264.59,-370.99,-487.97,-581.73,-424.46,-280.26,-60.49
2522,-121.98,205.64,327.62,-41.83,-224.78,266.61,-365.99,-484.95,-579.71,-425.47,-280.26,-60.49
2523,-119.96,209.68,329.64,-44.86,-224.78,269.64,-363.97,-482.93,-579.71,-426.48,-281.27,-57.46
2524,-122.99,207.66,330.65,-42.31,-226.80,269.16,-364.98,-482.93,-581.73,-427.49,-282.28,-58.47
2525,-121.98,204.63,326.61,-41.30,-224.30,265.60,-363.97,-481.92,-583.75,-430.52,-283.29,-55.44
2526,-119.96,203.62,323.59,-41.83,-221.75,263.58,-362.96,-479.90,-585.77,-434.56,-289.35,-61.50
2527,-116.93,205.64,322.58,-44.33,-219.73,264.11,-360.94,-478.89,-584.76,-436.58,-293.39,-67.51
2528,-127.03,193.57,320.60,-33.27,-223.82,257.09,-356.91,-473.84,-582.74,-437.54,-292.38,-66.54
2529,-138.09,178.43,316.52,-20.15,-227.28,247.47,-355.90,-469.85,-580.72,-436.58,-292.38,-66.54
2530,-137.08,172.37,309.45,-17.65,-223.24,240.89,-351.86,-464.80,-574.67,-431.53,-287.33,-60.49
2531,-136.07,165.35,301.42,-14.62,-218.72,233.39,-348.83,-460.76,-575.67,-433.55,-294.40,-68.52
2532,-133.09,167.37,300.46,-17.12,-216.75,233.91,-342.77,-455.71,-572.65,-432.54,-295.41,-73.56
2533,-133.09,167.37,300.46,-17.12,-216.75,233.91,-336.71,-447.63,-564.62,-425.47,-289.35,-66.54
2534,-124.00,162.32,286.32,-19.14,-205.16,224.30,-339.74,-450.66,-564.62,-428.50,-296.42,-76.59
2535,-109.87,166.36,276.23,-28.22,-193.05,221.27,-341.76,-447.63,-564.62,-429.51,-300.46,-85.68
2536,-115.92,159.29,275.22,-21.68,-195.55,217.23,-329.69,-437.54,-556.54,-424.46,-295.41,-78.61
2537,-118.95,152.22,271.18,-16.64,-195.06,211.70,-319.59,-433.55,-549.47,-420.42,-296.42,-83.66
2538,-118.95,148.19,267.14,-14.62,-193.05,207.66,-318.59,-424.46,-543.41,-419.41,-298.44,-87.70
2539,-124.00,141.12,265.12,-8.56,-194.54,203.09,-317.58,-425.47,-539.37,-419.41,-297.43,-85.68
2540,-120.97,143.14,264.11,-11.06,-192.52,203.62,-312.53,-421.43,-533.36,-415.37,-294.40,-86.69
2541,-125.01,137.08,262.09,-6.01,-193.53,199.58,-302.48,-409.31,-522.26,-408.30,-288.34,-82.65
2542,-122.99,125.01,248.00,-1.01,-185.50,186.51,-296.42,-400.28,-516.20,-406.29,-287.33,-81.64
2543,-116.93,125.01,241.94,-4.04,-179.44,183.48,-290.36,-393.21,-508.12,-402.29,-286.32,-80.63
2544,-114.91,125.01,239.92,-5.05,-177.42,182.47,-285.31,-385.13,-499.08,-397.25,-286.32,-89.72
2545,-112.89,114.91,227.81,-1.01,-170.35,171.36,-283.29,-377.05,-491.00,-394.22,-287.33,-95.78
2546,-111.88,113.90,225.79,-1.01,-168.81,169.82,-272.19,-367.00,-479.90,-386.14,-280.26,-87.70
2547,-104.82,113.90,218.72,-4.52,-161.74,166.31,-261.13,-355.90,-468.84,-381.09,-277.24,-85.68
2548,-110.87,101.79,212.66,4.52,-161.74,157.23,-258.10,-347.82,-458.74,-375.03,-275.22,-85.68
2549,-115.92,96.79,212.71,9.57,-164.29,154.72,-253.05,-335.75,-443.60,-363.97,-268.20,-83.66
2550,-100.83,94.77,195.59,3.03,-148.19,145.16,-241.94,-323.63,-431.53,-353.88,-262.14,-78.61
2551,-92.75,91.74,184.49,0.48,-138.62,138.09,-234.92,-315.56,-423.45,-347.82,-263.15,-88.71
2552,-93.76,87.70,181.46,3.03,-137.61,134.58,-228.87,-308.49,-412.34,-337.72,-255.07,-82.65
2553,-100.83,80.63,181.46,10.10,-141.12,131.02,-221.80,-299.45,-398.26,-325.65,-244.97,-75.58
2554,-93.76,77.60,171.36,8.08,-132.56,124.48,-212.71,-289.35,-387.15,-319.59,-244.97,-83.66
2555,-74.57,83.66,158.23,-4.52,-116.40,120.92,-200.64,-277.24,-374.02,-308.49,-239.92,-81.64
2556,-83.66,71.54,155.21,6.06,-119.43,113.38,-191.56,-264.16,-359.94,-298.44,-233.91,-84.67
2557,-87.70,60.49,148.19,13.61,-117.94,104.34,-184.49,-254.06,-349.84,-290.36,-226.85,-77.60
2558,-85.68,55.44,141.12,15.10,-113.38,98.28,-176.41,-243.96,-337.72,-281.27,-220.79,-77.60
2559,-89.72,49.38,139.10,20.15,-114.38,94.24,-175.40,-239.92,-327.67,-273.20,-215.74,-77.60
2560,-91.74,40.29,132.03,25.72,-111.88,86.16,-170.35,-228.87,-317.58,-266.18,-211.70,-76.59
2561,-86.69,42.31,129.00,22.17,-107.85,85.63,-154.24,-205.64,-297.43,-252.04,-203.62,-70.53
2562,-73.56,52.41,125.97,10.58,-99.77,89.19,-146.17,-195.59,-283.29,-239.92,-194.58,-56.45
2563,-68.52,44.33,112.85,12.07,-90.68,78.56,-148.19,-192.56,-277.24,-234.92,-191.56,-59.48
2564,-66.54,42.31,108.86,12.12,-87.70,75.58,-142.13,-186.51,-267.19,-227.86,-190.55,-70.53
2565,-68.52,33.27,101.79,17.60,-85.15,67.51,-134.10,-181.46,-256.08,-219.78,-186.51,-76.59
2566,-60.49,38.27,98.76,11.11,-79.62,68.52,-118.95,-163.33,-235.89,-203.62,-170.35,-65.53
2567,-56.45,37.26,93.71,9.57,-75.05,65.49,-110.87,-148.19,-223.82,-196.60,-165.35,-65.53
2568,-56.45,23.18,79.62,16.64,-68.03,51.40,-107.85,-145.16,-218.77,-192.56,-165.35,-71.54
2569,-52.41,21.16,73.56,15.63,-62.99,47.36,-100.83,-133.09,-200.64,-177.42,-151.22,-61.50
2570,-58.47,13.08,71.54,22.69,-65.01,42.31,-95.78,-128.04,-188.53,-167.37,-144.15,-60.49
2571,-55.44,7.02,62.46,24.18,-58.95,34.71,-90.73,-121.98,-178.43,-159.29,-136.07,-61.50
2572,-52.41,6.01,58.42,23.18,-55.39,32.21,-84.67,-111.88,-166.36,-150.21,-127.03,-55.44
2573,-52.41,10.05,62.46,21.16,-57.41,36.25,-72.55,-99.82,-156.26,-143.14,-125.01,-62.51
2574,-48.37,5.00,53.37,21.68,-50.87,29.19,-65.53,-88.71,-146.17,-134.10,-119.96,-64.52
2575,-33.27,14.09,47.36,9.57,-40.29,30.72,-63.52,-80.63,-133.09,-122.99,-111.88,-55.44
2576,-31.25,12.07,43.32,9.57,-37.26,27.69,-57.46,-74.57,-121.98,-114.91,-105.83,-49.38
2577,-33.27,1.97,35.24,15.63,-34.23,18.61,-54.43,-71.54,-113.90,-108.86,-102.80,-52.41
2578,-32.26,11.06,43.32,10.58,-37.79,27.17,-44.33,-59.48,-99.82,-94.77,-91.74,-45.34
2579,-39.28,-1.97,37.31,20.63,-38.32,17.65,-40.29,-52.41,-91.74,-90.73,-88.71,-45.34
2580,-44.33,-8.03,36.30,26.16,-40.34,14.14,-38.27,-49.38,-87.70,-88.71,-90.73,-53.42
2581,-37.26,-0.96,36.30,19.09,-36.78,17.65,-31.25,-41.30,-73.56,-76.59,-81.64,-45.34
2582,-27.21,-1.97,25.24,14.57,-26.25,11.64,-29.23,-37.26,-66.54,-73.56,-81.64,-43.32
2583,-30.24,-3.99,26.25,17.12,-28.27,11.11,-25.19,-31.25,-58.47,-67.51,-78.61,-44.33
2584,-21.16,0.00,21.16,10.58,-21.16,10.58,-23.18,-27.21,-49.38,-61.50,-69.53,-40.29
2585,-14.09,-1.97,12.12,8.03,-13.13,5.05,-17.12,-19.14,-40.29,-54.43,-62.51,-35.24
2586,-17.12,-3.99,13.13,10.53,-15.15,4.57,-12.07,-12.07,-30.24,-45.34,-60.49,-39.28
2587,-13.08,-3.99,9.09,8.51,-11.11,2.55,-9.04,-10.05,-26.20,-43.32,-61.50,-41.30
2588,-18.13,-11.06,7.07,14.57,-12.60,-2.02,-6.01,-2.98,-19.14,-37.26,-55.44,-41.30
2589,-18.13,-1.97,16.16,10.05,-17.16,7.07,-2.98,2.98,-10.05,-27.21,-44.33,-39.28
2590,-21.16,-12.07,9.09,16.59,-15.15,-1.49,1.97,8.03,-5.00,-22.17,-42.31,-25.19
2591,-19.14,-26.20,-7.07,22.65,-6.06,-16.64,2.98,12.07,1.97,-18.13,-45.34,-25.19
2592,-14.09,-20.15,-6.06,17.12,-4.04,-13.13,7.02,17.12,11.06,-11.06,-38.27,-26.20
2593,-12.07,-19.14,-7.07,15.58,-2.50,-13.13,9.04,21.16,18.13,-8.03,-33.27,-24.18
2594,-11.06,-24.18,-13.13,17.60,1.01,-18.66,13.08,24.18,23.18,-3.99,-32.26,-30.24
2595,-15.10,-21.16,-6.06,18.13,-4.52,-13.61,19.14,31.25,29.23,2.98,-25.19,-23.18
2596,-12.07,-21.16,-9.09,16.59,-1.49,-15.15,19.14,37.26,38.27,12.07,-19.14,-21.16
2597,-9.04,-27.21,-18.17,18.13,4.57,-22.69,19.14,39.28,41.30,13.08,-18.13,-26.20
2598,-9.04,-22.17,-13.13,15.58,2.02,-17.65,20.15,39.28,48.37,21.16,-12.07,-20.15
2599,-16.11,-28.22,-12.12,22.17,-2.02,-20.19,21.16,35.24,51.40,24.18,-10.05,-24.18
2600,-17.12,-32.26,-15.15,24.67,-1.01,-23.70,23.18,42.31,52.41,25.19,-9.04,-22.17
2601,-0.96,-16.11,-15.15,8.51,7.07,-15.63,32.26,56.45,65.53,37.26,-0.96,-22.17
2602,2.98,-12.07,-15.05,4.52,8.99,-13.56,38.27,60.49,72.55,42.31,3.99,-17.12
2603,2.98,-12.07,-15.05,4.52,8.99,-13.56,36.25,58.47,77.60,48.37,9.04,-6.01
2604,9.04,-3.99,-13.03,-2.50,11.01,-8.51,36.25,61.50,77.60,48.37,5.00,-21.16
2605,12.07,-10.05,-22.12,-1.01,17.07,-16.06,41.30,68.52,82.65,53.42,11.06,-17.12
2606,10.05,-6.01,-16.06,-2.02,13.03,-11.01,46.35,73.56,91.74,60.49,21.16,-2.98
2607,5.00,-13.08,-18.08,4.04,11.54,-15.58,44.33,71.54,89.72,56.45,18.13,-10.05
2608,9.04,-27.21,-36.25,9.09,22.65,-31.73,40.29,68.52,91.74,57.46,15.10,-16.11
2609,10.05,-22.17,-32.21,6.06,21.11,-27.17,42.31,73.56,95.78,61.50,18.13,-13.08
2610,13.08,-26.20,-39.28,6.54,26.16,-32.74,47.36,78.61,100.83,64.52,21.16,-13.08
2611,12.07,-30.24,-42.31,9.09,27.17,-36.25,48.37,79.62,103.81,66.54,22.17,-10.05
2612,-1.97,-30.24,-28.27,16.11,13.13,-29.28,47.36,78.61,108.86,69.53,26.20,-3.99
2613,6.01,-24.18,-30.19,9.09,18.08,-27.17,49.38,79.62,113.90,71.54,27.21,-5.00
2614,12.07,-22.17,-34.23,5.05,23.13,-28.18,48.37,79.62,113.90,70.53,22.17,-10.05
2615,14.09,-19.14,-33.22,2.50,23.66,-26.16,51.40,83.66,117.94,75.58,25.19,-9.04
2616,16.11,-23.18,-39.28,3.51,27.69,-31.20,50.39,86.69,119.96,77.60,29.23,-7.02
2617,6.01,-34.23,-40.24,14.09,23.13,-37.21,54.43,87.70,122.99,78.61,29.23,-7.02
2618,8.03,-29.23,-37.26,10.58,22.65,-33.22,57.46,90.73,126.02,82.65,33.27,-2.98
2619,7.02,-26.20,-33.22,9.57,20.10,-29.71,55.44,89.72,126.02,83.66,33.27,-5.00
2620,3.99,-26.20,-30.19,11.11,17.07,-28.18,62.51,96.79,131.07,87.70,37.26,-1.97
2621,7.02,-20.15,-27.17,6.54,17.07,-23.66,63.52,95.78,134.10,90.73,40.29,0.96
2622,10.05,-19.14,-29.19,4.52,19.62,-24.14,65.53,97.80,136.07,91.74,44.33,6.01
2623,12.07,-21.16,-33.22,4.52,22.65,-27.17,64.52,98.81,140.11,94.77,45.34,5.00
2624,8.03,-20.15,-28.18,6.06,18.08,-24.14,61.50,91.74,139.10,94.77,42.31,-6.01
2625,9.04,-24.18,-33.22,7.55,21.11,-28.70,67.51,101.79,141.12,95.78,45.34,-1.97
2626,11.06,-25.19,-36.25,7.07,23.66,-30.72,65.53,100.83,141.12,93.76,44.33,-2.98
2627,2.98,-22.17,-25.15,9.57,14.04,-23.66,61.50,98.81,141.12,97.80,47.36,0.00
2628,12.07,-24.18,-36.25,6.06,24.14,-30.19,66.54,103.81,148.19,101.79,50.39,0.00
2629,18.13,-22.17,-40.29,2.02,29.19,-31.20,69.53,107.85,150.21,101.79,48.37,-6.01
2630,14.09,-24.18,-38.27,5.05,26.16,-31.20,67.51,106.84,151.22,106.84,54.43,2.98
2631,18.13,-28.22,-46.35,5.05,32.21,-37.26,67.51,102.80,149.20,106.84,56.45,1.97
2632,13.08,-21.16,-34.23,4.04,23.66,-27.69,72.55,106.84,153.23,107.85,59.48,-0.96
2633,7.02,-19.14,-26.16,6.06,16.59,-22.65,79.62,110.87,157.27,110.87,60.49,0.00
2634,15.10,-20.15,-35.24,2.50,25.15,-27.69,75.58,106.84,155.25,112.89,60.49,1.97
2635,26.20,-14.09,-40.29,-6.06,33.22,-27.17,70.53,103.81,158.28,113.90,62.51,3.99
2636,19.14,-26.20,-45.34,3.51,32.21,-35.77,77.60,108.86,158.28,112.89,58.47,-3.99
2637,8.03,-38.27,-46.30,15.10,27.17,-42.26,72.55,105.83,158.28,112.89,60.49,-1.97
2638,2.98,-37.26,-40.24,17.12,21.59,-38.75,70.53,104.82,158.28,112.89,59.48,-1.97
2639,8.03,-37.26,-45.29,14.62,26.64,-41.25,68.52,106.84,160.30,111.88,60.49,0.96
2640,11.06,-27.21,-38.27,8.08,24.67,-32.74,63.52,104.82,161.31,115.92,64.52,12.07
2641,23.18,-19.14,-42.31,-2.02,32.74,-30.72,72.55,111.88,160.30,114.91,60.49,3.99
2642,26.20,-21.16,-47.36,-2.50,36.78,-34.23,73.56,109.87,161.31,112.89,59.48,0.96
2643,0.00,0.00,0.00,0.00,0.00,0.00,0.00,0.00,0.00,0.00,0.00,0.00
2644,0.00,0.00,0.00,0.00,0.00,0.00,0.00,0.00,0.00,0.00,0.00,0.00
2645,0.00,0.00,0.00,0.00,0.00,0.00,0.00,0.00,0.00,0.00,0.00,0.00
2646,0.00,0.00,0.00,0.00,0.00,0.00,0.00,0.00,0.00,0.00,0.00,0.00
2647,0.00,0.00,0.00,0.00,0.00,0.00,0.00,0.00,0.00,0.00,0.00,0.00
2648,0.00,0.00,0.00,0.00,0.00,0.00,0.00,0.00,0.00,0.00,0.00,0.00
2649,0.00,0.00,0.00,0.00,0.00,0.00,0.00,0.00,0.00,0.00,0.00,0.00
2650,0.00,0.00,0.00,0.00,0.00,0.00,0.00,0.00,0.00,0.00,0.00,0.00
2651,0.00,0.00,0.00,0.00,0.00,0.00,0.00,0.00,0.00,0.00,0.00,0.00
2652,0.00,0.00,0.00,0.00,0.00,0.00,0.00,0.00,0.00,0.00,0.00,0.00
2653,0.00,0.00,0.00,0.00,0.00,0.00,0.00,0.00,0.00,0.00,0.00,0.00
2654,0.00,0.00,0.00,0.00,0.00,0.00,0.00,0.00,0.00,0.00,0.00,0.00
2655,0.00,0.00,0.00,0.00,0.00,0.00,0.00,0.00,0.00,0.00,0.00,0.00
2656,0.00,0.00,0.00,0.00,0.00,0.00,0.00,0.00,0.00,0.00,0.00,0.00
2657,0.00,0.00,0.00,0.00,0.00,0.00,0.00,0.00,0.00,0.00,0.00,0.00
2658,0.00,0.00,0.00,0.00,0.00,0.00,0.00,0.00,0.00,0.00,0.00,0.00
2659,0.00,0.00,0.00,0.00,0.00,0.00,0.00,0.00,0.00,0.00,0.00,0.00
2660,0.00,0.00,0.00,0.00,0.00,0.00,0.00,0.00,0.00,0.00,0.00,0.00
2661,0.00,0.00,0.00,0.00,0.00,0.00,0.00,0.00,0.00,0.00,0.00,0.00
2662,0.00,0.00,0.00,0.00,0.00,0.00,0.00,0.00,0.00,0.00,0.00,0.00
2663,0.00,0.00,0.00,0.00,0.00,0.00,0.00,0.00,0.00,0.00,0.00,0.00
2664,0.00,0.00,0.00,0.00,0.00,0.00,0.00,0.00,0.00,0.00,0.00,0.00
2665,0.00,0.00,0.00,0.00,0.00,0.00,0.00,0.00,0.00,0.00,0.00,0.00
2666,0.00,0.00,0.00,0.00,0.00,0.00,0.00,0.00,0.00,0.00,0.00,0.00
2667,0.00,0.00,0.00,0.00,0.00,0.00,0.00,0.00,0.00,0.00,0.00,0.00
2668,0.00,0.00,0.00,0.00,0.00,0.00,0.00,0.00,0.00,0.00,0.00,0.00
2669,0.00,0.00,0.00,0.00,0.00,0.00,0.00,0.00,0.00,0.00,0.00,0.00
2670,0.00,0.00,0.00,0.00,0.00,0.00,0.00,0.00,0.00,0.00,0.00,0.00
2671,0.00,0.00,0.00,0.00,0.00,0.00,0.00,0.00,0.00,0.00,0.00,0.00
2672,0.00,0.00,0.00,0.00,0.00,0.00,0.00,0.00,0.00,0.00,0.00,0.00
2673,0.00,0.00,0.00,0.00,0.00,0.00,0.00,0.00,0.00,0.00,0.00,0.00
2674,0.00,0.00,0.00,0.00,0.00,0.00,0.00,0.00,0.00,0.00,0.00,0.00
2675,0.00,0.00,0.00,0.00,0.00,0.00,0.00,0.00,0.00,0.00,0.00,0.00
2676,0.00,0.00,0.00,0.00,0.00,0.00,0.00,0.00,0.00,0.00,0.00,0.00
2677,0.00,0.00,0.00,0.00,0.00,0.00,0.00,0.00,0.00,0.00,0.00,0.00
2678,0.00,0.00,0.00,0.00,0.00,0.00,0.00,0.00,0.00,0.00,0.00,0.00
2679,0.00,0.00,0.00,0.00,0.00,0.00,0.00,0.00,0.00,0.00,0.00,0.00
2680,0.00,0.00,0.00,0.00,0.00,0.00,0.00,0.00,0.00,0.00,0.00,0.00
2681,0.00,0.00,0.00,0.00,0.00,0.00,0.00,0.00,0.00,0.00,0.00,0.00
2682,0.00,0.00,0.00,0.00,0.00,0.00,0.00,0.00,0.00,0.00,0.00,0.00
2683,0.00,0.00,0.00,0.00,0.00,0.00,0.00,0.00,0.00,0.00,0.00,0.00
2684,0.00,0.00,0.00,0.00,0.00,0.00,0.00,0.00,0.00,0.00,0.00,0.00
2685,0.00,0.00,0.00,0.00,0.00,0.00,0.00,0.00,0.00,0.00,0.00,0.00
2686,0.00,0.00,0.00,0.00,0.00,0.00,0.00,0.00,0.00,0.00,0.00,0.00
2687,0.00,0.00,0.00,0.00,0.00,0.00,0.00,0.00,0.00,0.00,0.00,0.00
2688,0.00,0.00,0.00,0.00,0.00,0.00,0.00,0.00,0.00,0.00,0.00,0.00
2689,0.00,0.00,0.00,0.00,0.00,0.00,0.00,0.00,0.00,0.00,0.00,0.00
2690,0.00,0.00,0.00,0.00,0.00,0.00,0.00,0.00,0.00,0.00,0.00,0.00
2691,0.00,0.00,0.00,0.00,0.00,0.00,0.00,0.00,0.00,0.00,0.00,0.00
2692,0.00,0.00,0.00,0.00,0.00,0.00,0.00,0.00,0.00,0.00,0.00,0.00
2693,0.00,0.00,0.00,0.00,0.00,0.00,0.00,0.00,0.00,0.00,0.00,0.00
2694,0.00,0.00,0.00,0.00,0.00,0.00,0.00,0.00,0.00,0.00,0.00,0.00
2695,0.00,0.00,0.00,0.00,0.00,0.00,0.00,0.00,0.00,0.00,0.00,0.00
2696,0.00,0.00,0.00,0.00,0.00,0.00,0.00,0.00,0.00,0.00,0.00,0.00
2697,0.00,0.00,0.00,0.00,0.00,0.00,0.00,0.00,0.00,0.00,0.00,0.00
2698,0.00,0.00,0.00,0.00,0.00,0.00,0.00,0.00,0.00,0.00,0.00,0.00
2699,0.00,0.00,0.00,0.00,0.00,0.00,0.00,0.00,0.00,0.00,0.00,0.00
2700,0.00,0.00,0.00,0.00,0.00,0.00,0.00,0.00,0.00,0.00,0.00,0.00
2701,0.00,0.00,0.00,0.00,0.00,0.00,0.00,0.00,0.00,0.00,0.00,0.00
2702,0.00,0.00,0.00,0.00,0.00,0.00,0.00,0.00,0.00,0.00,0.00,0.00
2703,0.00,0.00,0.00,0.00,0.00,0.00,0.00,0.00,0.00,0.00,0.00,0.00
2704,0.00,0.00,0.00,0.00,0.00,0.00,0.00,0.00,0.00,0.00,0.00,0.00
2705,0.00,0.00,0.00,0.00,0.00,0.00,0.00,0.00,0.00,0.00,0.00,0.00
2706,0.00,0.00,0.00,0.00,0.00,0.00,0.00,0.00,0.00,0.00,0.00,0.00
2707,0.00,0.00,0.00,0.00,0.00,0.00,0.00,0.00,0.00,0.00,0.00,0.00
2708,0.00,0.00,0.00,0.00,0.00,0.00,0.00,0.00,0.00,0.00,0.00,0.00
2709,0.00,0.00,0.00,0.00,0.00,0.00,0.00,0.00,0.00,0.00,0.00,0.00
2710,0.00,0.00,0.00,0.00,0.00,0.00,0.00,0.00,0.00,0.00,0.00,0.00
2711,0.00,0.00,0.00,0.00,0.00,0.00,0.00,0.00,0.00,0.00,0.00,0.00
2712,0.00,0.00,0.00,0.00,0.00,0.00,0.00,0.00,0.00,0.00,0.00,0.00
2713,0.00,0.00,0.00,0.00,0.00,0.00,0.00,0.00,0.00,0.00,0.00,0.00
2714,0.00,0.00,0.00,0.00,0.00,0.00,0.00,0.00,0.00,0.00,0.00,0.00
2715,0.00,0.00,0.00,0.00,0.00,0.00,0.00,0.00,0.00,0.00,0.00,0.00
2716,0.00,0.00,0.00,0.00,0.00,0.00,0.00,0.00,0.00,0.00,0.00,0.00
2717,0.00,0.00,0.00,0.00,0.00,0.00,0.00,0.00,0.00,0.00,0.00,0.00
2718,0.00,0.00,0.00,0.00,0.00,0.00,0.00,0.00,0.00,0.00,0.00,0.00
2719,0.00,0.00,0.00,0.00,0.00,0.00,0.00,0.00,0.00,0.00,0.00,0.00
2720,0.00,0.00,0.00,0.00,0.00,0.00,0.00,0.00,0.00,0.00,0.00,0.00
2721,0.00,0.00,0.00,0.00,0.00,0.00,0.00,0.00,0.00,0.00,0.00,0.00
2722,0.00,0.00,0.00,0.00,0.00,0.00,0.00,0.00,0.00,0.00,0.00,0.00
2723,0.00,0.00,0.00,0.00,0.00,0.00,0.00,0.00,0.00,0.00,0.00,0.00
2724,0.00,0.00,0.00,0.00,0.00,0.00,0.00,0.00,0.00,0.00,0.00,0.00
2725,0.00,0.00,0.00,0.00,0.00,0.00,0.00,0.00,0.00,0.00,0.00,0.00
2726,0.00,0.00,0.00,0.00,0.00,0.00,0.00,0.00,0.00,0.00,0.00,0.00
2727,0.00,0.00,0.00,0.00,0.00,0.00,0.00,0.00,0.00,0.00,0.00,0.00
2728,0.00,0.00,0.00,0.00,0.00,0.00,0.00,0.00,0.00,0.00,0.00,0.00
2729,0.00,0.00,0.00,0.00,0.00,0.00,0.00,0.00,0.00,0.00,0.00,0.00
2730,0.00,0.00,0.00,0.00,0.00,0.00,0.00,0.00,0.00,0.00,0.00,0.00
2731,0.00,0.00,0.00,0.00,0.00,0.00,0.00,0.00,0.00,0.00,0.00,0.00
2732,0.00,0.00,0.00,0.00,0.00,0.00,0.00,0.00,0.00,0.00,0.00,0.00
2733,0.00,0.00,0.00,0.00,0.00,0.00,0.00,0.00,0.00,0.00,0.00,0.00
2734,0.00,0.00,0.00,0.00,0.00,0.00,0.00,0.00,0.00,0.00,0.00,0.00
2735,0.00,0.00,0.00,0.00,0.00,0.00,0.00,0.00,0.00,0.00,0.00,0.00
2736,0.00,0.00,0.00,0.00,0.00,0.00,0.00,0.00,0.00,0.00,0.00,0.00
2737,0.00,0.00,0.00,0.00,0.00,0.00,0.00,0.00,0.00,0.00,0.00,0.00
2738,0.00,0.00,0.00,0.00,0.00,0.00,0.00,0.00,0.00,0.00,0.00,0.00
2739,0.00,0.00,0.00,0.00,0.00,0.00,0.00,0.00,0.00,0.00,0.00,0.00
2740,0.00,0.00,0.00,0.00,0.00,0.00,0.00,0.00,0.00,0.00,0.00,0.00
2741,0.00,0.00,0.00,0.00,0.00,0.00,0.00,0.00,0.00,0.00,0.00,0.00
2742,0.00,0.00,0.00,0.00,0.00,0.00,0.00,0.00,0.00,0.00,0.00,0.00
2743,0.00,0.00,0.00,0.00,0.00,0.00,0.00,0.00,0.00,0.00,0.00,0.00
2744,0.00,0.00,0.00,0.00,0.00,0.00,0.00,0.00,0.00,0.00,0.00,0.00
2745,0.00,0.00,0.00,0.00,0.00,0.00,0.00,0.00,0.00,0.00,0.00,0.00
2746,0.00,0.00,0.00,0.00,0.00,0.00,0.00,0.00,0.00,0.00,0.00,0.00
2747,0.00,0.00,0.00,0.00,0.00,0.00,0.00,0.00,0.00,0.00,0.00,0.00
2748,0.00,0.00,0.00,0.00,0.00,0.00,0.00,0.00,0.00,0.00,0.00,0.00
2749,0.00,0.00,0.00,0.00,0.00,0.00,0.00,0.00,0.00,0.00,0.00,0.00
2750,0.00,0.00,0.00,0.00,0.00,0.00,0.00,0.00,0.00,0.00,0.00,0.00
2751,0.00,0.00,0.00,0.00,0.00,0.00,0.00,0.00,0.00,0.00,0.00,0.00
2752,0.00,0.00,0.00,0.00,0.00,0.00,0.00,0.00,0.00,0.00,0.00,0.00
2753,0.00,0.00,0.00,0.00,0.00,0.00,0.00,0.00,0.00,0.00,0.00,0.00
2754,0.00,0.00,0.00,0.00,0.00,0.00,0.00,0.00,0.00,0.00,0.00,0.00
2755,0.00,0.00,0.00,0.00,0.00,0.00,0.00,0.00,0.00,0.00,0.00,0.00
2756,0.00,0.00,0.00,0.00,0.00,0.00,0.00,0.00,0.00,0.00,0.00,0.00
2757,0.00,0.00,0.00,0.00,0.00,0.00,0.00,0.00,0.00,0.00,0.00,0.00
2758,0.00,0.00,0.00,0.00,0.00,0.00,0.00,0.00,0.00,0.00,0.00,0.00
2759,0.00,0.00,0.00,0.00,0.00,0.00,0.00,0.00,0.00,0.00,0.00,0.00
2760,0.00,0.00,0.00,0.00,0.00,0.00,0.00,0.00,0.00,0.00,0.00,0.00
2761,0.00,0.00,0.00,0.00,0.00,0.00,0.00,0.00,0.00,0.00,0.00,0.00
2762,0.00,0.00,0.00,0.00,0.00,0.00,0.00,0.00,0.00,0.00,0.00,0.00
2763,0.00,0.00,0.00,0.00,0.00,0.00,0.00,0.00,0.00,0.00,0.00,0.00
2764,0.00,0.00,0.00,0.00,0.00,0.00,0.00,0.00,0.00,0.00,0.00,0.00
2765,0.00,0.00,0.00,0.00,0.00,0.00,0.00,0.00,0.00,0.00,0.00,0.00
2766,0.00,0.00,0.00,0.00,0.00,0.00,0.00,0.00,0.00,0.00,0.00,0.00
2767,0.00,0.00,0.00,0.00,0.00,0.00,0.00,0.00,0.00,0.00,0.00,0.00
2768,0.00,0.00,0.00,0.00,0.00,0.00,0.00,0.00,0.00,0.00,0.00,0.00
2769,0.00,0.00,0.00,0.00,0.00,0.00,0.00,0.00,0.00,0.00,0.00,0.00
2770,0.00,0.00,0.00,0.00,0.00,0.00,0.00,0.00,0.00,0.00,0.00,0.00
2771,0.00,0.00,0.00,0.00,0.00,0.00,0.00,0.00,0.00,0.00,0.00,0.00
2772,0.00,0.00,0.00,0.00,0.00,0.00,0.00,0.00,0.00,0.00,0.00,0.00
2773,0.00,0.00,0.00,0.00,0.00,0.00,0.00,0.00,0.00,0.00,0.00,0.00
2774,0.00,0.00,0.00,0.00,0.00,0.00,0.00,0.00,0.00,0.00,0.00,0.00
2775,0.00,0.00,0.00,0.00,0.00,0.00,0.00,0.00,0.00,0.00,0.00,0.00
2776,0.00,0.00,0.00,0.00,0.00,0.00,0.00,0.00,0.00,0.00,0.00,0.00
2777,0.00,0.00,0.00,0.00,0.00,0.00,0.00,0.00,0.00,0.00,0.00,0.00
2778,0.00,0.00,0.00,0.00,0.00,0.00,0.00,0.00,0.00,0.00,0.00,0.00
2779,0.00,0.00,0.00,0.00,0.00,0.00,0.00,0.00,0.00,0.00,0.00,0.00
2780,0.00,0.00,0.00,0.00,0.00,0.00,0.00,0.00,0.00,0.00,0.00,0.00
2781,0.00,0.00,0.00,0.00,0.00,0.00,0.00,0.00,0.00,0.00,0.00,0.00
2782,0.00,0.00,0.00,0.00,0.00,0.00,0.00,0.00,0.00,0.00,0.00,0.00
2783,0.00,0.00,0.00,0.00,0.00,0.00,0.00,0.00,0.00,0.00,0.00,0.00
2784,0.00,0.00,0.00,0.00,0.00,0.00,0.00,0.00,0.00,0.00,0.00,0.00
2785,0.00,0.00,0.00,0.00,0.00,0.00,0.00,0.00,0.00,0.00,0.00,0.00
2786,0.00,0.00,0.00,0.00,0.00,0.00,0.00,0.00,0.00,0.00,0.00,0.00
2787,0.00,0.00,0.00,0.00,0.00,0.00,0.00,0.00,0.00,0.00,0.00,0.00
2788,0.00,0.00,0.00,0.00,0.00,0.00,0.00,0.00,0.00,0.00,0.00,0.00
2789,0.00,0.00,0.00,0.00,0.00,0.00,0.00,0.00,0.00,0.00,0.00,0.00
2790,0.00,0.00,0.00,0.00,0.00,0.00,0.00,0.00,0.00,0.00,0.00,0.00
2791,0.00,0.00,0.00,0.00,0.00,0.00,0.00,0.00,0.00,0.00,0.00,0.00
2792,0.00,0.00,0.00,0.00,0.00,0.00,0.00,0.00,0.00,0.00,0.00,0.00
2793,0.00,0.00,0.00,0.00,0.00,0.00,0.00,0.00,0.00,0.00,0.00,0.00
2794,0.00,0.00,0.00,0.00,0.00,0.00,0.00,0.00,0.00,0.00,0.00,0.00
2795,0.00,0.00,0.00,0.00,0.00,0.00,0.00,0.00,0.00,0.00,0.00,0.00
2796,0.00,0.00,0.00,0.00,0.00,0.00,0.00,0.00,0.00,0.00,0.00,0.00
2797,0.00,0.00,0.00,0.00,0.00,0.00,0.00,0.00,0.00,0.00,0.00,0.00
2798,0.00,0.00,0.00,0.00,0.00,0.00,0.00,0.00,0.00,0.00,0.00,0.00
2799,0.00,0.00,0.00,0.00,0.00,0.00,0.00,0.00,0.00,0.00,0.00,0.00
2800,0.00,0.00,0.00,0.00,0.00,0.00,0.00,0.00,0.00,0.00,0.00,0.00
2801,0.00,0.00,0.00,0.00,0.00,0.00,0.00,0.00,0.00,0.00,0.00,0.00
2802,0.00,0.00,0.00,0.00,0.00,0.00,0.00,0.00,0.00,0.00,0.00,0.00
2803,0.00,0.00,0.00,0.00,0.00,0.00,0.00,0.00,0.00,0.00,0.00,0.00
2804,0.00,0.00,0.00,0.00,0.00,0.00,0.00,0.00,0.00,0.00,0.00,0.00
2805,0.00,0.00,0.00,0.00,0.00,0.00,0.00,0.00,0.00,0.00,0.00,0.00
2806,0.00,0.00,0.00,0.00,0.00,0.00,0.00,0.00,0.00,0.00,0.00,0.00
2807,0.00,0.00,0.00,0.00,0.00,0.00,0.00,0.00,0.00,0.00,0.00,0.00
2808,0.00,0.00,0.00,0.00,0.00,0.00,0.00,0.00,0.00,0.00,0.00,0.00
2809,0.00,0.00,0.00,0.00,0.00,0.00,0.00,0.00,0.00,0.00,0.00,0.00
2810,0.00,0.00,0.00,0.00,0.00,0.00,0.00,0.00,0.00,0.00,0.00,0.00
2811,0.00,0.00,0.00,0.00,0.00,0.00,0.00,0.00,0.00,0.00,0.00,0.00
2812,0.00,0.00,0.00,0.00,0.00,0.00,0.00,0.00,0.00,0.00,0.00,0.00
2813,0.00,0.00,0.00,0.00,0.00,0.00,0.00,0.00,0.00,0.00,0.00,0.00
2814,0.00,0.00,0.00,0.00,0.00,0.00,0.00,0.00,0.00,0.00,0.00,0.00
2815,0.00,0.00,0.00,0.00,0.00,0.00,0.00,0.00,0.00,0.00,0.00,0.00
2816,0.00,0.00,0.00,0.00,0.00,0.00,0.00,0.00,0.00,0.00,0.00,0.00
2817,0.00,0.00,0.00,0.00,0.00,0.00,0.00,0.00,0.00,0.00,0.00,0.00
2818,0.00,0.00,0.00,0.00,0.00,0.00,0.00,0.00,0.00,0.00,0.00,0.00
2819,0.00,0.00,0.00,0.00,0.00,0.00,0.00,0.00,0.00,0.00,0.00,0.00
2820,0.00,0.00,0.00,0.00,0.00,0.00,0.00,0.00,0.00,0.00,0.00,0.00
2821,0.00,0.00,0.00,0.00,0.00,0.00,0.00,0.00,0.00,0.00,0.00,0.00
2822,0.00,0.00,0.00,0.00,0.00,0.00,0.00,0.00,0.00,0.00,0.00,0.00
2823,0.00,0.00,0.00,0.00,0.00,0.00,0.00,0.00,0.00,0.00,0.00,0.00
2824,0.00,0.00,0.00,0.00,0.00,0.00,0.00,0.00,0.00,0.00,0.00,0.00
2825,0.00,0.00,0.00,0.00,0.00,0.00,0.00,0.00,0.00,0.00,0.00,0.00
2826,0.00,0.00,0.00,0.00,0.00,0.00,0.00,0.00,0.00,0.00,0.00,0.00
2827,0.00,0.00,0.00,0.00,0.00,0.00,0.00,0.00,0.00,0.00,0.00,0.00
2828,0.00,0.00,0.00,0.00,0.00,0.00,0.00,0.00,0.00,0.00,0.00,0.00
2829,0.00,0.00,0.00,0.00,0.00,0.00,0.00,0.00,0.00,0.00,0.00,0.00
2830,0.00,0.00,0.00,0.00,0.00,0.00,0.00,0.00,0.00,0.00,0.00,0.00
2831,0.00,0.00,0.00,0.00,0.00,0.00,0.00,0.00,0.00,0.00,0.00,0.00
2832,0.00,0.00,0.00,0.00,0.00,0.00,0.00,0.00,0.00,0.00,0.00,0.00
2833,0.00,0.00,0.00,0.00,0.00,0.00,0.00,0.00,0.00,0.00,0.00,0.00
2834,0.00,0.00,0.00,0.00,0.00,0.00,0.00,0.00,0.00,0.00,0.00,0.00
2835,0.00,0.00,0.00,0.00,0.00,0.00,0.00,0.00,0.00,0.00,0.00,0.00
2836,0.00,0.00,0.00,0.00,0.00,0.00,0.00,0.00,0.00,0.00,0.00,0.00
2837,0.00,0.00,0.00,0.00,0.00,0.00,0.00,0.00,0.00,0.00,0.00,0.00
2838,0.00,0.00,0.00,0.00,0.00,0.00,0.00,0.00,0.00,0.00,0.00,0.00
2839,0.00,0.00,0.00,0.00,0.00,0.00,0.00,0.00,0.00,0.00,0.00,0.00
2840,0.00,0.00,0.00,0.00,0.00,0.00,0.00,0.00,0.00,0.00,0.00,0.00
2841,0.00,0.00,0.00,0.00,0.00,0.00,0.00,0.00,0.00,0.00,0.00,0.00
2842,0.00,0.00,0.00,0.00,0.00,0.00,0.00,0.00,0.00,0.00,0.00,0.00
2843,0.00,0.00,0.00,0.00,0.00,0.00,0.00,0.00,0.00,0.00,0.00,0.00
2844,0.00,0.00,0.00,0.00,0.00,0.00,0.00,0.00,0.00,0.00,0.00,0.00
2845,0.00,0.00,0.00,0.00,0.00,0.00,0.00,0.00,0.00,0.00,0.00,0.00
2846,0.00,0.00,0.00,0.00,0.00,0.00,0.00,0.00,0.00,0.00,0.00,0.00
2847,0.00,0.00,0.00,0.00,0.00,0.00,0.00,0.00,0.00,0.00,0.00,0.00
2848,0.00,0.00,0.00,0.00,0.00,0.00,0.00,0.00,0.00,0.00,0.00,0.00
2849,0.00,0.00,0.00,0.00,0.00,0.00,0.00,0.00,0.00,0.00,0.00,0.00
2850,0.00,0.00,0.00,0.00,0.00,0.00,0.00,0.00,0.00,0.00,0.00,0.00
2851,0.00,0.00,0.00,0.00,0.00,0.00,0.00,0.00,0.00,0.00,0.00,0.00
2852,0.00,0.00,0.00,0.00,0.00,0.00,0.00,0.00,0.00,0.00,0.00,0.00
2853,0.00,0.00,0.00,0.00,0.00,0.00,0.00,0.00,0.00,0.00,0.00,0.00
2854,0.00,0.00,0.00,0.00,0.00,0.00,0.00,0.00,0.00,0.00,0.00,0.00
2855,0.00,0.00,0.00,0.00,0.00,0.00,0.00,0.00,0.00,0.00,0.00,0.00
2856,0.00,0.00,0.00,0.00,0.00,0.00,0.00,0.00,0.00,0.00,0.00,0.00
2857,0.00,0.00,0.00,0.00,0.00,0.00,0.00,0.00,0.00,0.00,0.00,0.00
2858,0.00,0.00,0.00,0.00,0.00,0.00,0.00,0.00,0.00,0.00,0.00,0.00
2859,0.00,0.00,0.00,0.00,0.00,0.00,0.00,0.00,0.00,0.00,0.00,0.00
2860,0.00,0.00,0.00,0.00,0.00,0.00,0.00,0.00,0.00,0.00,0.00,0.00
2861,0.00,0.00,0.00,0.00,0.00,0.00,0.00,0.00,0.00,0.00,0.00,0.00
2862,0.00,0.00,0.00,0.00,0.00,0.00,0.00,0.00,0.00,0.00,0.00,0.00
2863,0.00,0.00,0.00,0.00,0.00,0.00,0.00,0.00,0.00,0.00,0.00,0.00
2864,0.00,0.00,0.00,0.00,0.00,0.00,0.00,0.00,0.00,0.00,0.00,0.00
2865,0.00,0.00,0.00,0.00,0.00,0.00,0.00,0.00,0.00,0.00,0.00,0.00
2866,0.00,0.00,0.00,0.00,0.00,0.00,0.00,0.00,0.00,0.00,0.00,0.00
2867,0.00,0.00,0.00,0.00,0.00,0.00,0.00,0.00,0.00,0.00,0.00,0.00
2868,0.00,0.00,0.00,0.00,0.00,0.00,0.00,0.00,0.00,0.00,0.00,0.00
2869,0.00,0.00,0.00,0.00,0.00,0.00,0.00,0.00,0.00,0.00,0.00,0.00
2870,0.00,0.00,0.00,0.00,0.00,0.00,0.00,0.00,0.00,0.00,0.00,0.00
2871,0.00,0.00,0.00,0.00,0.00,0.00,0.00,0.00,0.00,0.00,0.00,0.00
2872,0.00,0.00,0.00,0.00,0.00,0.00,0.00,0.00,0.00,0.00,0.00,0.00
2873,0.00,0.00,0.00,0.00,0.00,0.00,0.00,0.00,0.00,0.00,0.00,0.00
2874,0.00,0.00,0.00,0.00,0.00,0.00,0.00,0.00,0.00,0.00,0.00,0.00
2875,0.00,0.00,0.00,0.00,0.00,0.00,0.00,0.00,0.00,0.00,0.00,0.00
2876,0.00,0.00,0.00,0.00,0.00,0.00,0.00,0.00,0.00,0.00,0.00,0.00
2877,0.00,0.00,0.00,0.00,0.00,0.00,0.00,0.00,0.00,0.00,0.00,0.00
2878,0.00,0.00,0.00,0.00,0.00,0.00,0.00,0.00,0.00,0.00,0.00,0.00
2879,0.00,0.00,0.00,0.00,0.00,0.00,0.00,0.00,0.00,0.00,0.00,0.00
2880,0.00,0.00,0.00,0.00,0.00,0.00,0.00,0.00,0.00,0.00,0.00,0.00
2881,0.00,0.00,0.00,0.00,0.00,0.00,0.00,0.00,0.00,0.00,0.00,0.00
2882,0.00,0.00,0.00,0.00,0.00,0.00,0.00,0.00,0.00,0.00,0.00,0.00
2883,0.00,0.00,0.00,0.00,0.00,0.00,0.00,0.00,0.00,0.00,0.00,0.00
2884,0.00,0.00,0.00,0.00,0.00,0.00,0.00,0.00,0.00,0.00,0.00,0.00
2885,0.00,0.00,0.00,0.00,0.00,0.00,0.00,0.00,0.00,0.00,0.00,0.00
2886,0.00,0.00,0.00,0.00,0.00,0.00,0.00,0.00,0.00,0.00,0.00,0.00
2887,0.00,0.00,0.00,0.00,0.00,0.00,0.00,0.00,0.00,0.00,0.00,0.00
2888,0.00,0.00,0.00,0.00,0.00,0.00,0.00,0.00,0.00,0.00,0.00,0.00
2889,0.00,0.00,0.00,0.00,0.00,0.00,0.00,0.00,0.00,0.00,0.00,0.00
2890,0.00,0.00,0.00,0.00,0.00,0.00,0.00,0.00,0.00,0.00,0.00,0.00
2891,0.00,0.00,0.00,0.00,0.00,0.00,0.00,0.00,0.00,0.00,0.00,0.00
2892,0.00,0.00,0.00,0.00,0.00,0.00,0.00,0.00,0.00,0.00,0.00,0.00
2893,0.00,0.00,0.00,0.00,0.00,0.00,0.00,0.00,0.00,0.00,0.00,0.00
2894,0.00,0.00,0.00,0.00,0.00,0.00,0.00,0.00,0.00,0.00,0.00,0.00
2895,0.00,0.00,0.00,0.00,0.00,0.00,0.00,0.00,0.00,0.00,0.00,0.00
2896,0.00,0.00,0.00,0.00,0.00,0.00,0.00,0.00,0.00,0.00,0.00,0.00
2897,0.00,0.00,0.00,0.00,0.00,0.00,0.00,0.00,0.00,0.00,0.00,0.00
2898,0.00,0.00,0.00,0.00,0.00,0.00,0.00,0.00,0.00,0.00,0.00,0.00
2899,0.00,0.00,0.00,0.00,0.00,0.00,0.00,0.00,0.00,0.00,0.00,0.00
2900,0.00,0.00,0.00,0.00,0.00,0.00,0.00,0.00,0.00,0.00,0.00,0.00
2901,0.00,0.00,0.00,0.00,0.00,0.00,0.00,0.00,0.00,0.00,0.00,0.00
2902,0.00,0.00,0.00,0.00,0.00,0.00,0.00,0.00,0.00,0.00,0.00,0.00
2903,0.00,0.00,0.00,0.00,0.00,0.00,0.00,0.00,0.00,0.00,0.00,0.00
2904,0.00,0.00,0.00,0.00,0.00,0.00,0.00,0.00,0.00,0.00,0.00,0.00
2905,0.00,0.00,0.00,0.00,0.00,0.00,0.00,0.00,0.00,0.00,0.00,0.00
2906,0.00,0.00,0.00,0.00,0.00,0.00,0.00,0.00,0.00,0.00,0.00,0.00
2907,0.00,0.00,0.00,0.00,0.00,0.00,0.00,0.00,0.00,0.00,0.00,0.00
2908,0.00,0.00,0.00,0.00,0.00,0.00,0.00,0.00,0.00,0.00,0.00,0.00
2909,0.00,0.00,0.00,0.00,0.00,0.00,0.00,0.00,0.00,0.00,0.00,0.00
2910,0.00,0.00,0.00,0.00,0.00,0.00,0.00,0.00,0.00,0.00,0.00,0.00
2911,0.00,0.00,0.00,0.00,0.00,0.00,0.00,0.00,0.00,0.00,0.00,0.00
2912,0.00,0.00,0.00,0.00,0.00,0.00,0.00,0.00,0.00,0.00,0.00,0.00
2913,0.00,0.00,0.00,0.00,0.00,0.00,0.00,0.00,0.00,0.00,0.00,0.00
2914,0.00,0.00,0.00,0.00,0.00,0.00,0.00,0.00,0.00,0.00,0.00,0.00
2915,0.00,0.00,0.00,0.00,0.00,0.00,0.00,0.00,0.00,0.00,0.00,0.00
2916,0.00,0.00,0.00,0.00,0.00,0.00,0.00,0.00,0.00,0.00,0.00,0.00
2917,0.00,0.00,0.00,0.00,0.00,0.00,0.00,0.00,0.00,0.00,0.00,0.00
2918,0.00,0.00,0.00,0.00,0.00,0.00,0.00,0.00,0.00,0.00,0.00,0.00
2919,0.00,0.00,0.00,0.00,0.00,0.00,0.00,0.00,0.00,0.00,0.00,0.00
2920,0.00,0.00,0.00,0.00,0.00,0.00,0.00,0.00,0.00,0.00,0.00,0.00
2921,0.00,0.00,0.00,0.00,0.00,0.00,0.00,0.00,0.00,0.00,0.00,0.00
2922,0.00,0.00,0.00,0.00,0.00,0.00,0.00,0.00,0.00,0.00,0.00,0.00
2923,0.00,0.00,0.00,0.00,0.00,0.00,0.00,0.00,0.00,0.00,0.00,0.00
2924,0.00,0.00,0.00,0.00,0.00,0.00,0.00,0.00,0.00,0.00,0.00,0.00
2925,0.00,0.00,0.00,0.00,0.00,0.00,0.00,0.00,0.00,0.00,0.00,0.00
2926,0.00,0.00,0.00,0.00,0.00,0.00,0.00,0.00,0.00,0.00,0.00,0.00
2927,0.00,0.00,0.00,0.00,0.00,0.00,0.00,0.00,0.00,0.00,0.00,0.00
2928,0.00,0.00,0.00,0.00,0.00,0.00,0.00,0.00,0.00,0.00,0.00,0.00
2929,0.00,0.00,0.00,0.00,0.00,0.00,0.00,0.00,0.00,0.00,0.00,0.00
2930,0.00,0.00,0.00,0.00,0.00,0.00,0.00,0.00,0.00,0.00,0.00,0.00
2931,0.00,0.00,0.00,0.00,0.00,0.00,0.00,0.00,0.00,0.00,0.00,0.00
2932,0.00,0.00,0.00,0.00,0.00,0.00,0.00,0.00,0.00,0.00,0.00,0.00
2933,0.00,0.00,0.00,0.00,0.00,0.00,0.00,0.00,0.00,0.00,0.00,0.00
2934,0.00,0.00,0.00,0.00,0.00,0.00,0.00,0.00,0.00,0.00,0.00,0.00
2935,0.00,0.00,0.00,0.00,0.00,0.00,0.00,0.00,0.00,0.00,0.00,0.00
2936,0.00,0.00,0.00,0.00,0.00,0.00,0.00,0.00,0.00,0.00,0.00,0.00
2937,0.00,0.00,0.00,0.00,0.00,0.00,0.00,0.00,0.00,0.00,0.00,0.00
2938,0.00,0.00,0.00,0.00,0.00,0.00,0.00,0.00,0.00,0.00,0.00,0.00
2939,0.00,0.00,0.00,0.00,0.00,0.00,0.00,0.00,0.00,0.00,0.00,0.00
2940,0.00,0.00,0.00,0.00,0.00,0.00,0.00,0.00,0.00,0.00,0.00,0.00
2941,0.00,0.00,0.00,0.00,0.00,0.00,0.00,0.00,0.00,0.00,0.00,0.00
2942,0.00,0.00,0.00,0.00,0.00,0.00,0.00,0.00,0.00,0.00,0.00,0.00
2943,0.00,0.00,0.00,0.00,0.00,0.00,0.00,0.00,0.00,0.00,0.00,0.00
2944,0.00,0.00,0.00,0.00,0.00,0.00,0.00,0.00,0.00,0.00,0.00,0.00
2945,0.00,0.00,0.00,0.00,0.00,0.00,0.00,0.00,0.00,0.00,0.00,0.00
2946,0.00,0.00,0.00,0.00,0.00,0.00,0.00,0.00,0.00,0.00,0.00,0.00
2947,0.00,0.00,0.00,0.00,0.00,0.00,0.00,0.00,0.00,0.00,0.00,0.00
2948,0.00,0.00,0.00,0.00,0.00,0.00,0.00,0.00,0.00,0.00,0.00,0.00
2949,0.00,0.00,0.00,0.00,0.00,0.00,0.00,0.00,0.00,0.00,0.00,0.00
2950,0.00,0.00,0.00,0.00,0.00,0.00,0.00,0.00,0.00,0.00,0.00,0.00
2951,0.00,0.00,0.00,0.00,0.00,0.00,0.00,0.00,0.00,0.00,0.00,0.00
2952,0.00,0.00,0.00,0.00,0.00,0.00,0.00,0.00,0.00,0.00,0.00,0.00
2953,0.00,0.00,0.00,0.00,0.00,0.00,0.00,0.00,0.00,0.00,0.00,0.00
2954,0.00,0.00,0.00,0.00,0.00,0.00,0.00,0.00,0.00,0.00,0.00,0.00
2955,0.00,0.00,0.00,0.00,0.00,0.00,0.00,0.00,0.00,0.00,0.00,0.00
2956,0.00,0.00,0.00,0.00,0.00,0.00,0.00,0.00,0.00,0.00,0.00,0.00
2957,0.00,0.00,0.00,0.00,0.00,0.00,0.00,0.00,0.00,0.00,0.00,0.00
2958,0.00,0.00,0.00,0.00,0.00,0.00,0.00,0.00,0.00,0.00,0.00,0.00
2959,0.00,0.00,0.00,0.00,0.00,0.00,0.00,0.00,0.00,0.00,0.00,0.00
2960,0.00,0.00,0.00,0.00,0.00,0.00,0.00,0.00,0.00,0.00,0.00,0.00
2961,0.00,0.00,0.00,0.00,0.00,0.00,0.00,0.00,0.00,0.00,0.00,0.00
2962,0.00,0.00,0.00,0.00,0.00,0.00,0.00,0.00,0.00,0.00,0.00,0.00
2963,0.00,0.00,0.00,0.00,0.00,0.00,0.00,0.00,0.00,0.00,0.00,0.00
2964,0.00,0.00,0.00,0.00,0.00,0.00,0.00,0.00,0.00,0.00,0.00,0.00
2965,0.00,0.00,0.00,0.00,0.00,0.00,0.00,0.00,0.00,0.00,0.00,0.00
2966,0.00,0.00,0.00,0.00,0.00,0.00,0.00,0.00,0.00,0.00,0.00,0.00
2967,0.00,0.00,0.00,0.00,0.00,0.00,0.00,0.00,0.00,0.00,0.00,0.00
2968,0.00,0.00,0.00,0.00,0.00,0.00,0.00,0.00,0.00,0.00,0.00,0.00
2969,0.00,0.00,0.00,0.00,0.00,0.00,0.00,0.00,0.00,0.00,0.00,0.00
2970,0.00,0.00,0.00,0.00,0.00,0.00,0.00,0.00,0.00,0.00,0.00,0.00
2971,0.00,0.00,0.00,0.00,0.00,0.00,0.00,0.00,0.00,0.00,0.00,0.00
2972,0.00,0.00,0.00,0.00,0.00,0.00,0.00,0.00,0.00,0.00,0.00,0.00
2973,0.00,0.00,0.00,0.00,0.00,0.00,0.00,0.00,0.00,0.00,0.00,0.00
2974,0.00,0.00,0.00,0.00,0.00,0.00,0.00,0.00,0.00,0.00,0.00,0.00
2975,0.00,0.00,0.00,0.00,0.00,0.00,0.00,0.00,0.00,0.00,0.00,0.00
2976,0.00,0.00,0.00,0.00,0.00,0.00,0.00,0.00,0.00,0.00,0.00,0.00
2977,0.00,0.00,0.00,0.00,0.00,0.00,0.00,0.00,0.00,0.00,0.00,0.00
2978,0.00,0.00,0.00,0.00,0.00,0.00,0.00,0.00,0.00,0.00,0.00,0.00
2979,0.00,0.00,0.00,0.00,0.00,0.00,0.00,0.00,0.00,0.00,0.00,0.00
2980,0.00,0.00,0.00,0.00,0.00,0.00,0.00,0.00,0.00,0.00,0.00,0.00
2981,0.00,0.00,0.00,0.00,0.00,0.00,0.00,0.00,0.00,0.00,0.00,0.00
2982,0.00,0.00,0.00,0.00,0.00,0.00,0.00,0.00,0.00,0.00,0.00,0.00
2983,0.00,0.00,0.00,0.00,0.00,0.00,0.00,0.00,0.00,0.00,0.00,0.00
2984,0.00,0.00,0.00,0.00,0.00,0.00,0.00,0.00,0.00,0.00,0.00,0.00
2985,0.00,0.00,0.00,0.00,0.00,0.00,0.00,0.00,0.00,0.00,0.00,0.00
2986,0.00,0.00,0.00,0.00,0.00,0.00,0.00,0.00,0.00,0.00,0.00,0.00
2987,0.00,0.00,0.00,0.00,0.00,0.00,0.00,0.00,0.00,0.00,0.00,0.00
2988,0.00,0.00,0.00,0.00,0.00,0.00,0.00,0.00,0.00,0.00,0.00,0.00
2989,0.00,0.00,0.00,0.00,0.00,0.00,0.00,0.00,0.00,0.00,0.00,0.00
2990,0.00,0.00,0.00,0.00,0.00,0.00,0.00,0.00,0.00,0.00,0.00,0.00
2991,0.00,0.00,0.00,0.00,0.00,0.00,0.00,0.00,0.00,0.00,0.00,0.00
2992,0.00,0.00,0.00,0.00,0.00,0.00,0.00,0.00,0.00,0.00,0.00,0.00
2993,0.00,0.00,0.00,0.00,0.00,0.00,0.00,0.00,0.00,0.00,0.00,0.00
2994,0.00,0.00,0.00,0.00,0.00,0.00,0.00,0.00,0.00,0.00,0.00,0.00
2995,0.00,0.00,0.00,0.00,0.00,0.00,0.00,0.00,0.00,0.00,0.00,0.00
2996,0.00,0.00,0.00,0.00,0.00,0.00,0.00,0.00,0.00,0.00,0.00,0.00
2997,0.00,0.00,0.00,0.00,0.00,0.00,0.00,0.00,0.00,0.00,0.00,0.00
2998,0.00,0.00,0.00,0.00,0.00,0.00,0.00,0.00,0.00,0.00,0.00,0.00
2999,0.00,0.00,0.00,0.00,0.00,0.00,0.00,0.00,0.00,0.00,0.00,0.00
3000,0.00,0.00,0.00,0.00,0.00,0.00,0.00,0.00,0.00,0.00,0.00,0.00
3001,0.00,0.00,0.00,0.00,0.00,0.00,0.00,0.00,0.00,0.00,0.00,0.00
3002,0.00,0.00,0.00,0.00,0.00,0.00,0.00,0.00,0.00,0.00,0.00,0.00
3003,0.00,0.00,0.00,0.00,0.00,0.00,0.00,0.00,0.00,0.00,0.00,0.00
3004,0.00,0.00,0.00,0.00,0.00,0.00,0.00,0.00,0.00,0.00,0.00,0.00
3005,0.00,0.00,0.00,0.00,0.00,0.00,0.00,0.00,0.00,0.00,0.00,0.00
3006,0.00,0.00,0.00,0.00,0.00,0.00,0.00,0.00,0.00,0.00,0.00,0.00
3007,0.00,0.00,0.00,0.00,0.00,0.00,0.00,0.00,0.00,0.00,0.00,0.00
3008,0.00,0.00,0.00,0.00,0.00,0.00,0.00,0.00,0.00,0.00,0.00,0.00
3009,0.00,0.00,0.00,0.00,0.00,0.00,0.00,0.00,0.00,0.00,0.00,0.00
3010,0.00,0.00,0.00,0.00,0.00,0.00,0.00,0.00,0.00,0.00,0.00,0.00
3011,0.00,0.00,0.00,0.00,0.00,0.00,0.00,0.00,0.00,0.00,0.00,0.00
3012,0.00,0.00,0.00,0.00,0.00,0.00,0.00,0.00,0.00,0.00,0.00,0.00
3013,0.00,0.00,0.00,0.00,0.00,0.00,0.00,0.00,0.00,0.00,0.00,0.00
3014,0.00,0.00,0.00,0.00,0.00,0.00,0.00,0.00,0.00,0.00,0.00,0.00
3015,0.00,0.00,0.00,0.00,0.00,0.00,0.00,0.00,0.00,0.00,0.00,0.00
3016,0.00,0.00,0.00,0.00,0.00,0.00,0.00,0.00,0.00,0.00,0.00,0.00
3017,0.00,0.00,0.00,0.00,0.00,0.00,0.00,0.00,0.00,0.00,0.00,0.00
3018,0.00,0.00,0.00,0.00,0.00,0.00,0.00,0.00,0.00,0.00,0.00,0.00
3019,0.00,0.00,0.00,0.00,0.00,0.00,0.00,0.00,0.00,0.00,0.00,0.00
3020,0.00,0.00,0.00,0.00,0.00,0.00,0.00,0.00,0.00,0.00,0.00,0.00
3021,0.00,0.00,0.00,0.00,0.00,0.00,0.00,0.00,0.00,0.00,0.00,0.00
3022,0.00,0.00,0.00,0.00,0.00,0.00,0.00,0.00,0.00,0.00,0.00,0.00
3023,0.00,0.00,0.00,0.00,0.00,0.00,0.00,0.00,0.00,0.00,0.00,0.00
3024,0.00,0.00,0.00,0.00,0.00,0.00,0.00,0.00,0.00,0.00,0.00,0.00
3025,0.00,0.00,0.00,0.00,0.00,0.00,0.00,0.00,0.00,0.00,0.00,0.00
3026,0.00,0.00,0.00,0.00,0.00,0.00,0.00,0.00,0.00,0.00,0.00,0.00
3027,0.00,0.00,0.00,0.00,0.00,0.00,0.00,0.00,0.00,0.00,0.00,0.00
3028,0.00,0.00,0.00,0.00,0.00,0.00,0.00,0.00,0.00,0.00,0.00,0.00
3029,0.00,0.00,0.00,0.00,0.00,0.00,0.00,0.00,0.00,0.00,0.00,0.00
3030,0.00,0.00,0.00,0.00,0.00,0.00,0.00,0.00,0.00,0.00,0.00,0.00
3031,0.00,0.00,0.00,0.00,0.00,0.00,0.00,0.00,0.00,0.00,0.00,0.00
3032,0.00,0.00,0.00,0.00,0.00,0.00,0.00,0.00,0.00,0.00,0.00,0.00
3033,0.00,0.00,0.00,0.00,0.00,0.00,0.00,0.00,0.00,0.00,0.00,0.00
3034,0.00,0.00,0.00,0.00,0.00,0.00,0.00,0.00,0.00,0.00,0.00,0.00
3035,0.00,0.00,0.00,0.00,0.00,0.00,0.00,0.00,0.00,0.00,0.00,0.00
3036,0.00,0.00,0.00,0.00,0.00,0.00,0.00,0.00,0.00,0.00,0.00,0.00
3037,0.00,0.00,0.00,0.00,0.00,0.00,0.00,0.00,0.00,0.00,0.00,0.00
3038,0.00,0.00,0.00,0.00,0.00,0.00,0.00,0.00,0.00,0.00,0.00,0.00
3039,0.00,0.00,0.00,0.00,0.00,0.00,0.00,0.00,0.00,0.00,0.00,0.00
3040,0.00,0.00,0.00,0.00,0.00,0.00,0.00,0.00,0.00,0.00,0.00,0.00
3041,0.00,0.00,0.00,0.00,0.00,0.00,0.00,0.00,0.00,0.00,0.00,0.00
3042,0.00,0.00,0.00,0.00,0.00,0.00,0.00,0.00,0.00,0.00,0.00,0.00
3043,0.00,0.00,0.00,0.00,0.00,0.00,0.00,0.00,0.00,0.00,0.00,0.00
3044,0.00,0.00,0.00,0.00,0.00,0.00,0.00,0.00,0.00,0.00,0.00,0.00
3045,0.00,0.00,0.00,0.00,0.00,0.00,0.00,0.00,0.00,0.00,0.00,0.00
3046,0.00,0.00,0.00,0.00,0.00,0.00,0.00,0.00,0.00,0.00,0.00,0.00
3047,0.00,0.00,0.00,0.00,0.00,0.00,0.00,0.00,0.00,0.00,0.00,0.00
3048,0.00,0.00,0.00,0.00,0.00,0.00,0.00,0.00,0.00,0.00,0.00,0.00
3049,0.00,0.00,0.00,0.00,0.00,0.00,0.00,0.00,0.00,0.00,0.00,0.00
3050,0.00,0.00,0.00,0.00,0.00,0.00,0.00,0.00,0.00,0.00,0.00,0.00
3051,0.00,0.00,0.00,0.00,0.00,0.00,0.00,0.00,0.00,0.00,0.00,0.00
3052,0.00,0.00,0.00,0.00,0.00,0.00,0.00,0.00,0.00,0.00,0.00,0.00
3053,45.34,-37.26,-82.60,-4.04,63.95,-59.91,58.47,99.82,177.42,139.10,92.75,15.10
3054,43.32,-30.24,-73.56,-6.54,58.42,-51.88,57.46,96.79,178.43,142.13,94.77,18.13
3055,45.34,-26.20,-71.54,-9.57,58.42,-48.85,59.48,101.79,181.46,144.15,95.78,19.14
3056,50.39,-25.19,-75.58,-12.60,62.99,-50.39,65.53,104.82,181.46,146.17,98.81,20.15
3057,45.34,-21.16,-66.50,-12.07,55.92,-43.80,67.51,106.84,184.49,149.20,102.80,26.20
3058,39.28,-25.19,-64.48,-7.02,51.88,-44.81,72.55,107.85,186.51,151.22,102.80,27.21
3059,41.30,-26.20,-67.51,-7.55,54.38,-46.83,58.47,97.80,178.43,144.15,96.79,18.13
3060,51.40,-24.18,-75.58,-13.61,63.47,-49.86,54.43,96.79,175.40,139.10,93.76,20.15
3061,58.47,-18.13,-76.59,-20.15,67.51,-47.36,70.53,106.84,178.43,143.14,96.79,22.17
3062,37.26,-31.25,-68.52,-2.98,52.89,-49.86,65.53,105.83,177.42,144.15,95.78,18.13
3063,24.18,-39.28,-63.47,7.55,43.80,-51.35,65.53,103.81,174.39,141.12,91.74,14.09
3064,32.26,-29.23,-61.50,-1.49,46.88,-45.34,61.50,100.83,170.35,139.10,88.71,11.06
3065,28.22,-34.23,-62.46,2.98,45.34,-48.32,61.50,97.80,170.35,139.10,88.71,15.10
3066,36.25,-25.19,-61.45,-5.53,48.85,-43.32,64.52,99.82,174.39,141.12,93.76,17.12
3067,40.29,-22.17,-62.46,-9.04,51.35,-42.31,58.47,100.83,177.42,143.14,96.79,19.14
3068,36.25,-23.18,-59.43,-6.54,47.84,-41.30,62.51,98.81,176.41,144.15,95.78,20.15
3069,39.28,-31.25,-70.53,-3.99,54.91,-50.87,64.52,99.82,170.35,141.12,90.73,13.08
3070,39.28,-40.29,-79.57,0.48,59.43,-59.91,62.51,101.79,170.35,140.11,90.73,12.07
3071,48.37,-28.22,-76.59,-10.05,62.46,-52.41,63.52,102.80,174.39,143.14,94.77,15.10
3072,55.44,-23.18,-78.61,-16.11,67.03,-50.87,64.52,106.84,175.40,144.15,95.78,16.11
3073,62.51,-15.10,-77.60,-23.70,70.05,-46.35,66.54,106.84,179.44,148.19,97.80,24.18
3074,58.47,-18.13,-76.59,-20.15,67.51,-47.36,66.54,106.84,181.46,149.20,97.80,21.16
3075,38.27,-32.26,-70.53,-2.98,54.38,-51.40,61.50,101.79,170.35,140.11,88.71,5.00
3076,33.27,-42.31,-75.58,4.52,54.43,-58.95,61.50,98.81,168.33,139.10,88.71,9.04
3077,41.30,-39.28,-80.58,-1.01,60.92,-59.91,62.51,102.80,172.37,141.12,92.75,21.16
3078,45.34,-31.25,-76.59,-7.02,60.97,-53.90,61.50,104.82,173.38,143.14,93.76,20.15
3079,49.38,-25.19,-74.57,-12.07,61.98,-49.86,61.50,106.84,174.39,145.16,93.76,18.13
3080,42.31,-31.25,-73.56,-5.53,57.94,-52.41,60.49,104.82,171.36,141.12,88.71,8.03
3081,43.32,-30.24,-73.56,-6.54,58.42,-51.88,60.49,105.83,171.36,142.13,89.72,14.09
3082,59.48,-17.12,-76.59,-21.16,68.03,-46.83,63.52,107.85,174.39,143.14,92.75,18.13
3083,44.33,-30.24,-74.57,-7.02,59.43,-52.41,59.48,102.80,170.35,138.09,89.72,16.11
3084,37.26,-35.24,-72.51,-1.01,54.86,-53.85,54.43,96.79,166.36,139.10,91.74,25.19
3085,38.27,-32.26,-70.53,-2.98,54.38,-51.40,56.45,99.82,168.33,137.08,88.71,13.08
3086,42.31,-21.16,-63.47,-10.58,52.89,-42.31,60.49,103.81,172.37,141.12,93.76,17.12
3087,45.34,-25.19,-70.53,-10.05,57.94,-47.84,57.46,97.80,170.35,138.09,92.75,18.13
3088,31.25,-41.30,-72.55,5.00,51.88,-56.93,57.46,100.83,167.37,133.09,85.68,10.05
3089,37.26,-32.26,-69.53,-2.50,53.37,-50.87,58.47,106.84,172.37,139.10,94.77,23.18
3090,33.27,-46.35,-79.62,6.54,56.45,-62.99,53.42,98.81,167.37,131.07,85.68,9.04
3091,33.27,-45.34,-78.61,6.01,55.92,-61.98,54.43,98.81,166.36,132.08,83.66,10.05
3092,47.36,-22.17,-69.53,-12.60,58.42,-45.82,57.46,103.81,174.39,142.13,96.79,27.21
3093,45.34,-25.19,-70.53,-10.05,57.94,-47.84,60.49,102.80,173.38,139.10,93.76,17.12
3094,38.27,-34.23,-72.51,-2.02,55.39,-53.37,62.51,103.81,170.35,135.06,87.70,5.00
3095,35.24,-32.26,-67.51,-1.49,51.35,-49.86,63.52,105.83,170.35,135.06,88.71,9.04
3096,35.24,-39.28,-74.53,2.02,54.86,-56.88,60.49,104.82,170.35,136.07,88.71,13.08
3097,32.26,-41.30,-73.56,4.52,52.89,-57.41,61.50,103.81,169.34,135.06,86.69,12.07
3098,27.21,-39.28,-66.50,6.01,46.83,-52.89,62.51,103.81,168.33,135.06,87.70,17.12
3099,31.25,-37.26,-68.52,2.98,49.86,-52.89,59.48,103.81,166.36,134.10,87.70,14.09
3100,41.30,-26.20,-67.51,-7.55,54.38,-46.83,62.51,105.83,168.33,138.09,90.73,15.10
3101,44.33,-21.16,-65.49,-11.59,54.91,-43.32,61.50,105.83,170.35,136.07,89.72,17.12
3102,42.31,-23.18,-65.49,-9.57,53.90,-44.33,62.51,105.83,170.35,135.06,88.71,13.08
3103,40.29,-28.22,-68.52,-6.01,54.38,-48.37,64.52,107.85,173.38,137.08,89.72,10.05
3104,36.25,-27.21,-63.47,-4.52,49.86,-45.34,64.52,107.85,173.38,139.10,93.76,14.09
3105,36.25,-25.19,-61.45,-5.53,48.85,-43.32,69.53,109.87,174.39,141.12,95.78,14.09
3106,45.34,-20.15,-65.49,-12.60,55.39,-42.79,69.53,107.85,174.39,138.09,90.73,9.04
3107,48.37,-11.06,-59.43,-18.66,53.90,-35.24,60.49,104.82,173.38,143.14,93.76,18.13
3108,50.39,0.96,-49.43,-25.68,49.91,-24.23,59.48,104.82,181.46,150.21,102.80,27.21
3109,49.38,5.00,-44.38,-27.17,46.88,-19.67,59.48,102.80,188.53,155.25,106.84,24.18
3110,50.39,2.98,-47.41,-26.69,48.90,-22.21,54.43,101.79,187.52,156.26,103.81,17.12
3111,50.39,10.05,-40.34,-30.19,45.39,-15.15,60.49,104.82,195.59,163.33,112.89,26.20
3112,50.39,7.02,-43.37,-28.70,46.88,-18.17,56.45,99.82,194.58,164.34,114.91,29.23
3113,52.41,6.01,-46.40,-29.19,49.43,-20.19,54.43,97.80,191.56,161.31,109.87,27.21
3114,44.33,11.06,-33.27,-27.69,38.80,-11.11,57.46,103.81,199.63,169.34,114.91,34.23
3115,51.40,24.18,-27.21,-37.79,39.33,-1.49,53.42,97.80,199.63,170.35,115.92,36.25
3116,56.45,29.23,-27.21,-42.84,41.83,1.01,55.44,95.78,201.65,173.38,119.96,40.29
3117,50.39,26.20,-24.18,-38.27,37.31,1.01,56.45,94.77,202.61,174.39,119.96,38.27
3118,49.38,34.23,-15.15,-41.78,32.26,9.57,57.46,95.78,205.64,179.44,125.01,42.31
3119,55.44,41.30,-14.14,-48.37,34.81,13.61,54.43,96.79,211.70,186.51,132.08,52.41
3120,59.48,43.32,-16.16,-51.40,37.84,13.61,49.38,93.76,208.67,182.47,126.02,43.32
3121,58.47,49.38,-9.09,-53.90,33.80,20.15,45.34,92.75,209.68,184.49,130.06,44.33
3122,64.52,58.47,-6.06,-61.50,35.29,26.20,49.38,94.77,213.72,190.55,137.08,50.39
3123,62.51,54.43,-8.08,-58.47,35.29,23.18,49.38,97.80,213.72,187.52,135.06,46.35
3124,58.47,48.37,-10.10,-53.42,34.28,19.14,49.38,100.83,217.76,192.56,138.09,52.41
3125,69.53,59.48,-10.05,-64.48,39.81,24.71,56.45,105.83,226.85,200.64,146.17,59.48
3126,88.71,71.54,-17.16,-80.10,52.94,27.21,52.41,101.79,223.82,195.59,142.13,54.43
3127,68.52,45.34,-23.18,-56.93,45.87,11.11,47.36,99.82,219.78,189.54,138.09,49.38
3128,60.49,44.33,-16.16,-52.41,38.32,14.09,41.30,95.78,218.77,192.56,141.12,54.43
3129,77.60,57.46,-20.15,-67.51,48.90,18.66,42.31,93.76,219.78,191.56,136.07,49.38
3130,77.60,54.43,-23.18,-66.02,50.39,15.63,45.34,100.83,223.82,193.57,137.08,51.40
3131,77.60,55.44,-22.17,-66.50,49.91,16.64,32.26,94.77,219.78,195.59,142.13,58.47
3132,71.54,49.38,-22.17,-60.44,46.88,13.61,25.19,87.70,219.78,194.58,142.13,55.44
3133,73.56,57.46,-16.11,-65.49,44.86,20.67,25.19,88.71,226.85,200.64,148.19,59.48
3134,77.60,61.50,-16.11,-69.53,46.88,22.69,23.18,86.69,227.86,202.61,148.19,61.50
3135,72.55,67.51,-5.05,-70.01,38.80,31.25,18.13,83.66,229.88,204.63,151.22,64.52
3136,75.58,73.56,-2.02,-74.57,38.80,35.77,13.08,79.62,230.89,210.69,159.29,72.55
3137,84.67,86.69,2.02,-85.68,41.35,44.38,3.99,74.57,229.88,211.70,162.32,78.61
3138,85.68,104.82,19.14,-95.25,33.27,61.98,-7.02,61.50,228.87,212.71,167.37,82.65
3139,83.66,105.83,22.17,-94.72,30.77,64.00,-17.12,52.41,222.81,208.67,167.37,83.66
3140,91.74,112.89,21.16,-102.32,35.29,67.03,-27.21,43.32,217.76,205.64,165.35,84.67
3141,93.76,110.87,17.12,-102.32,38.32,64.00,-32.26,35.24,212.71,202.61,162.32,82.65
3142,85.68,108.86,23.18,-97.27,31.25,66.02,-40.29,30.24,208.67,203.62,166.36,90.73
3143,94.77,122.99,28.22,-108.86,33.27,75.63,-49.38,23.18,203.62,200.64,166.36,91.74
3144,96.79,114.91,18.13,-105.83,39.33,66.54,-55.44,18.13,194.58,190.55,160.30,88.71
3145,100.83,117.94,17.12,-109.38,41.88,67.55,-60.49,13.08,191.56,187.52,162.32,90.73
3146,117.94,143.14,25.19,-130.54,46.40,84.19,-66.54,7.02,190.55,187.52,161.31,91.74
3147,131.07,148.19,17.12,-139.63,56.98,82.65,-61.50,13.08,192.56,187.52,161.31,87.70
3148,133.09,134.10,1.01,-133.57,66.06,67.55,-58.47,16.11,187.52,180.45,159.29,85.68
3149,138.09,133.09,-5.00,-135.59,71.54,64.04,-52.41,21.16,186.51,179.44,161.31,91.74
3150,147.18,121.98,-25.19,-134.58,86.21,48.42,-46.35,30.24,187.52,175.40,155.25,82.65
3151,146.17,102.80,-43.37,-124.48,94.77,29.71,-47.36,33.27,182.47,167.37,148.19,78.61
3152,147.18,104.82,-42.36,-125.97,94.77,31.25,-44.33,34.23,181.46,167.37,149.20,85.68
3153,155.25,103.81,-51.45,-129.53,103.37,26.20,-44.33,37.26,179.44,165.35,146.17,83.66
3154,167.37,111.88,-55.49,-139.63,111.45,28.22,-39.28,41.30,179.44,164.34,146.17,83.66
3155,171.36,110.87,-60.49,-141.12,115.92,25.19,-39.28,44.33,181.46,162.32,145.16,83.66
3156,176.41,100.83,-75.58,-138.62,126.02,12.65,-33.27,51.40,187.52,166.36,149.20,93.76
3157,175.40,97.80,-77.60,-136.60,126.50,10.10,-23.18,59.48,194.58,171.36,156.26,103.81
3158,176.41,83.66,-92.75,-130.01,134.58,-4.52,-21.16,65.53,198.62,170.35,153.23,95.78
3159,169.34,63.52,-105.83,-116.40,137.61,-21.16,-15.10,67.51,191.56,165.35,147.18,86.69
3160,158.28,61.50,-96.79,-109.87,127.56,-17.65,-12.07,67.51,191.56,158.28,144.15,88.71
3161,162.32,68.52,-93.81,-115.39,128.09,-12.65,-2.98,76.59,200.64,165.35,153.23,104.82
3162,153.23,59.48,-93.76,-106.36,123.52,-17.12,0.96,78.61,199.63,165.35,151.22,93.76
3163,147.18,53.42,-93.76,-100.30,120.49,-20.15,-6.01,75.58,192.56,156.26,136.07,73.56
3164,142.13,49.38,-92.75,-95.73,117.46,-21.68,2.98,78.61,194.58,159.29,137.08,80.63
3165,130.06,42.31,-87.75,-86.16,108.90,-22.69,3.99,74.57,188.53,155.25,137.08,79.62
3166,132.08,47.36,-84.72,-89.72,108.42,-18.66,-6.01,61.50,174.39,144.15,127.03,71.54
3167,145.16,61.50,-83.66,-103.33,114.43,-11.06,-7.02,56.45,172.37,143.14,126.02,74.57
3168,143.14,57.46,-85.68,-100.30,114.43,-14.09,-10.05,55.44,168.33,139.10,125.01,73.56
3169,143.14,60.49,-82.65,-101.79,112.89,-11.06,-5.00,58.47,170.35,140.11,126.02,75.58
3170,140.11,64.52,-75.58,-102.32,107.85,-5.53,0.96,59.48,171.36,141.12,126.02,70.53
3171,115.92,41.30,-74.62,-78.61,95.30,-16.64,0.00,55.44,167.37,135.06,120.97,62.51
3172,105.83,28.22,-77.60,-67.03,91.74,-24.67,1.97,56.45,164.34,132.08,116.93,60.49
3173,90.73,19.14,-71.59,-54.91,81.16,-26.20,8.03,60.49,169.34,134.10,114.91,55.44
3174,78.61,9.04,-69.57,-43.80,74.09,-30.24,13.08,65.53,172.37,136.07,112.89,54.43
3175,78.61,9.04,-69.57,-43.80,74.09,-30.24,25.19,74.57,175.40,137.08,109.87,47.36
3176,60.49,2.98,-57.50,-31.73,59.00,-27.26,34.23,78.61,184.49,145.16,117.94,58.47
3177,46.35,-3.99,-50.34,-21.16,48.32,-27.17,37.26,80.63,186.51,146.17,117.94,60.49
3178,40.29,-13.08,-53.37,-13.61,46.83,-33.22,46.35,86.69,182.47,142.13,107.85,36.25
3179,36.25,-18.13,-54.38,-9.04,45.29,-36.25,48.37,86.69,181.46,139.10,103.81,29.23
3180,29.23,-25.19,-54.43,-2.02,41.83,-39.81,50.39,89.72,181.46,137.08,100.83,32.26
3181,28.22,-30.24,-58.47,1.01,43.32,-44.33,54.43,90.73,178.43,135.06,97.80,24.18
3182,28.22,-30.24,-58.47,1.01,43.32,-44.33,62.51,94.77,179.44,136.07,97.80,24.18
3183,25.19,-33.27,-58.47,4.04,41.83,-45.87,67.51,97.80,178.43,134.10,95.78,27.21
3184,24.18,-49.38,-73.56,12.60,48.85,-61.45,66.54,97.80,173.38,128.04,87.70,7.02
3185,21.16,-63.52,-84.67,21.16,52.89,-74.09,72.55,107.85,173.38,124.00,80.63,0.96
3186,22.17,-58.47,-80.63,18.13,51.40,-69.53,73.56,106.84,166.36,116.93,73.56,-0.96
3187,20.15,-62.51,-82.65,21.16,51.40,-72.55,72.55,101.79,161.31,111.88,68.52,-7.02
3188,16.11,-65.53,-81.64,24.71,48.85,-73.56,73.56,104.82,159.29,111.88,66.54,-8.03
3189,12.07,-65.53,-77.60,26.73,44.81,-71.54,73.56,103.81,159.29,112.89,67.51,-10.05
3190,14.09,-72.55,-86.64,29.23,50.34,-79.57,71.54,102.80,157.27,106.84,62.51,-11.06
3191,9.04,-78.61,-87.65,34.76,48.32,-83.13,68.52,96.79,153.23,102.80,57.46,-14.09
3192,16.11,-73.56,-89.67,28.70,52.89,-81.59,69.53,99.82,154.24,101.79,55.44,-13.08
3193,25.19,-77.60,-102.80,26.20,64.00,-90.20,64.52,96.79,146.17,96.79,49.38,-16.11
3194,8.03,-91.74,-99.77,41.83,53.90,-95.73,59.48,87.70,139.10,92.75,45.34,-20.15
3195,12.07,-75.58,-87.65,31.73,49.86,-81.59,70.53,100.83,148.19,98.81,52.41,-22.17
3196,12.07,-72.55,-84.62,30.24,48.32,-78.56,76.59,104.82,154.24,103.81,56.45,-18.13
3197,8.03,-85.68,-93.71,38.80,50.87,-89.67,69.53,97.80,148.19,96.79,48.37,-13.08
3198,7.02,-87.70,-94.72,40.34,50.87,-91.21,71.54,99.82,146.17,95.78,46.35,-13.08
3199,0.00,-88.71,-88.71,44.33,44.33,-88.71,72.55,98.81,142.13,91.74,43.32,-20.15
3200,5.00,-80.63,-85.63,37.79,45.29,-83.13,69.53,94.77,142.13,91.74,43.32,-19.14
3201,0.96,-81.64,-82.60,40.34,41.78,-82.12,69.53,92.75,143.14,91.74,44.33,-16.11
3202,3.99,-87.70,-91.69,41.83,47.84,-89.67,66.54,91.74,139.10,89.72,43.32,-19.14
3203,14.09,-72.55,-86.64,29.23,50.34,-79.57,74.57,98.81,145.16,94.77,46.35,-14.09
3204,15.10,-75.58,-90.68,30.24,52.89,-83.13,76.59,102.80,146.17,94.77,44.33,-22.17
3205,1.97,-85.68,-87.65,41.83,44.81,-86.64,70.53,94.77,141.12,95.78,49.38,-9.04
3206,3.99,-75.58,-79.57,35.77,41.78,-77.55,77.60,95.78,145.16,97.80,52.41,-5.00
3207,3.99,-83.66,-87.65,39.81,45.82,-85.63,72.55,95.78,144.15,92.75,45.34,-19.14
3208,8.03,-81.64,-89.67,36.78,48.85,-85.63,59.48,90.73,139.10,89.72,44.33,-18.13
3209,20.15,-77.60,-97.75,28.70,58.95,-87.65,63.52,94.77,140.11,91.74,44.33,-26.20
3210,11.06,-77.60,-88.66,33.27,49.86,-83.13,68.52,97.80,143.14,92.75,46.35,-25.19
3211,14.09,-74.57,-88.66,30.24,51.35,-81.59,71.54,98.81,143.14,96.79,51.40,-20.15
3212,15.10,-77.60,-92.70,31.25,53.90,-85.15,71.54,97.80,142.13,97.80,51.40,-20.15
3213,12.07,-78.61,-90.68,33.27,51.35,-84.62,70.53,96.79,144.15,98.81,52.41,-17.12
3214,12.07,-79.62,-91.69,33.75,51.88,-85.63,70.53,95.78,144.15,98.81,53.42,-10.05
3215,13.08,-78.61,-91.69,32.74,52.36,-85.15,69.53,94.77,141.12,95.78,47.36,-18.13
3216,6.01,-90.73,-96.74,42.36,51.35,-93.71,70.53,95.78,139.10,95.78,44.33,-28.22
3217,-0.96,-92.75,-91.79,46.83,45.39,-92.27,70.53,93.76,140.11,96.79,46.35,-24.18
3218,8.03,-81.64,-89.67,36.78,48.85,-85.63,72.55,96.79,141.12,97.80,47.36,-24.18
3219,14.09,-76.59,-90.68,31.25,52.36,-83.61,71.54,96.79,142.13,96.79,50.39,-19.14
3220,20.15,-68.52,-88.66,24.18,54.38,-78.56,70.53,93.76,143.14,99.82,50.39,-18.13
3221,33.27,-60.49,-93.76,13.61,63.52,-77.12,71.54,98.81,144.15,99.82,50.39,-21.16
3222,41.30,-54.43,-95.73,6.54,68.52,-75.05,73.56,100.83,146.17,101.79,54.43,-18.13
3223,25.19,-55.44,-80.63,15.10,52.89,-68.03,77.60,100.83,146.17,102.80,54.43,-21.16
3224,-2.98,-74.57,-71.59,38.75,34.28,-73.08,69.53,92.75,141.12,97.80,52.41,-14.09
3225,-8.03,-87.70,-79.67,47.84,35.82,-83.71,65.53,88.71,139.10,97.80,53.42,-14.09
3226,7.02,-69.53,-76.55,31.25,41.78,-73.04,68.52,90.73,141.12,97.80,53.42,-22.17
3227,19.14,-61.50,-80.63,21.16,49.86,-71.06,67.51,89.72,139.10,94.77,48.37,-26.20
3228,16.11,-64.52,-80.63,24.18,48.37,-72.55,68.52,91.74,142.13,99.82,50.39,-25.19
3229,15.10,-59.48,-74.57,22.17,44.81,-67.03,73.56,96.79,153.23,108.86,57.46,-16.11
3230,12.07,-65.53,-77.60,26.73,44.81,-71.54,78.61,103.81,159.29,111.88,57.46,-20.15
3231,-2.98,-82.65,-79.67,42.79,38.32,-81.16,87.70,110.87,164.34,112.89,52.41,-25.19
3232,-10.05,-84.67,-74.62,47.36,32.26,-79.67,100.83,124.00,175.40,118.95,51.40,-28.22
3233,-15.10,-82.65,-67.55,48.85,26.20,-75.10,112.89,137.08,185.50,124.00,47.36,-39.28
3234,-17.12,-82.65,-65.53,49.86,24.18,-74.09,130.06,155.25,207.66,136.07,48.37,-49.38
3235,-27.21,-92.75,-65.53,59.96,19.14,-79.14,140.11,168.33,218.77,141.12,51.40,-55.44
3236,-24.18,-91.74,-67.55,57.94,21.68,-79.67,152.22,179.44,220.79,141.12,47.36,-56.45
3237,-7.02,-78.61,-71.59,42.79,32.26,-75.10,160.30,189.54,221.80,142.13,44.33,-63.52
3238,0.00,-73.56,-73.56,36.78,36.78,-73.56,145.16,174.39,207.66,141.12,48.37,-56.45
3239,-0.96,-47.36,-46.40,24.14,22.69,-46.88,134.10,159.29,202.61,150.21,69.53,-34.23
3240,-5.00,-35.24,-30.24,20.10,12.60,-32.74,121.98,141.12,194.58,159.29,91.74,-23.18
3241,8.03,-14.09,-22.12,3.03,15.05,-18.08,95.78,111.88,187.52,176.41,119.96,-0.96
3242,14.09,1.97,-12.12,-8.03,13.13,-5.05,64.52,79.62,178.43,190.55,151.22,29.23
3243,15.10,8.03,-7.07,-11.54,11.11,0.48,35.24,46.35,160.30,196.60,176.41,52.41
3244,15.10,34.23,19.14,-24.67,-2.02,26.69,-0.96,0.00,132.08,200.64,202.61,80.63
3245,22.17,50.39,28.22,-36.25,-3.03,39.33,-34.23,-44.33,109.87,206.65,228.87,107.85
3246,31.25,72.55,41.30,-51.88,-5.00,56.93,-65.53,-87.70,84.67,206.65,249.01,131.07
3247,16.11,80.63,64.52,-48.37,-24.18,72.60,-100.83,-136.07,54.43,204.63,271.18,158.28
3248,19.14,86.69,67.55,-52.89,-24.18,77.12,-125.01,-166.36,50.39,220.79,304.45,192.56
3249,32.26,99.82,67.55,-66.02,-17.65,83.71,-143.14,-185.50,50.39,239.92,339.74,223.82
3250,39.28,100.83,61.54,-70.05,-11.11,81.21,-167.37,-213.72,18.13,231.90,359.94,252.04
3251,57.46,99.82,42.36,-78.61,7.55,71.11,-190.55,-239.92,-27.21,198.62,355.90,272.19
3252,74.57,95.78,21.20,-85.15,26.69,58.51,-201.65,-249.01,-55.44,174.39,349.84,285.31
3253,90.73,85.68,-5.05,-88.18,47.89,40.34,-210.69,-257.09,-87.70,144.15,338.73,302.48
3254,112.89,78.61,-34.28,-95.73,73.61,22.17,-215.74,-259.11,-116.93,112.89,318.59,310.51
3255,129.05,82.65,-46.40,-105.83,87.75,18.13,-218.77,-258.10,-145.16,78.61,290.36,311.52
3256,146.17,75.58,-70.58,-110.87,108.37,2.50,-226.85,-256.08,-170.35,45.34,269.16,326.66
3257,173.38,77.60,-95.78,-125.49,134.58,-9.09,-236.90,-253.05,-187.52,19.14,248.00,332.72
3258,190.55,85.68,-104.86,-138.09,147.71,-9.57,-228.87,-234.92,-191.56,-5.00,215.74,321.61
3259,194.58,84.67,-109.91,-139.63,152.27,-12.60,-224.83,-227.86,-207.66,-35.24,169.34,297.43
3260,179.44,79.62,-99.82,-129.53,139.63,-10.10,-228.87,-232.90,-252.04,-95.78,90.73,261.13
3261,171.36,105.83,-65.53,-138.57,118.47,20.15,-243.96,-255.07,-298.44,-142.13,42.31,254.06
3262,197.61,160.30,-37.31,-178.96,117.46,61.50,-295.41,-310.51,-369.02,-182.47,23.18,274.21
3263,208.67,194.58,-14.09,-201.60,111.40,90.25,-328.68,-348.83,-420.42,-218.77,1.97,282.28
3264,201.65,214.73,13.08,-208.19,94.29,113.90,-359.94,-385.13,-463.79,-235.89,0.96,299.45
3265,205.64,256.08,50.44,-230.84,77.60,153.28,-390.18,-422.44,-495.04,-226.85,28.22,337.72
3266,215.74,307.48,91.74,-261.61,62.02,199.63,-425.47,-466.82,-509.13,-205.64,63.52,374.02
3267,212.71,344.79,132.08,-278.73,40.34,238.43,-474.85,-523.27,-543.41,-204.63,84.67,406.29
3268,217.76,402.29,184.54,-310.03,16.64,293.44,-536.39,-598.90,-591.83,-196.60,112.89,443.60
3269,229.88,451.67,221.80,-340.75,4.04,336.76,-617.02,-695.69,-675.49,-223.82,114.91,468.84
3270,259.11,485.96,226.85,-372.53,16.16,356.43,-691.65,-788.43,-784.39,-294.40,80.63,489.99
3271,273.20,513.17,239.97,-393.16,16.64,376.57,-772.33,-893.30,-919.50,-396.24,11.06,495.04
3272,252.04,522.26,270.22,-387.15,-9.09,396.24,-824.73,-974.94,-1056.63,-518.22,-84.67,477.88
3273,230.89,485.96,255.07,-358.40,-12.07,370.51,-816.66,-991.10,-1150.39,-629.14,-194.58,429.51
3274,189.54,385.13,195.59,-287.33,-3.03,290.36,-767.28,-969.94,-1261.31,-793.48,-365.99,321.61
3275,132.08,285.31,153.23,-208.67,-10.58,219.30,-713.81,-945.71,-1395.41,-988.07,-568.66,202.61
3276,64.52,179.44,114.91,-121.98,-25.19,147.18,-627.12,-880.17,-1468.01,-1137.31,-743.05,77.60
3277,-3.99,99.82,103.81,-47.89,-53.90,101.79,-535.38,-795.50,-1478.11,-1221.98,-849.93,-11.06
3278,-87.70,36.25,123.95,25.72,-105.83,80.10,-483.94,-755.16,-1498.25,-1287.52,-926.57,-72.55
3279,-127.03,-50.39,76.64,88.71,-101.84,13.13,-406.29,-676.50,-1468.01,-1309.73,-962.87,-121.98
3280,-128.04,-94.77,33.27,111.40,-80.68,-30.77,-310.51,-566.64,-1365.17,-1254.24,-934.65,-138.09
3281,-148.19,-112.89,35.29,130.54,-91.74,-38.80,-242.95,-494.03,-1284.49,-1195.78,-899.36,-156.26
3282,-164.34,-106.84,57.50,135.59,-110.92,-24.67,-197.61,-437.54,-1203.85,-1123.17,-837.86,-147.18
3283,-200.64,-118.95,81.69,159.77,-141.17,-18.66,-135.06,-368.01,-1113.08,-1044.51,-784.39,-155.25
3284,-249.01,-152.22,96.79,200.59,-172.90,-27.74,-62.51,-295.41,-1027.40,-977.97,-749.10,-192.56
3285,-274.21,-171.36,102.85,222.76,-188.53,-34.28,9.04,-221.80,-937.68,-907.43,-716.84,-226.85
3286,-290.36,-204.63,85.73,247.47,-188.05,-59.48,91.74,-131.07,-850.94,-847.91,-694.68,-270.17
3287,-321.61,-250.02,71.59,285.79,-196.60,-89.24,166.36,-49.38,-779.35,-801.56,-679.53,-310.51
3288,-332.72,-284.30,48.42,308.49,-190.59,-117.94,243.96,32.26,-708.76,-752.13,-655.35,-331.71
3289,-316.57,-308.49,8.08,312.53,-162.32,-150.21,320.60,117.94,-633.18,-699.72,-620.05,-326.66
3290,-305.46,-336.71,-31.25,321.09,-137.13,-184.01,379.07,187.52,-576.68,-662.41,-600.92,-332.72
3291,-310.51,-357.92,-47.41,334.21,-131.55,-202.66,424.46,235.89,-536.39,-632.17,-580.72,-341.76
3292,-314.55,-369.98,-55.44,342.24,-129.58,-212.71,444.61,258.10,-514.18,-605.92,-559.57,-345.80
3293,-303.44,-357.92,-54.48,330.65,-124.48,-206.22,443.60,262.14,-501.10,-584.76,-537.40,-340.75
3294,-300.46,-352.87,-52.41,326.66,-124.05,-202.66,438.55,260.12,-487.97,-564.62,-516.20,-338.73
3295,-303.44,-358.93,-55.49,331.18,-124.00,-207.23,421.43,251.03,-475.86,-543.41,-498.07,-341.76
3296,-304.45,-355.90,-51.45,330.17,-126.50,-203.67,409.31,248.00,-455.71,-517.21,-470.81,-333.73
3297,-294.40,-356.91,-62.51,325.65,-115.97,-209.73,416.38,262.14,-423.45,-484.95,-443.60,-324.64
3298,-275.22,-352.87,-77.65,314.02,-98.81,-215.26,419.41,277.24,-389.17,-452.68,-414.36,-311.52
3299,-265.17,-353.88,-88.71,309.50,-88.23,-221.32,416.38,283.29,-359.94,-426.48,-395.23,-301.47
3300,-246.99,-347.82,-100.83,297.38,-73.08,-224.35,406.29,279.25,-339.74,-405.28,-381.09,-301.47
3301,-228.87,-342.77,-113.90,285.79,-57.50,-228.34,398.26,275.22,-317.58,-383.11,-361.95,-290.36
3302,-220.79,-340.75,-119.96,280.75,-50.44,-230.36,392.20,271.18,-291.37,-355.90,-335.75,-267.19
3303,-208.67,-336.71,-128.04,272.67,-40.34,-232.38,379.07,263.15,-272.19,-335.75,-321.61,-266.18
3304,-190.55,-328.68,-138.14,259.59,-26.20,-233.43,363.97,261.13,-252.04,-314.55,-304.45,-256.08
3305,-172.37,-324.64,-152.27,248.48,-10.05,-238.48,353.88,259.11,-231.90,-291.37,-278.25,-230.89
3306,-160.30,-325.65,-165.35,242.95,2.50,-245.50,350.85,254.06,-217.76,-277.24,-269.16,-229.88
3307,-152.22,-318.59,-166.36,235.40,7.07,-242.47,332.72,236.90,-212.71,-269.16,-260.12,-227.86
3308,-142.13,-311.52,-169.39,226.80,13.61,-240.45,320.60,228.87,-202.61,-257.09,-249.01,-216.75
3309,-135.06,-310.51,-175.45,222.76,20.19,-243.00,325.65,242.95,-180.45,-238.91,-235.89,-208.67
3310,-122.99,-301.47,-178.48,212.23,27.74,-239.97,321.61,241.94,-163.33,-220.79,-217.76,-198.62
3311,-109.87,-282.28,-172.42,196.07,31.25,-227.38,312.53,241.94,-139.10,-194.58,-192.56,-173.38
3312,-91.74,-270.17,-178.43,180.93,43.32,-224.30,307.48,249.01,-121.98,-180.45,-180.45,-164.34
3313,-81.64,-265.17,-183.53,173.38,50.92,-224.35,301.47,243.96,-109.87,-167.37,-172.37,-173.38
3314,-80.63,-252.04,-171.41,166.31,45.39,-211.75,295.41,238.91,-89.72,-147.18,-156.26,-162.32
3315,-69.53,-222.81,-153.28,146.17,41.88,-188.05,293.39,243.96,-65.53,-125.01,-138.09,-144.15
3316,-61.50,-210.69,-149.20,136.07,43.85,-179.97,292.38,252.04,-39.28,-99.82,-116.93,-137.08
3317,-51.40,-203.62,-152.22,127.51,50.39,-177.95,289.35,253.05,-23.18,-83.66,-104.82,-131.07
3318,-46.35,-178.43,-132.08,112.37,42.84,-155.25,288.34,260.12,3.99,-55.44,-76.59,-101.79
3319,-48.37,-177.42,-129.05,112.89,40.34,-153.23,282.28,258.10,17.12,-43.32,-65.53,-99.82
3320,-48.37,-166.36,-117.99,107.37,34.81,-142.18,278.25,258.10,32.26,-27.21,-55.44,-93.76
3321,-58.47,-151.22,-92.75,104.82,17.12,-121.98,281.27,265.17,54.43,-5.00,-35.24,-70.53
3322,-55.44,-155.25,-99.82,105.35,22.17,-127.56,271.18,256.08,56.45,-5.00,-40.29,-88.71
3323,-31.25,-130.06,-98.81,80.63,33.75,-114.43,257.09,248.00,66.54,7.02,-31.25,-84.67
3324,-35.24,-122.99,-87.75,79.09,26.25,-105.39,244.97,234.92,74.57,15.10,-21.16,-71.54
3325,-37.26,-117.94,-80.68,77.60,21.68,-99.34,228.87,218.77,84.67,29.23,-6.01,-59.48
3326,-23.18,-99.82,-76.64,61.50,26.73,-88.23,208.67,206.65,95.78,43.32,3.99,-54.43
3327,-22.17,-86.69,-64.52,54.43,21.16,-75.63,183.48,184.49,101.79,53.42,12.07,-47.36
3328,-14.09,-69.53,-55.44,41.78,20.67,-62.51,154.24,160.30,107.85,65.53,26.20,-32.26
3329,-14.09,-57.46,-43.37,35.77,14.62,-50.44,129.05,142.13,115.92,76.59,35.24,-31.25
3330,-14.09,-47.36,-33.27,30.72,9.57,-40.34,107.85,124.00,120.97,84.67,42.31,-25.19
3331,-3.99,-41.30,-37.31,22.65,16.64,-39.33,92.75,108.86,122.99,86.69,46.35,-18.13
3332,2.98,-33.27,-36.25,15.15,19.62,-34.76,79.62,98.81,126.02,91.74,49.38,-13.08
3333,5.00,-31.25,-36.25,13.13,20.63,-33.75,73.56,91.74,128.04,93.76,51.40,-13.08
3334,2.98,-30.24,-33.22,13.61,18.08,-31.73,72.55,91.74,134.10,99.82,57.46,-9.04
3335,2.98,-20.15,-23.13,8.56,13.03,-21.64,69.53,89.72,137.08,103.81,60.49,-2.98
3336,8.03,-17.12,-25.15,4.52,16.59,-21.11,71.54,91.74,141.12,108.86,64.52,0.96
3337,15.10,-19.14,-34.23,2.02,24.67,-26.69,65.53,82.65,141.12,109.87,66.54,0.00
3338,18.13,-15.10,-33.22,-1.49,25.68,-24.14,63.52,83.66,145.16,114.91,73.56,6.01
3339,19.14,-8.03,-27.17,-5.53,23.13,-17.60,69.53,97.80,154.24,124.00,82.65,15.10
3340,18.13,-3.99,-22.12,-7.07,20.10,-13.03,66.54,89.72,152.22,122.99,82.65,13.08
3341,17.12,-6.01,-23.13,-5.53,20.10,-14.57,62.51,83.66,148.19,118.95,78.61,8.03
3342,21.16,-5.00,-26.16,-8.08,23.66,-15.58,54.43,79.62,145.16,115.92,74.57,1.97
3343,26.20,9.04,-17.16,-17.60,21.68,-4.04,56.45,78.61,151.22,121.98,81.64,9.04
3344,12.07,-8.03,-20.10,-2.02,16.06,-14.04,52.41,75.58,145.16,116.93,77.60,7.02
3345,-3.99,-29.23,-25.24,16.59,10.63,-27.26,45.34,68.52,141.12,111.88,72.55,0.00
3346,-0.96,-18.13,-17.16,9.52,8.08,-17.65,45.34,68.52,144.15,116.93,77.60,6.01
3347,5.00,-14.09,-19.09,4.52,12.02,-16.59,47.36,68.52,145.16,119.96,79.62,0.00
3348,8.03,-8.03,-16.06,0.00,12.02,-12.02,43.32,68.52,148.19,122.99,81.64,1.97
3349,10.05,-0.96,-11.01,-4.52,10.53,-5.96,40.29,64.52,149.20,125.01,86.69,12.07
3350,10.05,-3.99,-14.04,-3.03,12.02,-8.99,43.32,66.54,152.22,126.02,86.69,6.01
3351,2.98,-13.08,-16.06,5.05,9.52,-14.57,44.33,66.54,151.22,125.01,85.68,0.00
3352,12.07,-8.03,-20.10,-2.02,16.06,-14.04,44.33,67.51,153.23,130.06,92.75,8.03
3353,26.20,0.96,-25.24,-13.56,25.72,-12.12,44.33,69.53,156.26,131.07,95.78,15.10
3354,21.16,-5.00,-26.16,-8.08,23.66,-15.58,44.33,66.54,156.26,130.06,93.76,15.10
3355,26.20,5.00,-21.20,-15.58,23.70,-8.08,46.35,68.52,158.28,134.10,96.79,16.11
3356,25.19,1.97,-23.22,-13.56,24.23,-10.63,42.31,64.52,157.27,133.09,94.77,12.07
3357,17.12,-14.09,-31.20,-1.49,24.14,-22.65,31.25,58.47,148.19,122.99,87.70,7.02
3358,23.18,0.00,-23.18,-11.59,23.18,-11.59,38.27,60.49,152.22,127.03,93.76,11.06
3359,28.22,7.02,-21.20,-17.60,24.71,-7.07,41.30,60.49,155.25,131.07,97.80,15.10
3360,21.16,0.96,-20.19,-11.06,20.67,-9.62,37.26,58.47,150.21,126.02,91.74,13.08
3361,16.11,-1.97,-18.08,-7.07,17.07,-10.00,34.23,54.43,147.18,124.00,87.70,10.05
3362,19.14,3.99,-15.15,-11.54,17.16,-5.58,33.27,56.45,150.21,128.04,92.75,20.15
3363,19.14,8.03,-11.11,-13.56,15.15,-1.54,34.23,57.46,151.22,131.07,94.77,18.13
3364,27.21,9.04,-18.17,-18.13,22.69,-4.57,31.25,56.45,149.20,130.06,94.77,14.09
3365,32.26,13.08,-19.18,-22.65,25.72,-3.03,33.27,61.50,155.25,134.10,100.83,22.17
3366,31.25,14.09,-17.16,-22.65,24.23,-1.54,33.27,59.48,153.23,132.08,97.80,19.14
3367,28.22,15.10,-13.13,-21.64,20.67,1.01,34.23,60.49,152.22,134.10,99.82,21.16
3368,18.13,15.10,-3.03,-16.59,10.58,6.06,35.24,62.51,156.26,139.10,103.81,24.18
3369,28.22,23.18,-5.05,-25.68,16.64,9.09,34.23,61.50,156.26,138.09,102.80,24.18
3370,32.26,23.18,-9.09,-27.69,20.67,7.07,31.25,59.48,155.25,138.09,103.81,22.17
3371,17.12,10.05,-7.07,-13.56,12.12,1.49,33.27,58.47,153.23,134.10,100.83,16.11
3372,24.18,10.05,-14.14,-17.12,19.18,-2.02,32.26,58.47,152.22,131.07,100.83,18.13
3373,25.19,13.08,-12.12,-19.14,18.66,0.48,29.23,56.45,152.22,134.10,104.82,24.18
3374,20.15,9.04,-11.11,-14.57,15.63,-1.01,31.25,56.45,154.24,132.08,105.83,23.18
3375,28.22,13.08,-15.15,-20.63,21.68,-1.01,24.18,47.36,148.19,126.02,101.79,20.15
3376,31.25,16.11,-15.15,-23.66,23.22,0.48,22.17,50.39,152.22,132.08,107.85,31.25
3377,25.19,15.10,-10.10,-20.15,17.65,2.50,29.23,58.47,158.28,136.07,112.89,38.27
3378,15.10,9.04,-6.06,-12.07,10.58,1.49,29.23,54.43,156.26,133.09,108.86,32.26
3379,23.18,14.09,-9.09,-18.61,16.16,2.50,25.19,53.42,156.26,134.10,109.87,30.24
3380,29.23,21.16,-8.08,-25.19,18.66,6.54,22.17,53.42,154.24,133.09,111.88,32.26
3381,25.19,16.11,-9.09,-20.63,17.16,3.51,20.15,49.38,151.22,131.07,106.84,29.23
3382,20.15,15.10,-5.05,-17.60,12.60,5.05,20.15,49.38,151.22,129.05,103.81,23.18
3383,20.15,18.13,-2.02,-19.14,11.11,8.08,21.16,48.37,152.22,130.06,105.83,24.18
3384,26.20,23.18,-3.03,-24.67,14.62,10.10,23.18,49.38,152.22,133.09,108.86,29.23
3385,26.20,22.17,-4.04,-24.18,15.15,9.09,25.19,53.42,156.26,134.10,108.86,29.23
3386,25.19,20.15,-5.05,-22.65,15.15,7.55,21.16,49.38,153.23,129.05,104.82,31.25
3387,29.23,23.18,-6.06,-26.20,17.65,8.56,25.19,52.41,155.25,132.08,107.85,31.25
3388,39.28,29.23,-10.05,-34.23,24.67,9.62,21.16,51.40,155.25,132.08,107.85,31.25
3389,27.21,22.17,-5.05,-24.67,16.16,8.56,19.14,48.37,152.22,130.06,104.82,32.26
3390,24.18,27.21,3.03,-25.68,10.58,15.15,30.24,56.45,156.26,135.06,109.87,31.25
3391,38.27,35.24,-3.03,-36.73,20.67,16.11,16.11,46.35,153.23,134.10,111.88,38.27
3392,26.20,18.13,-8.08,-22.17,17.16,5.05,11.06,41.30,150.21,133.09,112.89,39.28
3393,10.05,14.09,4.04,-12.07,3.03,9.09,17.12,42.31,150.21,134.10,113.90,40.29
3394,2.98,8.03,5.05,-5.48,-1.01,6.54,14.09,41.30,147.18,131.07,109.87,34.23
3395,9.04,9.04,0.00,-9.04,4.52,4.52,17.12,42.31,145.16,129.05,104.82,26.20
3396,16.11,14.09,-2.02,-15.10,9.09,6.06,11.06,34.23,140.11,128.04,102.80,27.21
3397,16.11,17.12,1.01,-16.59,7.55,9.09,14.09,41.30,143.14,131.07,107.85,32.26
3398,22.17,29.23,7.07,-25.68,7.55,18.17,26.20,50.39,148.19,136.07,111.88,35.24
3399,29.23,35.24,6.01,-32.21,11.64,20.63,18.13,39.28,146.17,139.10,113.90,41.30
3400,37.26,38.27,1.01,-37.74,18.13,19.67,10.05,36.25,144.15,137.08,112.89,38.27
3401,23.18,34.23,11.06,-28.70,6.06,22.65,6.01,34.23,139.10,132.08,110.87,35.24
3402,6.01,28.22,22.21,-17.12,-8.08,25.24,3.99,30.24,138.09,134.10,113.90,49.38
3403,9.04,20.15,11.11,-14.57,-1.01,15.63,3.99,28.22,136.07,130.06,110.87,42.31
3404,14.09,23.18,9.09,-18.61,2.50,16.16,0.00,27.21,133.09,126.02,105.83,26.20
3405,15.10,28.22,13.13,-21.64,1.01,20.67,5.00,31.25,136.07,128.04,106.84,28.22
3406,23.18,37.26,14.09,-30.19,4.57,25.68,5.00,31.25,137.08,130.06,111.88,37.26
3407,23.18,34.23,11.06,-28.70,6.06,22.65,2.98,28.22,135.06,129.05,112.89,36.25
3408,22.17,30.24,8.08,-26.20,7.07,19.18,8.03,31.25,135.06,126.02,109.87,31.25
3409,22.17,39.28,17.12,-30.72,2.55,28.22,-0.96,26.20,130.06,124.00,109.87,33.27
3410,16.11,39.28,23.18,-27.69,-3.51,31.25,-9.04,20.15,126.02,120.97,107.85,33.27
3411,9.04,43.32,34.28,-26.16,-12.60,38.80,0.00,25.19,129.05,124.00,109.87,36.25
3412,12.07,40.29,28.22,-26.16,-8.08,34.28,-3.99,22.17,129.05,126.02,113.90,46.35
3413,16.11,39.28,23.18,-27.69,-3.51,31.25,-10.05,19.14,127.03,122.99,110.87,44.33
3414,10.05,39.28,29.23,-24.67,-9.57,34.28,-8.03,23.18,131.07,121.98,109.87,39.28
3415,13.08,41.30,28.22,-27.17,-7.55,34.76,-9.04,18.13,124.00,118.95,107.85,37.26
3416,14.09,45.34,31.25,-29.71,-8.56,38.32,-6.01,18.13,120.97,118.95,106.84,40.29
3417,17.12,51.40,34.28,-34.23,-8.56,42.84,-3.99,20.15,122.99,120.97,111.88,47.36
3418,19.14,48.37,29.23,-33.75,-5.05,38.80,-10.05,18.13,120.97,114.91,109.87,41.30
3419,14.09,39.28,25.19,-26.69,-5.53,32.26,-17.12,11.06,112.89,107.85,101.79,32.26
3420,14.09,40.29,26.20,-27.17,-6.06,33.27,-21.16,7.02,108.86,105.83,98.81,32.26
3421,21.16,52.41,31.25,-36.78,-5.05,41.83,-22.17,8.03,113.90,109.87,104.82,41.30
3422,29.23,61.50,32.26,-45.34,-1.49,46.88,-22.17,7.02,110.87,107.85,101.79,40.29
3423,20.15,57.46,37.31,-38.80,-8.56,47.41,-18.13,6.01,107.85,101.79,96.79,35.24
3424,18.13,62.51,44.38,-40.29,-13.13,53.47,-19.14,6.01,105.83,99.82,95.78,37.26
3425,20.15,64.52,44.38,-42.31,-12.12,54.48,-19.14,6.01,105.83,101.79,98.81,43.32
3426,22.17,68.52,46.35,-45.34,-12.07,57.46,-22.17,0.00,102.80,98.81,99.82,43.32
3427,22.17,67.51,45.34,-44.81,-11.59,56.45,-26.20,-2.98,97.80,93.76,94.77,39.28
3428,22.17,64.52,42.36,-43.32,-10.10,53.47,-29.23,-7.02,96.79,94.77,95.78,42.31
3429,12.07,64.52,52.46,-38.27,-20.19,58.51,-30.24,-12.07,91.74,93.76,92.75,37.26
3430,0.96,54.43,53.47,-27.69,-26.25,53.95,-34.23,-11.06,88.71,89.72,91.74,36.25
3431,6.01,53.42,47.41,-29.71,-20.67,50.44,-42.31,-21.16,82.65,87.70,91.74,41.30
3432,14.09,64.52,50.44,-39.28,-18.17,57.50,-40.29,-19.14,82.65,88.71,90.73,39.28
3433,24.18,69.53,45.34,-46.83,-10.58,57.46,-38.27,-14.09,80.63,88.71,89.72,41.30
3434,14.09,69.53,55.44,-41.78,-20.67,62.51,-39.28,-17.12,78.61,87.70,88.71,43.32
3435,6.01,68.52,62.51,-37.26,-28.22,65.53,-43.32,-25.19,73.56,83.66,84.67,39.28
3436,3.99,62.51,58.51,-33.22,-27.26,60.53,-52.41,-31.25,65.53,75.58,79.62,35.24
3437,0.96,68.52,67.55,-34.71,-33.27,68.03,-49.38,-29.23,67.51,76.59,82.65,39.28
3438,10.05,71.54,61.50,-40.77,-25.72,66.54,-49.38,-35.24,64.52,72.55,81.64,39.28
3439,12.07,72.55,60.49,-42.31,-24.18,66.54,-54.43,-33.27,61.50,69.53,78.61,39.28
3440,0.00,72.55,72.55,-36.25,-36.25,72.55,-60.49,-40.29,56.45,67.51,77.60,40.29
3441,-2.98,71.54,74.53,-34.28,-38.75,73.04,-62.51,-50.39,47.36,59.48,72.55,37.26
3442,9.04,81.64,72.60,-45.34,-31.78,77.12,-66.54,-50.39,43.32,56.45,69.53,39.28
3443,14.09,80.63,66.54,-47.36,-26.20,73.61,-70.53,-55.44,38.27,51.40,64.52,35.24
3444,-5.00,77.60,82.60,-36.30,-43.80,80.10,-63.52,-53.42,37.26,51.40,65.53,33.27
3445,-13.08,81.64,94.72,-34.28,-53.90,88.18,-64.52,-51.40,40.29,56.45,71.54,39.28
3446,-12.07,88.71,100.78,-38.32,-56.40,94.72,-70.53,-56.45,35.24,54.43,71.54,48.37
3447,-10.05,92.75,102.80,-41.35,-56.40,97.75,-74.57,-64.52,24.18,45.34,62.51,41.30
3448,-1.97,91.74,93.71,-44.86,-47.84,92.70,-76.59,-72.55,18.13,40.29,55.44,26.20
3449,-3.99,86.69,90.68,-41.35,-47.31,88.66,-85.68,-80.63,9.04,34.23,53.42,29.23
3450,-14.09,86.69,100.78,-36.30,-57.41,93.71,-92.75,-84.67,5.00,31.25,53.42,33.27
3451,-20.15,84.67,104.82,-32.26,-62.46,94.72,-91.74,-86.69,0.00,28.22,50.39,29.23
3452,-20.15,86.69,106.84,-33.27,-63.47,96.74,-98.81,-94.77,-5.00,24.18,48.37,33.27
3453,-24.18,88.71,112.89,-32.26,-68.52,100.78,-102.80,-101.79,-11.06,20.15,46.35,35.24
3454,-28.22,85.68,113.90,-28.70,-71.06,99.77,-108.86,-111.88,-16.11,16.11,46.35,36.25
3455,-31.25,97.80,129.05,-33.27,-80.15,113.42,-109.87,-115.92,-19.14,15.10,46.35,34.23
3456,-34.23,94.77,129.00,-30.24,-81.59,111.88,-102.80,-105.83,-26.20,6.01,35.24,21.16
3457,-25.19,92.75,117.94,-33.75,-71.54,105.35,-106.84,-107.85,-31.25,1.97,30.24,24.18
3458,-19.14,107.85,126.98,-44.33,-73.04,117.41,-114.91,-118.95,-37.26,0.96,35.24,31.25
3459,-24.18,112.89,137.08,-44.33,-80.63,124.96,-113.90,-121.98,-43.32,-2.98,33.27,34.23
3460,-19.14,118.95,138.09,-49.91,-78.61,128.52,-116.93,-122.99,-51.40,-12.07,21.16,28.22
3461,-26.20,118.95,145.16,-46.35,-85.68,132.03,-128.04,-133.09,-59.48,-17.12,19.14,25.19
3462,-39.28,119.96,159.24,-40.34,-99.24,139.58,-125.01,-138.09,-62.51,-18.13,20.15,32.26
3463,-24.18,135.06,159.24,-55.44,-91.69,147.13,-125.01,-138.09,-66.54,-19.14,22.17,34.23
3464,-17.12,139.10,156.22,-60.97,-86.64,147.66,-141.12,-151.22,-78.61,-27.21,12.07,27.21
3465,-26.20,130.06,156.26,-51.93,-91.21,143.14,-142.13,-154.24,-87.70,-38.27,3.99,22.17
3466,-22.17,139.10,161.26,-58.47,-91.69,150.16,-150.21,-163.33,-94.77,-43.32,1.97,25.19
3467,-23.18,149.20,172.37,-62.99,-97.75,160.78,-153.23,-171.36,-100.83,-46.35,-0.96,24.18
3468,-34.23,141.12,175.35,-53.42,-104.77,158.23,-149.20,-168.33,-105.83,-47.36,0.96,26.20
3469,-34.23,136.07,170.30,-50.92,-102.27,153.19,-160.30,-179.44,-119.96,-60.49,-10.05,15.10
3470,-29.23,146.17,175.40,-58.47,-102.32,160.78,-165.35,-187.52,-131.07,-68.52,-18.13,13.08
3471,-35.24,148.19,183.43,-56.45,-109.34,165.78,-169.34,-193.57,-138.09,-72.55,-17.12,27.21
3472,-38.27,149.20,187.47,-55.44,-112.85,168.33,-170.35,-195.59,-144.15,-77.60,-22.17,17.12
3473,-41.30,151.22,192.52,-54.96,-116.89,171.84,-172.37,-199.63,-153.23,-84.67,-31.25,9.04
3474,-53.42,145.16,198.57,-45.87,-125.97,171.84,-182.47,-209.68,-164.34,-92.75,-37.26,10.05
3475,-50.39,155.25,205.64,-52.41,-127.99,180.45,-186.51,-214.73,-170.35,-96.79,-39.28,9.04
3476,-51.40,154.24,205.64,-51.40,-128.52,179.92,-194.58,-226.85,-180.45,-103.81,-41.30,14.09
3477,-48.37,157.27,205.64,-54.43,-126.98,181.46,-199.63,-235.89,-189.54,-112.89,-45.34,12.07
3478,-40.29,169.34,209.63,-64.52,-124.96,189.49,-196.60,-229.88,-191.56,-114.91,-46.35,15.10
3479,-50.39,162.32,212.71,-55.97,-131.55,187.52,-204.63,-239.92,-203.62,-125.01,-54.43,10.05
3480,-70.53,153.23,223.77,-41.35,-147.13,188.48,-212.71,-254.06,-221.80,-140.11,-67.51,-1.97
3481,-70.53,167.37,237.91,-48.42,-154.20,202.61,-212.71,-258.10,-228.87,-143.14,-66.54,3.99
3482,-66.54,173.38,239.92,-53.42,-153.23,206.65,-219.78,-269.16,-239.92,-151.22,-72.55,0.96
3483,-66.54,176.41,242.95,-54.91,-154.72,209.68,-224.83,-278.25,-250.02,-160.30,-77.60,0.00
3484,-64.52,184.49,249.01,-59.96,-156.74,216.75,-230.89,-286.32,-260.12,-167.37,-81.64,-0.96
3485,-68.52,180.45,248.96,-55.97,-158.72,214.68,-239.92,-294.40,-270.17,-176.41,-89.72,-6.01
3486,-72.55,187.52,260.07,-57.46,-166.31,223.77,-240.93,-299.45,-280.26,-182.47,-93.76,-3.99
3487,-68.52,188.53,257.04,-60.01,-162.75,222.76,-251.03,-309.50,-294.40,-194.58,-105.83,-8.03
3488,-71.54,182.47,254.01,-55.44,-162.75,218.24,-256.08,-316.57,-303.44,-203.62,-111.88,-10.05
3489,-68.52,193.57,262.09,-62.51,-165.30,227.81,-255.07,-313.54,-308.49,-204.63,-112.89,-6.01
3490,-75.58,194.58,270.17,-59.48,-172.85,232.38,-267.19,-330.70,-318.59,-211.70,-117.94,-5.00
3491,-80.63,191.56,272.19,-55.44,-176.41,231.85,-270.17,-336.71,-331.71,-222.81,-127.03,-14.09
3492,-79.62,188.53,268.15,-54.43,-173.86,228.34,-274.21,-336.71,-343.78,-232.90,-135.06,-21.16
3493,-95.78,175.40,271.18,-39.81,-183.48,223.29,-284.30,-351.86,-357.92,-244.97,-141.12,-16.11
3494,-84.67,189.54,274.21,-52.41,-179.44,231.85,-281.27,-348.83,-358.93,-243.96,-141.12,-15.10
3495,-83.66,200.64,284.30,-58.47,-183.96,242.47,-285.31,-356.91,-367.00,-250.02,-146.17,-18.13
3496,-94.77,192.56,287.33,-48.90,-191.03,239.92,-291.37,-365.99,-382.10,-262.14,-156.26,-22.17
3497,-97.80,189.54,287.33,-45.87,-192.56,238.43,-298.44,-376.04,-393.21,-271.18,-164.34,-27.21
3498,-100.83,189.54,290.36,-44.33,-195.59,239.92,-309.50,-392.20,-405.28,-281.27,-169.34,-27.21
3499,-95.78,199.63,295.41,-51.93,-195.59,247.52,-310.51,-389.17,-412.34,-283.29,-169.34,-21.16
3500,-102.80,206.65,309.45,-51.93,-206.12,258.05,-311.52,-392.20,-421.43,-290.36,-176.41,-24.18
3501,-107.85,210.69,318.54,-51.40,-213.19,264.59,-317.58,-406.29,-433.55,-300.46,-183.48,-27.21
3502,-103.81,210.69,314.50,-53.42,-209.15,262.57,-319.59,-413.35,-442.59,-306.47,-189.54,-28.22
3503,-105.83,205.64,311.47,-49.91,-208.62,258.53,-323.63,-412.34,-449.65,-315.56,-198.62,-35.24
3504,-111.88,210.69,322.58,-49.38,-217.23,266.61,-328.68,-419.41,-459.75,-322.62,-203.62,-33.27
3505,-107.85,211.70,319.55,-51.93,-213.67,265.60,-327.67,-420.42,-463.79,-325.65,-205.64,-30.24
3506,-100.83,219.78,320.60,-59.48,-210.69,270.17,-332.72,-423.45,-472.83,-331.71,-208.67,-27.21
3507,-102.80,220.79,323.59,-59.00,-213.19,272.19,-341.76,-433.55,-488.98,-344.79,-218.77,-38.27
3508,-110.87,213.72,324.60,-51.40,-217.71,269.16,-340.75,-437.54,-496.05,-351.86,-226.85,-48.37
3509,-112.89,214.73,327.62,-50.92,-220.26,271.18,-342.77,-446.63,-503.12,-356.91,-227.86,-47.36
3510,-101.79,219.78,321.57,-59.00,-211.65,270.65,-348.83,-453.69,-509.13,-362.96,-231.90,-46.35
3511,-102.80,222.81,325.61,-60.01,-214.20,274.21,-351.86,-455.71,-516.20,-368.01,-232.90,-42.31
3512,-106.84,220.79,327.62,-56.98,-217.23,274.21,-351.86,-457.73,-522.26,-370.99,-232.90,-43.32
3513,-109.87,217.76,327.62,-53.95,-218.72,272.67,-353.88,-461.77,-531.34,-378.06,-238.91,-43.32
3514,-121.98,207.66,329.64,-42.84,-225.79,268.63,-365.99,-478.89,-544.42,-389.17,-245.98,-44.33
3515,-124.00,207.66,331.66,-41.83,-227.81,269.64,-372.00,-486.97,-553.51,-396.24,-255.07,-52.41
3516,-130.06,201.65,331.71,-35.77,-230.89,266.66,-365.99,-475.86,-557.55,-401.28,-259.11,-51.40
3517,-140.11,194.58,334.69,-27.21,-237.38,264.64,-365.99,-479.90,-560.58,-404.27,-260.12,-45.34
3518,-134.10,199.63,333.73,-32.74,-233.91,266.66,-365.99,-483.94,-566.64,-408.30,-264.16,-46.35
3519,-126.02,204.63,330.65,-39.28,-228.34,267.62,-364.98,-482.93,-569.66,-411.33,-268.20,-56.45
3520,-122.99,207.66,330.65,-42.31,-226.80,269.16,-372.00,-487.97,-576.68,-417.39,-275.22,-62.51
3521,-124.00,202.61,326.61,-39.28,-225.31,264.59,-370.99,-487.97,-581.73,-424.46,-280.26,-60.49
3522,-121.98,205.64,327.62,-41.83,-224.78,266.61,-365.99,-484.95,-579.71,-425.47,-280.26,-60.49
3523,-119.96,209.68,329.64,-44.86,-224.78,269.64,-363.97,-482.93,-579.71,-426.48,-281.27,-57.46
3524,-122.99,207.66,330.65,-42.31,-226.80,269.16,-364.98,-482.93,-581.73,-427.49,-282.28,-58.47
3525,-121.98,204.63,326.61,-41.30,-224.30,265.60,-363.97,-481.92,-583.75,-430.52,-283.29,-55.44
3526,-119.96,203.62,323.59,-41.83,-221.75,263.58,-362.96,-479.90,-585.77,-434.56,-289.35,-61.50
3527,-116.93,205.64,322.58,-44.33,-219.73,264.11,-360.94,-478.89,-584.76,-436.58,-293.39,-67.51
3528,-127.03,193.57,320.60,-33.27,-223.82,257.09,-356.91,-473.84,-582.74,-437.54,-292.38,-66.54
3529,-138.09,178.43,316.52,-20.15,-227.28,247.47,-355.90,-469.85,-580.72,-436.58,-292.38,-66.54
3530,-137.08,172.37,309.45,-17.65,-223.24,240.89,-351.86,-464.80,-574.67,-431.53,-287.33,-60.49
3531,-136.07,165.35,301.42,-14.62,-218.72,233.39,-348.83,-460.76,-575.67,-433.55,-294.40,-68.52
3532,-133.09,167.37,300.46,-17.12,-216.75,233.91,-342.77,-455.71,-572.65,-432.54,-295.41,-73.56
3533,-133.09,167.37,300.46,-17.12,-216.75,233.91,-336.71,-447.63,-564.62,-425.47,-289.35,-66.54
3534,-124.00,162.32,286.32,-19.14,-205.16,224.30,-339.74,-450.66,-564.62,-428.50,-296.42,-76.59
3535,-109.87,166.36,276.23,-28.22,-193.05,221.27,-341.76,-447.63,-564.62,-429.51,-300.46,-85.68
3536,-115.92,159.29,275.22,-21.68,-195.55,217.23,-329.69,-437.54,-556.54,-424.46,-295.41,-78.61
3537,-118.95,152.22,271.18,-16.64,-195.06,211.70,-319.59,-433.55,-549.47,-420.42,-296.42,-83.66
3538,-118.95,148.19,267.14,-14.62,-193.05,207.66,-318.59,-424.46,-543.41,-419.41,-298.44,-87.70
3539,-124.00,141.12,265.12,-8.56,-194.54,203.09,-317.58,-425.47,-539.37,-419.41,-297.43,-85.68
3540,-120.97,143.14,264.11,-11.06,-192.52,203.62,-312.53,-421.43,-533.36,-415.37,-294.40,-86.69
3541,-125.01,137.08,262.09,-6.01,-193.53,199.58,-302.48,-409.31,-522.26,-408.30,-288.34,-82.65
3542,-122.99,125.01,248.00,-1.01,-185.50,186.51,-296.42,-400.28,-516.20,-406.29,-287.33,-81.64
3543,-116.93,125.01,241.94,-4.04,-179.44,183.48,-290.36,-393.21,-508.12,-402.29,-286.32,-80.63
3544,-114.91,125.01,239.92,-5.05,-177.42,182.47,-285.31,-385.13,-499.08,-397.25,-286.32,-89.72
3545,-112.89,114.91,227.81,-1.01,-170.35,171.36,-283.29,-377.05,-491.00,-394.22,-287.33,-95.78
3546,-111.88,113.90,225.79,-1.01,-168.81,169.82,-272.19,-367.00,-479.90,-386.14,-280.26,-87.70
3547,-104.82,113.90,218.72,-4.52,-161.74,166.31,-261.13,-355.90,-468.84,-381.09,-277.24,-85.68
3548,-110.87,101.79,212.66,4.52,-161.74,157.23,-258.10,-347.82,-458.74,-375.03,-275.22,-85.68
3549,-115.92,96.79,212.71,9.57,-164.29,154.72,-253.05,-335.75,-443.60,-363.97,-268.20,-83.66
3550,-100.83,94.77,195.59,3.03,-148.19,145.16,-241.94,-323.63,-431.53,-353.88,-262.14,-78.61
3551,-92.75,91.74,184.49,0.48,-138.62,138.09,-234.92,-315.56,-423.45,-347.82,-263.15,-88.71
3552,-93.76,87.70,181.46,3.03,-137.61,134.58,-228.87,-308.49,-412.34,-337.72,-255.07,-82.65
3553,-100.83,80.63,181.46,10.10,-141.12,131.02,-221.80,-299.45,-398.26,-325.65,-244.97,-75.58
3554,-93.76,77.60,171.36,8.08,-132.56,124.48,-212.71,-289.35,-387.15,-319.59,-244.97,-83.66
3555,-74.57,83.66,158.23,-4.52,-116.40,120.92,-200.64,-277.24,-374.02,-308.49,-239.92,-81.64
3556,-83.66,71.54,155.21,6.06,-119.43,113.38,-191.56,-264.16,-359.94,-298.44,-233.91,-84.67
3557,-87.70,60.49,148.19,13.61,-117.94,104.34,-184.49,-254.06,-349.84,-290.36,-226.85,-77.60
3558,-85.68,55.44,141.12,15.10,-113.38,98.28,-176.41,-243.96,-337.72,-281.27,-220.79,-77.60
3559,-89.72,49.38,139.10,20.15,-114.38,94.24,-175.40,-239.92,-327.67,-273.20,-215.74,-77.60
3560,-91.74,40.29,132.03,25.72,-111.88,86.16,-170.35,-228.87,-317.58,-266.18,-211.70,-76.59
3561,-86.69,42.31,129.00,22.17,-107.85,85.63,-154.24,-205.64,-297.43,-252.04,-203.62,-70.53
3562,-73.56,52.41,125.97,10.58,-99.77,89.19,-146.17,-195.59,-283.29,-239.92,-194.58,-56.45
3563,-68.52,44.33,112.85,12.07,-90.68,78.56,-148.19,-192.56,-277.24,-234.92,-191.56,-59.48
3564,-66.54,42.31,108.86,12.12,-87.70,75.58,-142.13,-186.51,-267.19,-227.86,-190.55,-70.53
3565,-68.52,33.27,101.79,17.60,-85.15,67.51,-134.10,-181.46,-256.08,-219.78,-186.51,-76.59
3566,-60.49,38.27,98.76,11.11,-79.62,68.52,-118.95,-163.33,-235.89,-203.62,-170.35,-65.53
3567,-56.45,37.26,93.71,9.57,-75.05,65.49,-110.87,-148.19,-223.82,-196.60,-165.35,-65.53
3568,-56.45,23.18,79.62,16.64,-68.03,51.40,-107.85,-145.16,-218.77,-192.56,-165.35,-71.54
3569,-52.41,21.16,73.56,15.63,-62.99,47.36,-100.83,-133.09,-200.64,-177.42,-151.22,-61.50
3570,-58.47,13.08,71.54,22.69,-65.01,42.31,-95.78,-128.04,-188.53,-167.37,-144.15,-60.49
3571,-55.44,7.02,62.46,24.18,-58.95,34.71,-90.73,-121.98,-178.43,-159.29,-136.07,-61.50
3572,-52.41,6.01,58.42,23.18,-55.39,32.21,-84.67,-111.88,-166.36,-150.21,-127.03,-55.44
3573,-52.41,10.05,62.46,21.16,-57.41,36.25,-72.55,-99.82,-156.26,-143.14,-125.01,-62.51
3574,-48.37,5.00,53.37,21.68,-50.87,29.19,-65.53,-88.71,-146.17,-134.10,-119.96,-64.52
3575,-33.27,14.09,47.36,9.57,-40.29,30.72,-63.52,-80.63,-133.09,-122.99,-111.88,-55.44
3576,-31.25,12.07,43.32,9.57,-37.26,27.69,-57.46,-74.57,-121.98,-114.91,-105.83,-49.38
3577,-33.27,1.97,35.24,15.63,-34.23,18.61,-54.43,-71.54,-113.90,-108.86,-102.80,-52.41
3578,-32.26,11.06,43.32,10.58,-37.79,27.17,-44.33,-59.48,-99.82,-94.77,-91.74,-45.34
3579,-39.28,-1.97,37.31,20.63,-38.32,17.65,-40.29,-52.41,-91.74,-90.73,-88.71,-45.34
3580,-44.33,-8.03,36.30,26.16,-40.34,14.14,-38.27,-49.38,-87.70,-88.71,-90.73,-53.42
3581,-37.26,-0.96,36.30,19.09,-36.78,17.65,-31.25,-41.30,-73.56,-76.59,-81.64,-45.34
3582,-27.21,-1.97,25.24,14.57,-26.25,11.64,-29.23,-37.26,-66.54,-73.56,-81.64,-43.32
3583,-30.24,-3.99,26.25,17.12,-28.27,11.11,-25.19,-31.25,-58.47,-67.51,-78.61,-44.33
3584,-21.16,0.00,21.16,10.58,-21.16,10.58,-23.18,-27.21,-49.38,-61.50,-69.53,-40.29
3585,-14.09,-1.97,12.12,8.03,-13.13,5.05,-17.12,-19.14,-40.29,-54.43,-62.51,-35.24
3586,-17.12,-3.99,13.13,10.53,-15.15,4.57,-12.07,-12.07,-30.24,-45.34,-60.49,-39.28
3587,-13.08,-3.99,9.09,8.51,-11.11,2.55,-9.04,-10.05,-26.20,-43.32,-61.50,-41.30
3588,-18.13,-11.06,7.07,14.57,-12.60,-2.02,-6.01,-2.98,-19.14,-37.26,-55.44,-41.30
3589,-18.13,-1.97,16.16,10.05,-17.16,7.07,-2.98,2.98,-10.05,-27.21,-44.33,-39.28
3590,-21.16,-12.07,9.09,16.59,-15.15,-1.49,1.97,8.03,-5.00,-22.17,-42.31,-25.19
3591,-19.14,-26.20,-7.07,22.65,-6.06,-16.64,2.98,12.07,1.97,-18.13,-45.34,-25.19
3592,-14.09,-20.15,-6.06,17.12,-4.04,-13.13,7.02,17.12,11.06,-11.06,-38.27,-26.20
3593,-12.07,-19.14,-7.07,15.58,-2.50,-13.13,9.04,21.16,18.13,-8.03,-33.27,-24.18
3594,-11.06,-24.18,-13.13,17.60,1.01,-18.66,13.08,24.18,23.18,-3.99,-32.26,-30.24
3595,-15.10,-21.16,-6.06,18.13,-4.52,-13.61,19.14,31.25,29.23,2.98,-25.19,-23.18
3596,-12.07,-21.16,-9.09,16.59,-1.49,-15.15,19.14,37.26,38.27,12.07,-19.14,-21.16
3597,-9.04,-27.21,-18.17,18.13,4.57,-22.69,19.14,39.28,41.30,13.08,-18.13,-26.20
3598,-9.04,-22.17,-13.13,15.58,2.02,-17.65,20.15,39.28,48.37,21.16,-12.07,-20.15
3599,-16.11,-28.22,-12.12,22.17,-2.02,-20.19,21.16,35.24,51.40,24.18,-10.05,-24.18
3600,-17.12,-32.26,-15.15,24.67,-1.01,-23.70,23.18,42.31,52.41,25.19,-9.04,-22.17
3601,-0.96,-16.11,-15.15,8.51,7.07,-15.63,32.26,56.45,65.53,37.26,-0.96,-22.17
3602,2.98,-12.07,-15.05,4.52,8.99,-13.56,38.27,60.49,72.55,42.31,3.99,-17.12
3603,2.98,-12.07,-15.05,4.52,8.99,-13.56,36.25,58.47,77.60,48.37,9.04,-6.01
3604,9.04,-3.99,-13.03,-2.50,11.01,-8.51,36.25,61.50,77.60,48.37,5.00,-21.16
3605,12.07,-10.05,-22.12,-1.01,17.07,-16.06,41.30,68.52,82.65,53.42,11.06,-17.12
3606,10.05,-6.01,-16.06,-2.02,13.03,-11.01,46.35,73.56,91.74,60.49,21.16,-2.98
3607,5.00,-13.08,-18.08,4.04,11.54,-15.58,44.33,71.54,89.72,56.45,18.13,-10.05
3608,9.04,-27.21,-36.25,9.09,22.65,-31.73,40.29,68.52,91.74,57.46,15.10,-16.11
3609,10.05,-22.17,-32.21,6.06,21.11,-27.17,42.31,73.56,95.78,61.50,18.13,-13.08
3610,13.08,-26.20,-39.28,6.54,26.16,-32.74,47.36,78.61,100.83,64.52,21.16,-13.08
3611,12.07,-30.24,-42.31,9.09,27.17,-36.25,48.37,79.62,103.81,66.54,22.17,-10.05
3612,-1.97,-30.24,-28.27,16.11,13.13,-29.28,47.36,78.61,108.86,69.53,26.20,-3.99
3613,6.01,-24.18,-30.19,9.09,18.08,-27.17,49.38,79.62,113.90,71.54,27.21,-5.00
3614,12.07,-22.17,-34.23,5.05,23.13,-28.18,48.37,79.62,113.90,70.53,22.17,-10.05
3615,14.09,-19.14,-33.22,2.50,23.66,-26.16,51.40,83.66,117.94,75.58,25.19,-9.04
3616,16.11,-23.18,-39.28,3.51,27.69,-31.20,50.39,86.69,119.96,77.60,29.23,-7.02
3617,6.01,-34.23,-40.24,14.09,23.13,-37.21,54.43,87.70,122.99,78.61,29.23,-7.02
3618,8.03,-29.23,-37.26,10.58,22.65,-33.22,57.46,90.73,126.02,82.65,33.27,-2.98
3619,7.02,-26.20,-33.22,9.57,20.10,-29.71,55.44,89.72,126.02,83.66,33.27,-5.00
3620,3.99,-26.20,-30.19,11.11,17.07,-28.18,62.51,96.79,131.07,87.70,37.26,-1.97
3621,7.02,-20.15,-27.17,6.54,17.07,-23.66,63.52,95.78,134.10,90.73,40.29,0.96
3622,10.05,-19.14,-29.19,4.52,19.62,-24.14,65.53,97.80,136.07,91.74,44.33,6.01
3623,12.07,-21.16,-33.22,4.52,22.65,-27.17,64.52,98.81,140.11,94.77,45.34,5.00
3624,8.03,-20.15,-28.18,6.06,18.08,-24.14,61.50,91.74,139.10,94.77,42.31,-6.01
3625,9.04,-24.18,-33.22,7.55,21.11,-28.70,67.51,101.79,141.12,95.78,45.34,-1.97
3626,11.06,-25.19,-36.25,7.07,23.66,-30.72,65.53,100.83,141.12,93.76,44.33,-2.98
3627,2.98,-22.17,-25.15,9.57,14.04,-23.66,61.50,98.81,141.12,97.80,47.36,0.00
3628,12.07,-24.18,-36.25,6.06,24.14,-30.19,66.54,103.81,148.19,101.79,50.39,0.00
3629,18.13,-22.17,-40.29,2.02,29.19,-31.20,69.53,107.85,150.21,101.79,48.37,-6.01
3630,14.09,-24.18,-38.27,5.05,26.16,-31.20,67.51,106.84,151.22,106.84,54.43,2.98
3631,18.13,-28.22,-46.35,5.05,32.21,-37.26,67.51,102.80,149.20,106.84,56.45,1.97
3632,13.08,-21.16,-34.23,4.04,23.66,-27.69,72.55,106.84,153.23,107.85,59.48,-0.96
3633,7.02,-19.14,-26.16,6.06,16.59,-22.65,79.62,110.87,157.27,110.87,60.49,0.00
3634,15.10,-20.15,-35.24,2.50,25.15,-27.69,75.58,106.84,155.25,112.89,60.49,1.97
3635,26.20,-14.09,-40.29,-6.06,33.22,-27.17,70.53,103.81,158.28,113.90,62.51,3.99
3636,19.14,-26.20,-45.34,3.51,32.21,-35.77,77.60,108.86,158.28,112.89,58.47,-3.99
3637,8.03,-38.27,-46.30,15.10,27.17,-42.26,72.55,105.83,158.28,112.89,60.49,-1.97
3638,2.98,-37.26,-40.24,17.12,21.59,-38.75,70.53,104.82,158.28,112.89,59.48,-1.97
3639,8.03,-37.26,-45.29,14.62,26.64,-41.25,68.52,106.84,160.30,111.88,60.49,0.96
3640,11.06,-27.21,-38.27,8.08,24.67,-32.74,63.52,104.82,161.31,115.92,64.52,12.07
3641,23.18,-19.14,-42.31,-2.02,32.74,-30.72,72.55,111.88,160.30,114.91,60.49,3.99
3642,26.20,-21.16,-47.36,-2.50,36.78,-34.23,73.56,109.87,161.31,112.89,59.48,0.96
3643,0.00,0.00,0.00,0.00,0.00,0.00,0.00,0.00,0.00,0.00,0.00,0.00
3644,0.00,0.00,0.00,0.00,0.00,0.00,0.00,0.00,0.00,0.00,0.00,0.00
3645,0.00,0.00,0.00,0.00,0.00,0.00,0.00,0.00,0.00,0.00,0.00,0.00
3646,0.00,0.00,0.00,0.00,0.00,0.00,0.00,0.00,0.00,0.00,0.00,0.00
3647,0.00,0.00,0.00,0.00,0.00,0.00,0.00,0.00,0.00,0.00,0.00,0.00
3648,0.00,0.00,0.00,0.00,0.00,0.00,0.00,0.00,0.00,0.00,0.00,0.00
3649,0.00,0.00,0.00,0.00,0.00,0.00,0.00,0.00,0.00,0.00,0.00,0.00
3650,0.00,0.00,0.00,0.00,0.00,0.00,0.00,0.00,0.00,0.00,0.00,0.00
3651,0.00,0.00,0.00,0.00,0.00,0.00,0.00,0.00,0.00,0.00,0.00,0.00
3652,0.00,0.00,0.00,0.00,0.00,0.00,0.00,0.00,0.00,0.00,0.00,0.00
3653,0.00,0.00,0.00,0.00,0.00,0.00,0.00,0.00,0.00,0.00,0.00,0.00
3654,0.00,0.00,0.00,0.00,0.00,0.00,0.00,0.00,0.00,0.00,0.00,0.00
3655,0.00,0.00,0.00,0.00,0.00,0.00,0.00,0.00,0.00,0.00,0.00,0.00
3656,0.00,0.00,0.00,0.00,0.00,0.00,0.00,0.00,0.00,0.00,0.00,0.00
3657,0.00,0.00,0.00,0.00,0.00,0.00,0.00,0.00,0.00,0.00,0.00,0.00
3658,0.00,0.00,0.00,0.00,0.00,0.00,0.00,0.00,0.00,0.00,0.00,0.00
3659,0.00,0.00,0.00,0.00,0.00,0.00,0.00,0.00,0.00,0.00,0.00,0.00
3660,0.00,0.00,0.00,0.00,0.00,0.00,0.00,0.00,0.00,0.00,0.00,0.00
3661,0.00,0.00,0.00,0.00,0.00,0.00,0.00,0.00,0.00,0.00,0.00,0.00
3662,0.00,0.00,0.00,0.00,0.00,0.00,0.00,0.00,0.00,0.00,0.00,0.00
3663,0.00,0.00,0.00,0.00,0.00,0.00,0.00,0.00,0.00,0.00,0.00,0.00
3664,0.00,0.00,0.00,0.00,0.00,0.00,0.00,0.00,0.00,0.00,0.00,0.00
3665,0.00,0.00,0.00,0.00,0.00,0.00,0.00,0.00,0.00,0.00,0.00,0.00
3666,0.00,0.00,0.00,0.00,0.00,0.00,0.00,0.00,0.00,0.00,0.00,0.00
3667,0.00,0.00,0.00,0.00,0.00,0.00,0.00,0.00,0.00,0.00,0.00,0.00
3668,0.00,0.00,0.00,0.00,0.00,0.00,0.00,0.00,0.00,0.00,0.00,0.00
3669,0.00,0.00,0.00,0.00,0.00,0.00,0.00,0.00,0.00,0.00,0.00,0.00
3670,0.00,0.00,0.00,0.00,0.00,0.00,0.00,0.00,0.00,0.00,0.00,0.00
3671,0.00,0.00,0.00,0.00,0.00,0.00,0.00,0.00,0.00,0.00,0.00,0.00
3672,0.00,0.00,0.00,0.00,0.00,0.00,0.00,0.00,0.00,0.00,0.00,0.00
3673,0.00,0.00,0.00,0.00,0.00,0.00,0.00,0.00,0.00,0.00,0.00,0.00
3674,0.00,0.00,0.00,0.00,0.00,0.00,0.00,0.00,0.00,0.00,0.00,0.00
3675,0.00,0.00,0.00,0.00,0.00,0.00,0.00,0.00,0.00,0.00,0.00,0.00
3676,0.00,0.00,0.00,0.00,0.00,0.00,0.00,0.00,0.00,0.00,0.00,0.00
3677,0.00,0.00,0.00,0.00,0.00,0.00,0.00,0.00,0.00,0.00,0.00,0.00
3678,0.00,0.00,0.00,0.00,0.00,0.00,0.00,0.00,0.00,0.00,0.00,0.00
3679,0.00,0.00,0.00,0.00,0.00,0.00,0.00,0.00,0.00,0.00,0.00,0.00
3680,0.00,0.00,0.00,0.00,0.00,0.00,0.00,0.00,0.00,0.00,0.00,0.00
3681,0.00,0.00,0.00,0.00,0.00,0.00,0.00,0.00,0.00,0.00,0.00,0.00
3682,0.00,0.00,0.00,0.00,0.00,0.00,0.00,0.00,0.00,0.00,0.00,0.00
3683,0.00,0.00,0.00,0.00,0.00,0.00,0.00,0.00,0.00,0.00,0.00,0.00
3684,0.00,0.00,0.00,0.00,0.00,0.00,0.00,0.00,0.00,0.00,0.00,0.00
3685,0.00,0.00,0.00,0.00,0.00,0.00,0.00,0.00,0.00,0.00,0.00,0.00
3686,0.00,0.00,0.00,0.00,0.00,0.00,0.00,0.00,0.00,0.00,0.00,0.00
3687,0.00,0.00,0.00,0.00,0.00,0.00,0.00,0.00,0.00,0.00,0.00,0.00
3688,0.00,0.00,0.00,0.00,0.00,0.00,0.00,0.00,0.00,0.00,0.00,0.00
3689,0.00,0.00,0.00,0.00,0.00,0.00,0.00,0.00,0.00,0.00,0.00,0.00
3690,0.00,0.00,0.00,0.00,0.00,0.00,0.00,0.00,0.00,0.00,0.00,0.00
3691,0.00,0.00,0.00,0.00,0.00,0.00,0.00,0.00,0.00,0.00,0.00,0.00
3692,0.00,0.00,0.00,0.00,0.00,0.00,0.00,0.00,0.00,0.00,0.00,0.00
3693,0.00,0.00,0.00,0.00,0.00,0.00,0.00,0.00,0.00,0.00,0.00,0.00
3694,0.00,0.00,0.00,0.00,0.00,0.00,0.00,0.00,0.00,0.00,0.00,0.00
3695,0.00,0.00,0.00,0.00,0.00,0.00,0.00,0.00,0.00,0.00,0.00,0.00
3696,0.00,0.00,0.00,0.00,0.00,0.00,0.00,0.00,0.00,0.00,0.00,0.00
3697,0.00,0.00,0.00,0.00,0.00,0.00,0.00,0.00,0.00,0.00,0.00,0.00
3698,0.00,0.00,0.00,0.00,0.00,0.00,0.00,0.00,0.00,0.00,0.00,0.00
3699,0.00,0.00,0.00,0.00,0.00,0.00,0.00,0.00,0.00,0.00,0.00,0.00
3700,0.00,0.00,0.00,0.00,0.00,0.00,0.00,0.00,0.00,0.00,0.00,0.00
3701,0.00,0.00,0.00,0.00,0.00,0.00,0.00,0.00,0.00,0.00,0.00,0.00
3702,0.00,0.00,0.00,0.00,0.00,0.00,0.00,0.00,0.00,0.00,0.00,0.00
3703,0.00,0.00,0.00,0.00,0.00,0.00,0.00,0.00,0.00,0.00,0.00,0.00
3704,0.00,0.00,0.00,0.00,0.00,0.00,0.00,0.00,0.00,0.00,0.00,0.00
3705,0.00,0.00,0.00,0.00,0.00,0.00,0.00,0.00,0.00,0.00,0.00,0.00
3706,0.00,0.00,0.00,0.00,0.00,0.00,0.00,0.00,0.00,0.00,0.00,0.00
3707,0.00,0.00,0.00,0.00,0.00,0.00,0.00,0.00,0.00,0.00,0.00,0.00
3708,0.00,0.00,0.00,0.00,0.00,0.00,0.00,0.00,0.00,0.00,0.00,0.00
3709,0.00,0.00,0.00,0.00,0.00,0.00,0.00,0.00,0.00,0.00,0.00,0.00
3710,0.00,0.00,0.00,0.00,0.00,0.00,0.00,0.00,0.00,0.00,0.00,0.00
3711,0.00,0.00,0.00,0.00,0.00,0.00,0.00,0.00,0.00,0.00,0.00,0.00
3712,0.00,0.00,0.00,0.00,0.00,0.00,0.00,0.00,0.00,0.00,0.00,0.00
3713,0.00,0.00,0.00,0.00,0.00,0.00,0.00,0.00,0.00,0.00,0.00,0.00
3714,0.00,0.00,0.00,0.00,0.00,0.00,0.00,0.00,0.00,0.00,0.00,0.00
3715,0.00,0.00,0.00,0.00,0.00,0.00,0.00,0.00,0.00,0.00,0.00,0.00
3716,0.00,0.00,0.00,0.00,0.00,0.00,0.00,0.00,0.00,0.00,0.00,0.00
3717,0.00,0.00,0.00,0.00,0.00,0.00,0.00,0.00,0.00,0.00,0.00,0.00
3718,0.00,0.00,0.00,0.00,0.00,0.00,0.00,0.00,0.00,0.00,0.00,0.00
3719,0.00,0.00,0.00,0.00,0.00,0.00,0.00,0.00,0.00,0.00,0.00,0.00
3720,0.00,0.00,0.00,0.00,0.00,0.00,0.00,0.00,0.00,0.00,0.00,0.00
3721,0.00,0.00,0.00,0.00,0.00,0.00,0.00,0.00,0.00,0.00,0.00,0.00
3722,0.00,0.00,0.00,0.00,0.00,0.00,0.00,0.00,0.00,0.00,0.00,0.00
3723,0.00,0.00,0.00,0.00,0.00,0.00,0.00,0.00,0.00,0.00,0.00,0.00
3724,0.00,0.00,0.00,0.00,0.00,0.00,0.00,0.00,0.00,0.00,0.00,0.00
3725,0.00,0.00,0.00,0.00,0.00,0.00,0.00,0.00,0.00,0.00,0.00,0.00
3726,0.00,0.00,0.00,0.00,0.00,0.00,0.00,0.00,0.00,0.00,0.00,0.00
3727,0.00,0.00,0.00,0.00,0.00,0.00,0.00,0.00,0.00,0.00,0.00,0.00
3728,0.00,0.00,0.00,0.00,0.00,0.00,0.00,0.00,0.00,0.00,0.00,0.00
3729,0.00,0.00,0.00,0.00,0.00,0.00,0.00,0.00,0.00,0.00,0.00,0.00
3730,0.00,0.00,0.00,0.00,0.00,0.00,0.00,0.00,0.00,0.00,0.00,0.00
3731,0.00,0.00,0.00,0.00,0.00,0.00,0.00,0.00,0.00,0.00,0.00,0.00
3732,0.00,0.00,0.00,0.00,0.00,0.00,0.00,0.00,0.00,0.00,0.00,0.00
3733,0.00,0.00,0.00,0.00,0.00,0.00,0.00,0.00,0.00,0.00,0.00,0.00
3734,0.00,0.00,0.00,0.00,0.00,0.00,0.00,0.00,0.00,0.00,0.00,0.00
3735,0.00,0.00,0.00,0.00,0.00,0.00,0.00,0.00,0.00,0.00,0.00,0.00
3736,0.00,0.00,0.00,0.00,0.00,0.00,0.00,0.00,0.00,0.00,0.00,0.00
3737,0.00,0.00,0.00,0.00,0.00,0.00,0.00,0.00,0.00,0.00,0.00,0.00
3738,0.00,0.00,0.00,0.00,0.00,0.00,0.00,0.00,0.00,0.00,0.00,0.00
3739,0.00,0.00,0.00,0.00,0.00,0.00,0.00,0.00,0.00,0.00,0.00,0.00
3740,0.00,0.00,0.00,0.00,0.00,0.00,0.00,0.00,0.00,0.00,0.00,0.00
3741,0.00,0.00,0.00,0.00,0.00,0.00,0.00,0.00,0.00,0.00,0.00,0.00
3742,0.00,0.00,0.00,0.00,0.00,0.00,0.00,0.00,0.00,0.00,0.00,0.00
3743,0.00,0.00,0.00,0.00,0.00,0.00,0.00,0.00,0.00,0.00,0.00,0.00
3744,0.00,0.00,0.00,0.00,0.00,0.00,0.00,0.00,0.00,0.00,0.00,0.00
3745,0.00,0.00,0.00,0.00,0.00,0.00,0.00,0.00,0.00,0.00,0.00,0.00
3746,0.00,0.00,0.00,0.00,0.00,0.00,0.00,0.00,0.00,0.00,0.00,0.00
3747,0.00,0.00,0.00,0.00,0.00,0.00,0.00,0.00,0.00,0.00,0.00,0.00
3748,0.00,0.00,0.00,0.00,0.00,0.00,0.00,0.00,0.00,0.00,0.00,0.00
3749,0.00,0.00,0.00,0.00,0.00,0.00,0.00,0.00,0.00,0.00,0.00,0.00
3750,0.00,0.00,0.00,0.00,0.00,0.00,0.00,0.00,0.00,0.00,0.00,0.00
3751,0.00,0.00,0.00,0.00,0.00,0.00,0.00,0.00,0.00,0.00,0.00,0.00
3752,0.00,0.00,0.00,0.00,0.00,0.00,0.00,0.00,0.00,0.00,0.00,0.00
3753,0.00,0.00,0.00,0.00,0.00,0.00,0.00,0.00,0.00,0.00,0.00,0.00
3754,0.00,0.00,0.00,0.00,0.00,0.00,0.00,0.00,0.00,0.00,0.00,0.00
3755,0.00,0.00,0.00,0.00,0.00,0.00,0.00,0.00,0.00,0.00,0.00,0.00
3756,0.00,0.00,0.00,0.00,0.00,0.00,0.00,0.00,0.00,0.00,0.00,0.00
3757,0.00,0.00,0.00,0.00,0.00,0.00,0.00,0.00,0.00,0.00,0.00,0.00
3758,0.00,0.00,0.00,0.00,0.00,0.00,0.00,0.00,0.00,0.00,0.00,0.00
3759,0.00,0.00,0.00,0.00,0.00,0.00,0.00,0.00,0.00,0.00,0.00,0.00
3760,0.00,0.00,0.00,0.00,0.00,0.00,0.00,0.00,0.00,0.00,0.00,0.00
3761,0.00,0.00,0.00,0.00,0.00,0.00,0.00,0.00,0.00,0.00,0.00,0.00
3762,0.00,0.00,0.00,0.00,0.00,0.00,0.00,0.00,0.00,0.00,0.00,0.00
3763,0.00,0.00,0.00,0.00,0.00,0.00,0.00,0.00,0.00,0.00,0.00,0.00
3764,0.00,0.00,0.00,0.00,0.00,0.00,0.00,0.00,0.00,0.00,0.00,0.00
3765,0.00,0.00,0.00,0.00,0.00,0.00,0.00,0.00,0.00,0.00,0.00,0.00
3766,0.00,0.00,0.00,0.00,0.00,0.00,0.00,0.00,0.00,0.00,0.00,0.00
3767,0.00,0.00,0.00,0.00,0.00,0.00,0.00,0.00,0.00,0.00,0.00,0.00
3768,0.00,0.00,0.00,0.00,0.00,0.00,0.00,0.00,0.00,0.00,0.00,0.00
3769,0.00,0.00,0.00,0.00,0.00,0.00,0.00,0.00,0.00,0.00,0.00,0.00
3770,0.00,0.00,0.00,0.00,0.00,0.00,0.00,0.00,0.00,0.00,0.00,0.00
3771,0.00,0.00,0.00,0.00,0.00,0.00,0.00,0.00,0.00,0.00,0.00,0.00
3772,0.00,0.00,0.00,0.00,0.00,0.00,0.00,0.00,0.00,0.00,0.00,0.00
3773,0.00,0.00,0.00,0.00,0.00,0.00,0.00,0.00,0.00,0.00,0.00,0.00
3774,0.00,0.00,0.00,0.00,0.00,0.00,0.00,0.00,0.00,0.00,0.00,0.00
3775,0.00,0.00,0.00,0.00,0.00,0.00,0.00,0.00,0.00,0.00,0.00,0.00
3776,0.00,0.00,0.00,0.00,0.00,0.00,0.00,0.00,0.00,0.00,0.00,0.00
3777,0.00,0.00,0.00,0.00,0.00,0.00,0.00,0.00,0.00,0.00,0.00,0.00
3778,0.00,0.00,0.00,0.00,0.00,0.00,0.00,0.00,0.00,0.00,0.00,0.00
3779,0.00,0.00,0.00,0.00,0.00,0.00,0.00,0.00,0.00,0.00,0.00,0.00
3780,0.00,0.00,0.00,0.00,0.00,0.00,0.00,0.00,0.00,0.00,0.00,0.00
3781,0.00,0.00,0.00,0.00,0.00,0.00,0.00,0.00,0.00,0.00,0.00,0.00
3782,0.00,0.00,0.00,0.00,0.00,0.00,0.00,0.00,0.00,0.00,0.00,0.00
3783,0.00,0.00,0.00,0.00,0.00,0.00,0.00,0.00,0.00,0.00,0.00,0.00
3784,0.00,0.00,0.00,0.00,0.00,0.00,0.00,0.00,0.00,0.00,0.00,0.00
3785,0.00,0.00,0.00,0.00,0.00,0.00,0.00,0.00,0.00,0.00,0.00,0.00
3786,0.00,0.00,0.00,0.00,0.00,0.00,0.00,0.00,0.00,0.00,0.00,0.00
3787,0.00,0.00,0.00,0.00,0.00,0.00,0.00,0.00,0.00,0.00,0.00,0.00
3788,0.00,0.00,0.00,0.00,0.00,0.00,0.00,0.00,0.00,0.00,0.00,0.00
3789,0.00,0.00,0.00,0.00,0.00,0.00,0.00,0.00,0.00,0.00,0.00,0.00
3790,0.00,0.00,0.00,0.00,0.00,0.00,0.00,0.00,0.00,0.00,0.00,0.00
3791,0.00,0.00,0.00,0.00,0.00,0.00,0.00,0.00,0.00,0.00,0.00,0.00
3792,0.00,0.00,0.00,0.00,0.00,0.00,0.00,0.00,0.00,0.00,0.00,0.00
3793,0.00,0.00,0.00,0.00,0.00,0.00,0.00,0.00,0.00,0.00,0.00,0.00
3794,0.00,0.00,0.00,0.00,0.00,0.00,0.00,0.00,0.00,0.00,0.00,0.00
3795,0.00,0.00,0.00,0.00,0.00,0.00,0.00,0.00,0.00,0.00,0.00,0.00
3796,0.00,0.00,0.00,0.00,0.00,0.00,0.00,0.00,0.00,0.00,0.00,0.00
3797,0.00,0.00,0.00,0.00,0.00,0.00,0.00,0.00,0.00,0.00,0.00,0.00
3798,0.00,0.00,0.00,0.00,0.00,0.00,0.00,0.00,0.00,0.00,0.00,0.00
3799,0.00,0.00,0.00,0.00,0.00,0.00,0.00,0.00,0.00,0.00,0.00,0.00
3800,0.00,0.00,0.00,0.00,0.00,0.00,0.00,0.00,0.00,0.00,0.00,0.00
3801,0.00,0.00,0.00,0.00,0.00,0.00,0.00,0.00,0.00,0.00,0.00,0.00
3802,0.00,0.00,0.00,0.00,0.00,0.00,0.00,0.00,0.00,0.00,0.00,0.00
3803,0.00,0.00,0.00,0.00,0.00,0.00,0.00,0.00,0.00,0.00,0.00,0.00
3804,0.00,0.00,0.00,0.00,0.00,0.00,0.00,0.00,0.00,0.00,0.00,0.00
3805,0.00,0.00,0.00,0.00,0.00,0.00,0.00,0.00,0.00,0.00,0.00,0.00
3806,0.00,0.00,0.00,0.00,0.00,0.00,0.00,0.00,0.00,0.00,0.00,0.00
3807,0.00,0.00,0.00,0.00,0.00,0.00,0.00,0.00,0.00,0.00,0.00,0.00
3808,0.00,0.00,0.00,0.00,0.00,0.00,0.00,0.00,0.00,0.00,0.00,0.00
3809,0.00,0.00,0.00,0.00,0.00,0.00,0.00,0.00,0.00,0.00,0.00,0.00
3810,0.00,0.00,0.00,0.00,0.00,0.00,0.00,0.00,0.00,0.00,0.00,0.00
3811,0.00,0.00,0.00,0.00,0.00,0.00,0.00,0.00,0.00,0.00,0.00,0.00
3812,0.00,0.00,0.00,0.00,0.00,0.00,0.00,0.00,0.00,0.00,0.00,0.00
3813,0.00,0.00,0.00,0.00,0.00,0.00,0.00,0.00,0.00,0.00,0.00,0.00
3814,0.00,0.00,0.00,0.00,0.00,0.00,0.00,0.00,0.00,0.00,0.00,0.00
3815,0.00,0.00,0.00,0.00,0.00,0.00,0.00,0.00,0.00,0.00,0.00,0.00
3816,0.00,0.00,0.00,0.00,0.00,0.00,0.00,0.00,0.00,0.00,0.00,0.00
3817,0.00,0.00,0.00,0.00,0.00,0.00,0.00,0.00,0.00,0.00,0.00,0.00
3818,0.00,0.00,0.00,0.00,0.00,0.00,0.00,0.00,0.00,0.00,0.00,0.00
3819,0.00,0.00,0.00,0.00,0.00,0.00,0.00,0.00,0.00,0.00,0.00,0.00
3820,0.00,0.00,0.00,0.00,0.00,0.00,0.00,0.00,0.00,0.00,0.00,0.00
3821,0.00,0.00,0.00,0.00,0.00,0.00,0.00,0.00,0.00,0.00,0.00,0.00
3822,0.00,0.00,0.00,0.00,0.00,0.00,0.00,0.00,0.00,0.00,0.00,0.00
3823,0.00,0.00,0.00,0.00,0.00,0.00,0.00,0.00,0.00,0.00,0.00,0.00
3824,0.00,0.00,0.00,0.00,0.00,0.00,0.00,0.00,0.00,0.00,0.00,0.00
3825,0.00,0.00,0.00,0.00,0.00,0.00,0.00,0.00,0.00,0.00,0.00,0.00
3826,0.00,0.00,0.00,0.00,0.00,0.00,0.00,0.00,0.00,0.00,0.00,0.00
3827,0.00,0.00,0.00,0.00,0.00,0.00,0.00,0.00,0.00,0.00,0.00,0.00
3828,0.00,0.00,0.00,0.00,0.00,0.00,0.00,0.00,0.00,0.00,0.00,0.00
3829,0.00,0.00,0.00,0.00,0.00,0.00,0.00,0.00,0.00,0.00,0.00,0.00
3830,0.00,0.00,0.00,0.00,0.00,0.00,0.00,0.00,0.00,0.00,0.00,0.00
3831,0.00,0.00,0.00,0.00,0.00,0.00,0.00,0.00,0.00,0.00,0.00,0.00
3832,0.00,0.00,0.00,0.00,0.00,0.00,0.00,0.00,0.00,0.00,0.00,0.00
3833,0.00,0.00,0.00,0.00,0.00,0.00,0.00,0.00,0.00,0.00,0.00,0.00
3834,0.00,0.00,0.00,0.00,0.00,0.00,0.00,0.00,0.00,0.00,0.00,0.00
3835,0.00,0.00,0.00,0.00,0.00,0.00,0.00,0.00,0.00,0.00,0.00,0.00
3836,0.00,0.00,0.00,0.00,0.00,0.00,0.00,0.00,0.00,0.00,0.00,0.00
3837,0.00,0.00,0.00,0.00,0.00,0.00,0.00,0.00,0.00,0.00,0.00,0.00
3838,0.00,0.00,0.00,0.00,0.00,0.00,0.00,0.00,0.00,0.00,0.00,0.00
3839,0.00,0.00,0.00,0.00,0.00,0.00,0.00,0.00,0.00,0.00,0.00,0.00
3840,0.00,0.00,0.00,0.00,0.00,0.00,0.00,0.00,0.00,0.00,0.00,0.00
3841,0.00,0.00,0.00,0.00,0.00,0.00,0.00,0.00,0.00,0.00,0.00,0.00
3842,0.00,0.00,0.00,0.00,0.00,0.00,0.00,0.00,0.00,0.00,0.00,0.00
3843,0.00,0.00,0.00,0.00,0.00,0.00,0.00,0.00,0.00,0.00,0.00,0.00
3844,0.00,0.00,0.00,0.00,0.00,0.00,0.00,0.00,0.00,0.00,0.00,0.00
3845,0.00,0.00,0.00,0.00,0.00,0.00,0.00,0.00,0.00,0.00,0.00,0.00
3846,0.00,0.00,0.00,0.00,0.00,0.00,0.00,0.00,0.00,0.00,0.00,0.00
3847,0.00,0.00,0.00,0.00,0.00,0.00,0.00,0.00,0.00,0.00,0.00,0.00
3848,0.00,0.00,0.00,0.00,0.00,0.00,0.00,0.00,0.00,0.00,0.00,0.00
3849,0.00,0.00,0.00,0.00,0.00,0.00,0.00,0.00,0.00,0.00,0.00,0.00
3850,0.00,0.00,0.00,0.00,0.00,0.00,0.00,0.00,0.00,0.00,0.00,0.00
3851,0.00,0.00,0.00,0.00,0.00,0.00,0.00,0.00,0.00,0.00,0.00,0.00
3852,0.00,0.00,0.00,0.00,0.00,0.00,0.00,0.00,0.00,0.00,0.00,0.00
3853,0.00,0.00,0.00,0.00,0.00,0.00,0.00,0.00,0.00,0.00,0.00,0.00
3854,0.00,0.00,0.00,0.00,0.00,0.00,0.00,0.00,0.00,0.00,0.00,0.00
3855,0.00,0.00,0.00,0.00,0.00,0.00,0.00,0.00,0.00,0.00,0.00,0.00
3856,0.00,0.00,0.00,0.00,0.00,0.00,0.00,0.00,0.00,0.00,0.00,0.00
3857,0.00,0.00,0.00,0.00,0.00,0.00,0.00,0.00,0.00,0.00,0.00,0.00
3858,0.00,0.00,0.00,0.00,0.00,0.00,0.00,0.00,0.00,0.00,0.00,0.00
3859,0.00,0.00,0.00,0.00,0.00,0.00,0.00,0.00,0.00,0.00,0.00,0.00
3860,0.00,0.00,0.00,0.00,0.00,0.00,0.00,0.00,0.00,0.00,0.00,0.00
3861,0.00,0.00,0.00,0.00,0.00,0.00,0.00,0.00,0.00,0.00,0.00,0.00
3862,0.00,0.00,0.00,0.00,0.00,0.00,0.00,0.00,0.00,0.00,0.00,0.00
3863,0.00,0.00,0.00,0.00,0.00,0.00,0.00,0.00,0.00,0.00,0.00,0.00
3864,0.00,0.00,0.00,0.00,0.00,0.00,0.00,0.00,0.00,0.00,0.00,0.00
3865,0.00,0.00,0.00,0.00,0.00,0.00,0.00,0.00,0.00,0.00,0.00,0.00
3866,0.00,0.00,0.00,0.00,0.00,0.00,0.00,0.00,0.00,0.00,0.00,0.00
3867,0.00,0.00,0.00,0.00,0.00,0.00,0.00,0.00,0.00,0.00,0.00,0.00
3868,0.00,0.00,0.00,0.00,0.00,0.00,0.00,0.00,0.00,0.00,0.00,0.00
3869,0.00,0.00,0.00,0.00,0.00,0.00,0.00,0.00,0.00,0.00,0.00,0.00
3870,0.00,0.00,0.00,0.00,0.00,0.00,0.00,0.00,0.00,0.00,0.00,0.00
3871,0.00,0.00,0.00,0.00,0.00,0.00,0.00,0.00,0.00,0.00,0.00,0.00
3872,0.00,0.00,0.00,0.00,0.00,0.00,0.00,0.00,0.00,0.00,0.00,0.00
3873,0.00,0.00,0.00,0.00,0.00,0.00,0.00,0.00,0.00,0.00,0.00,0.00
3874,0.00,0.00,0.00,0.00,0.00,0.00,0.00,0.00,0.00,0.00,0.00,0.00
3875,0.00,0.00,0.00,0.00,0.00,0.00,0.00,0.00,0.00,0.00,0.00,0.00
3876,0.00,0.00,0.00,0.00,0.00,0.00,0.00,0.00,0.00,0.00,0.00,0.00
3877,0.00,0.00,0.00,0.00,0.00,0.00,0.00,0.00,0.00,0.00,0.00,0.00
3878,0.00,0.00,0.00,0.00,0.00,0.00,0.00,0.00,0.00,0.00,0.00,0.00
3879,0.00,0.00,0.00,0.00,0.00,0.00,0.00,0.00,0.00,0.00,0.00,0.00
3880,0.00,0.00,0.00,0.00,0.00,0.00,0.00,0.00,0.00,0.00,0.00,0.00
3881,0.00,0.00,0.00,0.00,0.00,0.00,0.00,0.00,0.00,0.00,0.00,0.00
3882,0.00,0.00,0.00,0.00,0.00,0.00,0.00,0.00,0.00,0.00,0.00,0.00
3883,0.00,0.00,0.00,0.00,0.00,0.00,0.00,0.00,0.00,0.00,0.00,0.00
3884,0.00,0.00,0.00,0.00,0.00,0.00,0.00,0.00,0.00,0.00,0.00,0.00
3885,0.00,0.00,0.00,0.00,0.00,0.00,0.00,0.00,0.00,0.00,0.00,0.00
3886,0.00,0.00,0.00,0.00,0.00,0.00,0.00,0.00,0.00,0.00,0.00,0.00
3887,0.00,0.00,0.00,0.00,0.00,0.00,0.00,0.00,0.00,0.00,0.00,0.00
3888,0.00,0.00,0.00,0.00,0.00,0.00,0.00,0.00,0.00,0.00,0.00,0.00
3889,0.00,0.00,0.00,0.00,0.00,0.00,0.00,0.00,0.00,0.00,0.00,0.00
3890,0.00,0.00,0.00,0.00,0.00,0.00,0.00,0.00,0.00,0.00,0.00,0.00
3891,0.00,0.00,0.00,0.00,0.00,0.00,0.00,0.00,0.00,0.00,0.00,0.00
3892,0.00,0.00,0.00,0.00,0.00,0.00,0.00,0.00,0.00,0.00,0.00,0.00
3893,0.00,0.00,0.00,0.00,0.00,0.00,0.00,0.00,0.00,0.00,0.00,0.00
3894,0.00,0.00,0.00,0.00,0.00,0.00,0.00,0.00,0.00,0.00,0.00,0.00
3895,0.00,0.00,0.00,0.00,0.00,0.00,0.00,0.00,0.00,0.00,0.00,0.00
3896,0.00,0.00,0.00,0.00,0.00,0.00,0.00,0.00,0.00,0.00,0.00,0.00
3897,0.00,0.00,0.00,0.00,0.00,0.00,0.00,0.00,0.00,0.00,0.00,0.00
3898,0.00,0.00,0.00,0.00,0.00,0.00,0.00,0.00,0.00,0.00,0.00,0.00
3899,0.00,0.00,0.00,0.00,0.00,0.00,0.00,0.00,0.00,0.00,0.00,0.00
3900,0.00,0.00,0.00,0.00,0.00,0.00,0.00,0.00,0.00,0.00,0.00,0.00
3901,0.00,0.00,0.00,0.00,0.00,0.00,0.00,0.00,0.00,0.00,0.00,0.00
3902,0.00,0.00,0.00,0.00,0.00,0.00,0.00,0.00,0.00,0.00,0.00,0.00
3903,0.00,0.00,0.00,0.00,0.00,0.00,0.00,0.00,0.00,0.00,0.00,0.00
3904,0.00,0.00,0.00,0.00,0.00,0.00,0.00,0.00,0.00,0.00,0.00,0.00
3905,0.00,0.00,0.00,0.00,0.00,0.00,0.00,0.00,0.00,0.00,0.00,0.00
3906,0.00,0.00,0.00,0.00,0.00,0.00,0.00,0.00,0.00,0.00,0.00,0.00
3907,0.00,0.00,0.00,0.00,0.00,0.00,0.00,0.00,0.00,0.00,0.00,0.00
3908,0.00,0.00,0.00,0.00,0.00,0.00,0.00,0.00,0.00,0.00,0.00,0.00
3909,0.00,0.00,0.00,0.00,0.00,0.00,0.00,0.00,0.00,0.00,0.00,0.00
3910,0.00,0.00,0.00,0.00,0.00,0.00,0.00,0.00,0.00,0.00,0.00,0.00
3911,0.00,0.00,0.00,0.00,0.00,0.00,0.00,0.00,0.00,0.00,0.00,0.00
3912,0.00,0.00,0.00,0.00,0.00,0.00,0.00,0.00,0.00,0.00,0.00,0.00
3913,0.00,0.00,0.00,0.00,0.00,0.00,0.00,0.00,0.00,0.00,0.00,0.00
3914,0.00,0.00,0.00,0.00,0.00,0.00,0.00,0.00,0.00,0.00,0.00,0.00
3915,0.00,0.00,0.00,0.00,0.00,0.00,0.00,0.00,0.00,0.00,0.00,0.00
3916,0.00,0.00,0.00,0.00,0.00,0.00,0.00,0.00,0.00,0.00,0.00,0.00
3917,0.00,0.00,0.00,0.00,0.00,0.00,0.00,0.00,0.00,0.00,0.00,0.00
3918,0.00,0.00,0.00,0.00,0.00,0.00,0.00,0.00,0.00,0.00,0.00,0.00
3919,0.00,0.00,0.00,0.00,0.00,0.00,0.00,0.00,0.00,0.00,0.00,0.00
3920,0.00,0.00,0.00,0.00,0.00,0.00,0.00,0.00,0.00,0.00,0.00,0.00
3921,0.00,0.00,0.00,0.00,0.00,0.00,0.00,0.00,0.00,0.00,0.00,0.00
3922,0.00,0.00,0.00,0.00,0.00,0.00,0.00,0.00,0.00,0.00,0.00,0.00
3923,0.00,0.00,0.00,0.00,0.00,0.00,0.00,0.00,0.00,0.00,0.00,0.00
3924,0.00,0.00,0.00,0.00,0.00,0.00,0.00,0.00,0.00,0.00,0.00,0.00
3925,0.00,0.00,0.00,0.00,0.00,0.00,0.00,0.00,0.00,0.00,0.00,0.00
3926,0.00,0.00,0.00,0.00,0.00,0.00,0.00,0.00,0.00,0.00,0.00,0.00
3927,0.00,0.00,0.00,0.00,0.00,0.00,0.00,0.00,0.00,0.00,0.00,0.00
3928,0.00,0.00,0.00,0.00,0.00,0.00,0.00,0.00,0.00,0.00,0.00,0.00
3929,0.00,0.00,0.00,0.00,0.00,0.00,0.00,0.00,0.00,0.00,0.00,0.00
3930,0.00,0.00,0.00,0.00,0.00,0.00,0.00,0.00,0.00,0.00,0.00,0.00
3931,0.00,0.00,0.00,0.00,0.00,0.00,0.00,0.00,0.00,0.00,0.00,0.00
3932,0.00,0.00,0.00,0.00,0.00,0.00,0.00,0.00,0.00,0.00,0.00,0.00
3933,0.00,0.00,0.00,0.00,0.00,0.00,0.00,0.00,0.00,0.00,0.00,0.00
3934,0.00,0.00,0.00,0.00,0.00,0.00,0.00,0.00,0.00,0.00,0.00,0.00
3935,0.00,0.00,0.00,0.00,0.00,0.00,0.00,0.00,0.00,0.00,0.00,0.00
3936,0.00,0.00,0.00,0.00,0.00,0.00,0.00,0.00,0.00,0.00,0.00,0.00
3937,0.00,0.00,0.00,0.00,0.00,0.00,0.00,0.00,0.00,0.00,0.00,0.00
3938,0.00,0.00,0.00,0.00,0.00,0.00,0.00,0.00,0.00,0.00,0.00,0.00
3939,0.00,0.00,0.00,0.00,0.00,0.00,0.00,0.00,0.00,0.00,0.00,0.00
3940,0.00,0.00,0.00,0.00,0.00,0.00,0.00,0.00,0.00,0.00,0.00,0.00
3941,0.00,0.00,0.00,0.00,0.00,0.00,0.00,0.00,0.00,0.00,0.00,0.00
3942,0.00,0.00,0.00,0.00,0.00,0.00,0.00,0.00,0.00,0.00,0.00,0.00
3943,0.00,0.00,0.00,0.00,0.00,0.00,0.00,0.00,0.00,0.00,0.00,0.00
3944,0.00,0.00,0.00,0.00,0.00,0.00,0.00,0.00,0.00,0.00,0.00,0.00
3945,0.00,0.00,0.00,0.00,0.00,0.00,0.00,0.00,0.00,0.00,0.00,0.00
3946,0.00,0.00,0.00,0.00,0.00,0.00,0.00,0.00,0.00,0.00,0.00,0.00
3947,0.00,0.00,0.00,0.00,0.00,0.00,0.00,0.00,0.00,0.00,0.00,0.00
3948,0.00,0.00,0.00,0.00,0.00,0.00,0.00,0.00,0.00,0.00,0.00,0.00
3949,0.00,0.00,0.00,0.00,0.00,0.00,0.00,0.00,0.00,0.00,0.00,0.00
3950,0.00,0.00,0.00,0.00,0.00,0.00,0.00,0.00,0.00,0.00,0.00,0.00
3951,0.00,0.00,0.00,0.00,0.00,0.00,0.00,0.00,0.00,0.00,0.00,0.00
3952,0.00,0.00,0.00,0.00,0.00,0.00,0.00,0.00,0.00,0.00,0.00,0.00
3953,0.00,0.00,0.00,0.00,0.00,0.00,0.00,0.00,0.00,0.00,0.00,0.00
3954,0.00,0.00,0.00,0.00,0.00,0.00,0.00,0.00,0.00,0.00,0.00,0.00
3955,0.00,0.00,0.00,0.00,0.00,0.00,0.00,0.00,0.00,0.00,0.00,0.00
3956,0.00,0.00,0.00,0.00,0.00,0.00,0.00,0.00,0.00,0.00,0.00,0.00
3957,0.00,0.00,0.00,0.00,0.00,0.00,0.00,0.00,0.00,0.00,0.00,0.00
3958,0.00,0.00,0.00,0.00,0.00,0.00,0.00,0.00,0.00,0.00,0.00,0.00
3959,0.00,0.00,0.00,0.00,0.00,0.00,0.00,0.00,0.00,0.00,0.00,0.00
3960,0.00,0.00,0.00,0.00,0.00,0.00,0.00,0.00,0.00,0.00,0.00,0.00
3961,0.00,0.00,0.00,0.00,0.00,0.00,0.00,0.00,0.00,0.00,0.00,0.00
3962,0.00,0.00,0.00,0.00,0.00,0.00,0.00,0.00,0.00,0.00,0.00,0.00
3963,0.00,0.00,0.00,0.00,0.00,0.00,0.00,0.00,0.00,0.00,0.00,0.00
3964,0.00,0.00,0.00,0.00,0.00,0.00,0.00,0.00,0.00,0.00,0.00,0.00
3965,0.00,0.00,0.00,0.00,0.00,0.00,0.00,0.00,0.00,0.00,0.00,0.00
3966,0.00,0.00,0.00,0.00,0.00,0.00,0.00,0.00,0.00,0.00,0.00,0.00
3967,0.00,0.00,0.00,0.00,0.00,0.00,0.00,0.00,0.00,0.00,0.00,0.00
3968,0.00,0.00,0.00,0.00,0.00,0.00,0.00,0.00,0.00,0.00,0.00,0.00
3969,0.00,0.00,0.00,0.00,0.00,0.00,0.00,0.00,0.00,0.00,0.00,0.00
3970,0.00,0.00,0.00,0.00,0.00,0.00,0.00,0.00,0.00,0.00,0.00,0.00
3971,0.00,0.00,0.00,0.00,0.00,0.00,0.00,0.00,0.00,0.00,0.00,0.00
3972,0.00,0.00,0.00,0.00,0.00,0.00,0.00,0.00,0.00,0.00,0.00,0.00
3973,0.00,0.00,0.00,0.00,0.00,0.00,0.00,0.00,0.00,0.00,0.00,0.00
3974,0.00,0.00,0.00,0.00,0.00,0.00,0.00,0.00,0.00,0.00,0.00,0.00
3975,0.00,0.00,0.00,0.00,0.00,0.00,0.00,0.00,0.00,0.00,0.00,0.00
3976,0.00,0.00,0.00,0.00,0.00,0.00,0.00,0.00,0.00,0.00,0.00,0.00
3977,0.00,0.00,0.00,0.00,0.00,0.00,0.00,0.00,0.00,0.00,0.00,0.00
3978,0.00,0.00,0.00,0.00,0.00,0.00,0.00,0.00,0.00,0.00,0.00,0.00
3979,0.00,0.00,0.00,0.00,0.00,0.00,0.00,0.00,0.00,0.00,0.00,0.00
3980,0.00,0.00,0.00,0.00,0.00,0.00,0.00,0.00,0.00,0.00,0.00,0.00
3981,0.00,0.00,0.00,0.00,0.00,0.00,0.00,0.00,0.00,0.00,0.00,0.00
3982,0.00,0.00,0.00,0.00,0.00,0.00,0.00,0.00,0.00,0.00,0.00,0.00
3983,0.00,0.00,0.00,0.00,0.00,0.00,0.00,0.00,0.00,0.00,0.00,0.00
3984,0.00,0.00,0.00,0.00,0.00,0.00,0.00,0.00,0.00,0.00,0.00,0.00
3985,0.00,0.00,0.00,0.00,0.00,0.00,0.00,0.00,0.00,0.00,0.00,0.00
3986,0.00,0.00,0.00,0.00,0.00,0.00,0.00,0.00,0.00,0.00,0.00,0.00
3987,0.00,0.00,0.00,0.00,0.00,0.00,0.00,0.00,0.00,0.00,0.00,0.00
3988,0.00,0.00,0.00,0.00,0.00,0.00,0.00,0.00,0.00,0.00,0.00,0.00
3989,0.00,0.00,0.00,0.00,0.00,0.00,0.00,0.00,0.00,0.00,0.00,0.00
3990,0.00,0.00,0.00,0.00,0.00,0.00,0.00,0.00,0.00,0.00,0.00,0.00
3991,0.00,0.00,0.00,0.00,0.00,0.00,0.00,0.00,0.00,0.00,0.00,0.00
3992,0.00,0.00,0.00,0.00,0.00,0.00,0.00,0.00,0.00,0.00,0.00,0.00
3993,0.00,0.00,0.00,0.00,0.00,0.00,0.00,0.00,0.00,0.00,0.00,0.00
3994,0.00,0.00,0.00,0.00,0.00,0.00,0.00,0.00,0.00,0.00,0.00,0.00
3995,0.00,0.00,0.00,0.00,0.00,0.00,0.00,0.00,0.00,0.00,0.00,0.00
3996,0.00,0.00,0.00,0.00,0.00,0.00,0.00,0.00,0.00,0.00,0.00,0.00
3997,0.00,0.00,0.00,0.00,0.00,0.00,0.00,0.00,0.00,0.00,0.00,0.00
3998,0.00,0.00,0.00,0.00,0.00,0.00,0.00,0.00,0.00,0.00,0.00,0.00
3999,0.00,0.00,0.00,0.00,0.00,0.00,0.00,0.00,0.00,0.00,0.00,0.00
4000,0.00,0.00,0.00,0.00,0.00,0.00,0.00,0.00,0.00,0.00,0.00,0.00
4001,0.00,0.00,0.00,0.00,0.00,0.00,0.00,0.00,0.00,0.00,0.00,0.00
4002,0.00,0.00,0.00,0.00,0.00,0.00,0.00,0.00,0.00,0.00,0.00,0.00
4003,0.00,0.00,0.00,0.00,0.00,0.00,0.00,0.00,0.00,0.00,0.00,0.00
4004,0.00,0.00,0.00,0.00,0.00,0.00,0.00,0.00,0.00,0.00,0.00,0.00
4005,0.00,0.00,0.00,0.00,0.00,0.00,0.00,0.00,0.00,0.00,0.00,0.00
4006,0.00,0.00,0.00,0.00,0.00,0.00,0.00,0.00,0.00,0.00,0.00,0.00
4007,0.00,0.00,0.00,0.00,0.00,0.00,0.00,0.00,0.00,0.00,0.00,0.00
4008,0.00,0.00,0.00,0.00,0.00,0.00,0.00,0.00,0.00,0.00,0.00,0.00
4009,0.00,0.00,0.00,0.00,0.00,0.00,0.00,0.00,0.00,0.00,0.00,0.00
4010,0.00,0.00,0.00,0.00,0.00,0.00,0.00,0.00,0.00,0.00,0.00,0.00
4011,0.00,0.00,0.00,0.00,0.00,0.00,0.00,0.00,0.00,0.00,0.00,0.00
4012,0.00,0.00,0.00,0.00,0.00,0.00,0.00,0.00,0.00,0.00,0.00,0.00
4013,0.00,0.00,0.00,0.00,0.00,0.00,0.00,0.00,0.00,0.00,0.00,0.00
4014,0.00,0.00,0.00,0.00,0.00,0.00,0.00,0.00,0.00,0.00,0.00,0.00
4015,0.00,0.00,0.00,0.00,0.00,0.00,0.00,0.00,0.00,0.00,0.00,0.00
4016,0.00,0.00,0.00,0.00,0.00,0.00,0.00,0.00,0.00,0.00,0.00,0.00
4017,0.00,0.00,0.00,0.00,0.00,0.00,0.00,0.00,0.00,0.00,0.00,0.00
4018,0.00,0.00,0.00,0.00,0.00,0.00,0.00,0.00,0.00,0.00,0.00,0.00
4019,0.00,0.00,0.00,0.00,0.00,0.00,0.00,0.00,0.00,0.00,0.00,0.00
4020,0.00,0.00,0.00,0.00,0.00,0.00,0.00,0.00,0.00,0.00,0.00,0.00
4021,0.00,0.00,0.00,0.00,0.00,0.00,0.00,0.00,0.00,0.00,0.00,0.00
4022,0.00,0.00,0.00,0.00,0.00,0.00,0.00,0.00,0.00,0.00,0.00,0.00
4023,0.00,0.00,0.00,0.00,0.00,0.00,0.00,0.00,0.00,0.00,0.00,0.00
4024,0.00,0.00,0.00,0.00,0.00,0.00,0.00,0.00,0.00,0.00,0.00,0.00
4025,0.00,0.00,0.00,0.00,0.00,0.00,0.00,0.00,0.00,0.00,0.00,0.00
4026,0.00,0.00,0.00,0.00,0.00,0.00,0.00,0.00,0.00,0.00,0.00,0.00
4027,0.00,0.00,0.00,0.00,0.00,0.00,0.00,0.00,0.00,0.00,0.00,0.00
4028,0.00,0.00,0.00,0.00,0.00,0.00,0.00,0.00,0.00,0.00,0.00,0.00
4029,0.00,0.00,0.00,0.00,0.00,0.00,0.00,0.00,0.00,0.00,0.00,0.00
4030,0.00,0.00,0.00,0.00,0.00,0.00,0.00,0.00,0.00,0.00,0.00,0.00
4031,0.00,0.00,0.00,0.00,0.00,0.00,0.00,0.00,0.00,0.00,0.00,0.00
4032,0.00,0.00,0.00,0.00,0.00,0.00,0.00,0.00,0.00,0.00,0.00,0.00
4033,0.00,0.00,0.00,0.00,0.00,0.00,0.00,0.00,0.00,0.00,0.00,0.00
4034,0.00,0.00,0.00,0.00,0.00,0.00,0.00,0.00,0.00,0.00,0.00,0.00
4035,0.00,0.00,0.00,0.00,0.00,0.00,0.00,0.00,0.00,0.00,0.00,0.00
4036,0.00,0.00,0.00,0.00,0.00,0.00,0.00,0.00,0.00,0.00,0.00,0.00
4037,0.00,0.00,0.00,0.00,0.00,0.00,0.00,0.00,0.00,0.00,0.00,0.00
4038,0.00,0.00,0.00,0.00,0.00,0.00,0.00,0.00,0.00,0.00,0.00,0.00
4039,0.00,0.00,0.00,0.00,0.00,0.00,0.00,0.00,0.00,0.00,0.00,0.00
4040,0.00,0.00,0.00,0.00,0.00,0.00,0.00,0.00,0.00,0.00,0.00,0.00
4041,0.00,0.00,0.00,0.00,0.00,0.00,0.00,0.00,0.00,0.00,0.00,0.00
4042,0.00,0.00,0.00,0.00,0.00,0.00,0.00,0.00,0.00,0.00,0.00,0.00
4043,0.00,0.00,0.00,0.00,0.00,0.00,0.00,0.00,0.00,0.00,0.00,0.00
4044,0.00,0.00,0.00,0.00,0.00,0.00,0.00,0.00,0.00,0.00,0.00,0.00
4045,0.00,0.00,0.00,0.00,0.00,0.00,0.00,0.00,0.00,0.00,0.00,0.00
4046,0.00,0.00,0.00,0.00,0.00,0.00,0.00,0.00,0.00,0.00,0.00,0.00
4047,0.00,0.00,0.00,0.00,0.00,0.00,0.00,0.00,0.00,0.00,0.00,0.00
4048,0.00,0.00,0.00,0.00,0.00,0.00,0.00,0.00,0.00,0.00,0.00,0.00
4049,0.00,0.00,0.00,0.00,0.00,0.00,0.00,0.00,0.00,0.00,0.00,0.00
4050,0.00,0.00,0.00,0.00,0.00,0.00,0.00,0.00,0.00,0.00,0.00,0.00
4051,0.00,0.00,0.00,0.00,0.00,0.00,0.00,0.00,0.00,0.00,0.00,0.00
4052,0.00,0.00,0.00,0.00,0.00,0.00,0.00,0.00,0.00,0.00,0.00,0.00
4053,45.34,-37.26,-82.60,-4.04,63.95,-59.91,58.47,99.82,177.42,139.10,92.75,15.10
4054,43.32,-30.24,-73.56,-6.54,58.42,-51.88,57.46,96.79,178.43,142.13,94.77,18.13
4055,45.34,-26.20,-71.54,-9.57,58.42,-48.85,59.48,101.79,181.46,144.15,95.78,19.14
4056,50.39,-25.19,-75.58,-12.60,62.99,-50.39,65.53,104.82,181.46,146.17,98.81,20.15
4057,45.34,-21.16,-66.50,-12.07,55.92,-43.80,67.51,106.84,184.49,149.20,102.80,26.20
4058,39.28,-25.19,-64.48,-7.02,51.88,-44.81,72.55,107.85,186.51,151.22,102.80,27.21
4059,41.30,-26.20,-67.51,-7.55,54.38,-46.83,58.47,97.80,178.43,144.15,96.79,18.13
4060,51.40,-24.18,-75.58,-13.61,63.47,-49.86,54.43,96.79,175.40,139.10,93.76,20.15
4061,58.47,-18.13,-76.59,-20.15,67.51,-47.36,70.53,106.84,178.43,143.14,96.79,22.17
4062,37.26,-31.25,-68.52,-2.98,52.89,-49.86,65.53,105.83,177.42,144.15,95.78,18.13
4063,24.18,-39.28,-63.47,7.55,43.80,-51.35,65.53,103.81,174.39,141.12,91.74,14.09
4064,32.26,-29.23,-61.50,-1.49,46.88,-45.34,61.50,100.83,170.35,139.10,88.71,11.06
4065,28.22,-34.23,-62.46,2.98,45.34,-48.32,61.50,97.80,170.35,139.10,88.71,15.10
4066,36.25,-25.19,-61.45,-5.53,48.85,-43.32,64.52,99.82,174.39,141.12,93.76,17.12
4067,40.29,-22.17,-62.46,-9.04,51.35,-42.31,58.47,100.83,177.42,143.14,96.79,19.14
4068,36.25,-23.18,-59.43,-6.54,47.84,-41.30,62.51,98.81,176.41,144.15,95.78,20.15
4069,39.28,-31.25,-70.53,-3.99,54.91,-50.87,64.52,99.82,170.35,141.12,90.73,13.08
4070,39.28,-40.29,-79.57,0.48,59.43,-59.91,62.51,101.79,170.35,140.11,90.73,12.07
4071,48.37,-28.22,-76.59,-10.05,62.46,-52.41,63.52,102.80,174.39,143.14,94.77,15.10
4072,55.44,-23.18,-78.61,-16.11,67.03,-50.87,64.52,106.84,175.40,144.15,95.78,16.11
4073,62.51,-15.10,-77.60,-23.70,70.05,-46.35,66.54,106.84,179.44,148.19,97.80,24.18
4074,58.47,-18.13,-76.59,-20.15,67.51,-47.36,66.54,106.84,181.46,149.20,97.80,21.16
4075,38.27,-32.26,-70.53,-2.98,54.38,-51.40,61.50,101.79,170.35,140.11,88.71,5.00
4076,33.27,-42.31,-75.58,4.52,54.43,-58.95,61.50,98.81,168.33,139.10,88.71,9.04
4077,41.30,-39.28,-80.58,-1.01,60.92,-59.91,62.51,102.80,172.37,141.12,92.75,21.16
4078,45.34,-31.25,-76.59,-7.02,60.97,-53.90,61.50,104.82,173.38,143.14,93.76,20.15
4079,49.38,-25.19,-74.57,-12.07,61.98,-49.86,61.50,106.84,174.39,145.16,93.76,18.13
4080,42.31,-31.25,-73.56,-5.53,57.94,-52.41,60.49,104.82,171.36,141.12,88.71,8.03
4081,43.32,-30.24,-73.56,-6.54,58.42,-51.88,60.49,105.83,171.36,142.13,89.72,14.09
4082,59.48,-17.12,-76.59,-21.16,68.03,-46.83,63.52,107.85,174.39,143.14,92.75,18.13
4083,44.33,-30.24,-74.57,-7.02,59.43,-52.41,59.48,102.80,170.35,138.09,89.72,16.11
4084,37.26,-35.24,-72.51,-1.01,54.86,-53.85,54.43,96.79,166.36,139.10,91.74,25.19
4085,38.27,-32.26,-70.53,-2.98,54.38,-51.40,56.45,99.82,168.33,137.08,88.71,13.08
4086,42.31,-21.16,-63.47,-10.58,52.89,-42.31,60.49,103.81,172.37,141.12,93.76,17.12
4087,45.34,-25.19,-70.53,-10.05,57.94,-47.84,57.46,97.80,170.35,138.09,92.75,18.13
4088,31.25,-41.30,-72.55,5.00,51.88,-56.93,57.46,100.83,167.37,133.09,85.68,10.05
4089,37.26,-32.26,-69.53,-2.50,53.37,-50.87,58.47,106.84,172.37,139.10,94.77,23.18
4090,33.27,-46.35,-79.62,6.54,56.45,-62.99,53.42,98.81,167.37,131.07,85.68,9.04
4091,33.27,-45.34,-78.61,6.01,55.92,-61.98,54.43,98.81,166.36,132.08,83.66,10.05
4092,47.36,-22.17,-69.53,-12.60,58.42,-45.82,57.46,103.81,174.39,142.13,96.79,27.21
4093,45.34,-25.19,-70.53,-10.05,57.94,-47.84,60.49,102.80,173.38,139.10,93.76,17.12
4094,38.27,-34.23,-72.51,-2.02,55.39,-53.37,62.51,103.81,170.35,135.06,87.70,5.00
4095,35.24,-32.26,-67.51,-1.49,51.35,-49.86,63.52,105.83,170.35,135.06,88.71,9.04
4096,35.24,-39.28,-74.53,2.02,54.86,-56.88,60.49,104.82,170.35,136.07,88.71,13.08
4097,32.26,-41.30,-73.56,4.52,52.89,-57.41,61.50,103.81,169.34,135.06,86.69,12.07
4098,27.21,-39.28,-66.50,6.01,46.83,-52.89,62.51,103.81,168.33,135.06,87.70,17.12
4099,31.25,-37.26,-68.52,2.98,49.86,-52.89,59.48,103.81,166.36,134.10,87.70,14.09
4100,41.30,-26.20,-67.51,-7.55,54.38,-46.83,62.51,105.83,168.33,138.09,90.73,15.10
4101,44.33,-21.16,-65.49,-11.59,54.91,-43.32,61.50,105.83,170.35,136.07,89.72,17.12
4102,42.31,-23.18,-65.49,-9.57,53.90,-44.33,62.51,105.83,170.35,135.06,88.71,13.08
4103,40.29,-28.22,-68.52,-6.01,54.38,-48.37,64.52,107.85,173.38,137.08,89.72,10.05
4104,36.25,-27.21,-63.47,-4.52,49.86,-45.34,64.52,107.85,173.38,139.10,93.76,14.09
4105,36.25,-25.19,-61.45,-5.53,48.85,-43.32,69.53,109.87,174.39,141.12,95.78,14.09
4106,45.34,-20.15,-65.49,-12.60,55.39,-42.79,69.53,107.85,174.39,138.09,90.73,9.04
4107,48.37,-11.06,-59.43,-18.66,53.90,-35.24,60.49,104.82,173.38,143.14,93.76,18.13
4108,50.39,0.96,-49.43,-25.68,49.91,-24.23,59.48,104.82,181.46,150.21,102.80,27.21
4109,49.38,5.00,-44.38,-27.17,46.88,-19.67,59.48,102.80,188.53,155.25,106.84,24.18
4110,50.39,2.98,-47.41,-26.69,48.90,-22.21,54.43,101.79,187.52,156.26,103.81,17.12
4111,50.39,10.05,-40.34,-30.19,45.39,-15.15,60.49,104.82,195.59,163.33,112.89,26.20
4112,50.39,7.02,-43.37,-28.70,46.88,-18.17,56.45,99.82,194.58,164.34,114.91,29.23
4113,52.41,6.01,-46.40,-29.19,49.43,-20.19,54.43,97.80,191.56,161.31,109.87,27.21
4114,44.33,11.06,-33.27,-27.69,38.80,-11.11,57.46,103.81,199.63,169.34,114.91,34.23
4115,51.40,24.18,-27.21,-37.79,39.33,-1.49,53.42,97.80,199.63,170.35,115.92,36.25
4116,56.45,29.23,-27.21,-42.84,41.83,1.01,55.44,95.78,201.65,173.38,119.96,40.29
4117,50.39,26.20,-24.18,-38.27,37.31,1.01,56.45,94.77,202.61,174.39,119.96,38.27
4118,49.38,34.23,-15.15,-41.78,32.26,9.57,57.46,95.78,205.64,179.44,125.01,42.31
4119,55.44,41.30,-14.14,-48.37,34.81,13.61,54.43,96.79,211.70,186.51,132.08,52.41
4120,59.48,43.32,-16.16,-51.40,37.84,13.61,49.38,93.76,208.67,182.47,126.02,43.32
4121,58.47,49.38,-9.09,-53.90,33.80,20.15,45.34,92.75,209.68,184.49,130.06,44.33
4122,64.52,58.47,-6.06,-61.50,35.29,26.20,49.38,94.77,213.72,190.55,137.08,50.39
4123,62.51,54.43,-8.08,-58.47,35.29,23.18,49.38,97.80,213.72,187.52,135.06,46.35
4124,58.47,48.37,-10.10,-53.42,34.28,19.14,49.38,100.83,217.76,192.56,138.09,52.41
4125,69.53,59.48,-10.05,-64.48,39.81,24.71,56.45,105.83,226.85,200.64,146.17,59.48
4126,88.71,71.54,-17.16,-80.10,52.94,27.21,52.41,101.79,223.82,195.59,142.13,54.43
4127,68.52,45.34,-23.18,-56.93,45.87,11.11,47.36,99.82,219.78,189.54,138.09,49.38
4128,60.49,44.33,-16.16,-52.41,38.32,14.09,41.30,95.78,218.77,192.56,141.12,54.43
4129,77.60,57.46,-20.15,-67.51,48.90,18.66,42.31,93.76,219.78,191.56,136.07,49.38
4130,77.60,54.43,-23.18,-66.02,50.39,15.63,45.34,100.83,223.82,193.57,137.08,51.40
4131,77.60,55.44,-22.17,-66.50,49.91,16.64,32.26,94.77,219.78,195.59,142.13,58.47
4132,71.54,49.38,-22.17,-60.44,46.88,13.61,25.19,87.70,219.78,194.58,142.13,55.44
4133,73.56,57.46,-16.11,-65.49,44.86,20.67,25.19,88.71,226.85,200.64,148.19,59.48
4134,77.60,61.50,-16.11,-69.53,46.88,22.69,23.18,86.69,227.86,202.61,148.19,61.50
4135,72.55,67.51,-5.05,-70.01,38.80,31.25,18.13,83.66,229.88,204.63,151.22,64.52
4136,75.58,73.56,-2.02,-74.57,38.80,35.77,13.08,79.62,230.89,210.69,159.29,72.55
4137,84.67,86.69,2.02,-85.68,41.35,44.38,3.99,74.57,229.88,211.70,162.32,78.61
4138,85.68,104.82,19.14,-95.25,33.27,61.98,-7.02,61.50,228.87,212.71,167.37,82.65
4139,83.66,105.83,22.17,-94.72,30.77,64.00,-17.12,52.41,222.81,208.67,167.37,83.66
4140,91.74,112.89,21.16,-102.32,35.29,67.03,-27.21,43.32,217.76,205.64,165.35,84.67
4141,93.76,110.87,17.12,-102.32,38.32,64.00,-32.26,35.24,212.71,202.61,162.32,82.65
4142,85.68,108.86,23.18,-97.27,31.25,66.02,-40.29,30.24,208.67,203.62,166.36,90.73
4143,94.77,122.99,28.22,-108.86,33.27,75.63,-49.38,23.18,203.62,200.64,166.36,91.74
4144,96.79,114.91,18.13,-105.83,39.33,66.54,-55.44,18.13,194.58,190.55,160.30,88.71
4145,100.83,117.94,17.12,-109.38,41.88,67.55,-60.49,13.08,191.56,187.52,162.32,90.73
4146,117.94,143.14,25.19,-130.54,46.40,84.19,-66.54,7.02,190.55,187.52,161.31,91.74
4147,131.07,148.19,17.12,-139.63,56.98,82.65,-61.50,13.08,192.56,187.52,161.31,87.70
4148,133.09,134.10,1.01,-133.57,66.06,67.55,-58.47,16.11,187.52,180.45,159.29,85.68
4149,138.09,133.09,-5.00,-135.59,71.54,64.04,-52.41,21.16,186.51,179.44,161.31,91.74
4150,147.18,121.98,-25.19,-134.58,86.21,48.42,-46.35,30.24,187.52,175.40,155.25,82.65
4151,146.17,102.80,-43.37,-124.48,94.77,29.71,-47.36,33.27,182.47,167.37,148.19,78.61
4152,147.18,104.82,-42.36,-125.97,94.77,31.25,-44.33,34.23,181.46,167.37,149.20,85.68
4153,155.25,103.81,-51.45,-129.53,103.37,26.20,-44.33,37.26,179.44,165.35,146.17,83.66
4154,167.37,111.88,-55.49,-139.63,111.45,28.22,-39.28,41.30,179.44,164.34,146.17,83.66
4155,171.36,110.87,-60.49,-141.12,115.92,25.19,-39.28,44.33,181.46,162.32,145.16,83.66
4156,176.41,100.83,-75.58,-138.62,126.02,12.65,-33.27,51.40,187.52,166.36,149.20,93.76
4157,175.40,97.80,-77.60,-136.60,126.50,10.10,-23.18,59.48,194.58,171.36,156.26,103.81
4158,176.41,83.66,-92.75,-130.01,134.58,-4.52,-21.16,65.53,198.62,170.35,153.23,95.78
4159,169.34,63.52,-105.83,-116.40,137.61,-21.16,-15.10,67.51,191.56,165.35,147.18,86.69
4160,158.28,61.50,-96.79,-109.87,127.56,-17.65,-12.07,67.51,191.56,158.28,144.15,88.71
4161,162.32,68.52,-93.81,-115.39,128.09,-12.65,-2.98,76.59,200.64,165.35,153.23,104.82
4162,153.23,59.48,-93.76,-106.36,123.52,-17.12,0.96,78.61,199.63,165.35,151.22,93.76
4163,147.18,53.42,-93.76,-100.30,120.49,-20.15,-6.01,75.58,192.56,156.26,136.07,73.56
4164,142.13,49.38,-92.75,-95.73,117.46,-21.68,2.98,78.61,194.58,159.29,137.08,80.63
4165,130.06,42.31,-87.75,-86.16,108.90,-22.69,3.99,74.57,188.53,155.25,137.08,79.62
4166,132.08,47.36,-84.72,-89.72,108.42,-18.66,-6.01,61.50,174.39,144.15,127.03,71.54
4167,145.16,61.50,-83.66,-103.33,114.43,-11.06,-7.02,56.45,172.37,143.14,126.02,74.57
4168,143.14,57.46,-85.68,-100.30,114.43,-14.09,-10.05,55.44,168.33,139.10,125.01,73.56
4169,143.14,60.49,-82.65,-101.79,112.89,-11.06,-5.00,58.47,170.35,140.11,126.02,75.58
4170,140.11,64.52,-75.58,-102.32,107.85,-5.53,0.96,59.48,171.36,141.12,126.02,70.53
4171,115.92,41.30,-74.62,-78.61,95.30,-16.64,0.00,55.44,167.37,135.06,120.97,62.51
4172,105.83,28.22,-77.60,-67.03,91.74,-24.67,1.97,56.45,164.34,132.08,116.93,60.49
4173,90.73,19.14,-71.59,-54.91,81.16,-26.20,8.03,60.49,169.34,134.10,114.91,55.44
4174,78.61,9.04,-69.57,-43.80,74.09,-30.24,13.08,65.53,172.37,136.07,112.89,54.43
4175,78.61,9.04,-69.57,-43.80,74.09,-30.24,25.19,74.57,175.40,137.08,109.87,47.36
4176,60.49,2.98,-57.50,-31.73,59.00,-27.26,34.23,78.61,184.49,145.16,117.94,58.47
4177,46.35,-3.99,-50.34,-21.16,48.32,-27.17,37.26,80.63,186.51,146.17,117.94,60.49
4178,40.29,-13.08,-53.37,-13.61,46.83,-33.22,46.35,86.69,182.47,142.13,107.85,36.25
4179,36.25,-18.13,-54.38,-9.04,45.29,-36.25,48.37,86.69,181.46,139.10,103.81,29.23
4180,29.23,-25.19,-54.43,-2.02,41.83,-39.81,50.39,89.72,181.46,137.08,100.83,32.26
4181,28.22,-30.24,-58.47,1.01,43.32,-44.33,54.43,90.73,178.43,135.06,97.80,24.18
4182,28.22,-30.24,-58.47,1.01,43.32,-44.33,62.51,94.77,179.44,136.07,97.80,24.18
4183,25.19,-33.27,-58.47,4.04,41.83,-45.87,67.51,97.80,178.43,134.10,95.78,27.21
4184,24.18,-49.38,-73.56,12.60,48.85,-61.45,66.54,97.80,173.38,128.04,87.70,7.02
4185,21.16,-63.52,-84.67,21.16,52.89,-74.09,72.55,107.85,173.38,124.00,80.63,0.96
4186,22.17,-58.47,-80.63,18.13,51.40,-69.53,73.56,106.84,166.36,116.93,73.56,-0.96
4187,20.15,-62.51,-82.65,21.16,51.40,-72.55,72.55,101.79,161.31,111.88,68.52,-7.02
4188,16.11,-65.53,-81.64,24.71,48.85,-73.56,73.56,104.82,159.29,111.88,66.54,-8.03
4189,12.07,-65.53,-77.60,26.73,44.81,-71.54,73.56,103.81,159.29,112.89,67.51,-10.05
4190,14.09,-72.55,-86.64,29.23,50.34,-79.57,71.54,102.80,157.27,106.84,62.51,-11.06
4191,9.04,-78.61,-87.65,34.76,48.32,-83.13,68.52,96.79,153.23,102.80,57.46,-14.09
4192,16.11,-73.56,-89.67,28.70,52.89,-81.59,69.53,99.82,154.24,101.79,55.44,-13.08
4193,25.19,-77.60,-102.80,26.20,64.00,-90.20,64.52,96.79,146.17,96.79,49.38,-16.11
4194,8.03,-91.74,-99.77,41.83,53.90,-95.73,59.48,87.70,139.10,92.75,45.34,-20.15
4195,12.07,-75.58,-87.65,31.73,49.86,-81.59,70.53,100.83,148.19,98.81,52.41,-22.17
4196,12.07,-72.55,-84.62,30.24,48.32,-78.56,76.59,104.82,154.24,103.81,56.45,-18.13
4197,8.03,-85.68,-93.71,38.80,50.87,-89.67,69.53,97.80,148.19,96.79,48.37,-13.08
4198,7.02,-87.70,-94.72,40.34,50.87,-91.21,71.54,99.82,146.17,95.78,46.35,-13.08
4199,0.00,-88.71,-88.71,44.33,44.33,-88.71,72.55,98.81,142.13,91.74,43.32,-20.15
4200,5.00,-80.63,-85.63,37.79,45.29,-83.13,69.53,94.77,142.13,91.74,43.32,-19.14
4201,0.96,-81.64,-82.60,40.34,41.78,-82.12,69.53,92.75,143.14,91.74,44.33,-16.11
4202,3.99,-87.70,-91.69,41.83,47.84,-89.67,66.54,91.74,139.10,89.72,43.32,-19.14
4203,14.09,-72.55,-86.64,29.23,50.34,-79.57,74.57,98.81,145.16,94.77,46.35,-14.09
4204,15.10,-75.58,-90.68,30.24,52.89,-83.13,76.59,102.80,146.17,94.77,44.33,-22.17
4205,1.97,-85.68,-87.65,41.83,44.81,-86.64,70.53,94.77,141.12,95.78,49.38,-9.04
4206,3.99,-75.58,-79.57,35.77,41.78,-77.55,77.60,95.78,145.16,97.80,52.41,-5.00
4207,3.99,-83.66,-87.65,39.81,45.82,-85.63,72.55,95.78,144.15,92.75,45.34,-19.14
4208,8.03,-81.64,-89.67,36.78,48.85,-85.63,59.48,90.73,139.10,89.72,44.33,-18.13
4209,20.15,-77.60,-97.75,28.70,58.95,-87.65,63.52,94.77,140.11,91.74,44.33,-26.20
4210,11.06,-77.60,-88.66,33.27,49.86,-83.13,68.52,97.80,143.14,92.75,46.35,-25.19
4211,14.09,-74.57,-88.66,30.24,51.35,-81.59,71.54,98.81,143.14,96.79,51.40,-20.15
4212,15.10,-77.60,-92.70,31.25,53.90,-85.15,71.54,97.80,142.13,97.80,51.40,-20.15
4213,12.07,-78.61,-90.68,33.27,51.35,-84.62,70.53,96.79,144.15,98.81,52.41,-17.12
4214,12.07,-79.62,-91.69,33.75,51.88,-85.63,70.53,95.78,144.15,98.81,53.42,-10.05
4215,13.08,-78.61,-91.69,32.74,52.36,-85.15,69.53,94.77,141.12,95.78,47.36,-18.13
4216,6.01,-90.73,-96.74,42.36,51.35,-93.71,70.53,95.78,139.10,95.78,44.33,-28.22
4217,-0.96,-92.75,-91.79,46.83,45.39,-92.27,70.53,93.76,140.11,96.79,46.35,-24.18
4218,8.03,-81.64,-89.67,36.78,48.85,-85.63,72.55,96.79,141.12,97.80,47.36,-24.18
4219,14.09,-76.59,-90.68,31.25,52.36,-83.61,71.54,96.79,142.13,96.79,50.39,-19.14
4220,20.15,-68.52,-88.66,24.18,54.38,-78.56,70.53,93.76,143.14,99.82,50.39,-18.13
4221,33.27,-60.49,-93.76,13.61,63.52,-77.12,71.54,98.81,144.15,99.82,50.39,-21.16
4222,41.30,-54.43,-95.73,6.54,68.52,-75.05,73.56,100.83,146.17,101.79,54.43,-18.13
4223,25.19,-55.44,-80.63,15.10,52.89,-68.03,77.60,100.83,146.17,102.80,54.43,-21.16
4224,-2.98,-74.57,-71.59,38.75,34.28,-73.08,69.53,92.75,141.12,97.80,52.41,-14.09
4225,-8.03,-87.70,-79.67,47.84,35.82,-83.71,65.53,88.71,139.10,97.80,53.42,-14.09
4226,7.02,-69.53,-76.55,31.25,41.78,-73.04,68.52,90.73,141.12,97.80,53.42,-22.17
4227,19.14,-61.50,-80.63,21.16,49.86,-71.06,67.51,89.72,139.10,94.77,48.37,-26.20
4228,16.11,-64.52,-80.63,24.18,48.37,-72.55,68.52,91.74,142.13,99.82,50.39,-25.19
4229,15.10,-59.48,-74.57,22.17,44.81,-67.03,73.56,96.79,153.23,108.86,57.46,-16.11
4230,12.07,-65.53,-77.60,26.73,44.81,-71.54,78.61,103.81,159.29,111.88,57.46,-20.15
4231,-2.98,-82.65,-79.67,42.79,38.32,-81.16,87.70,110.87,164.34,112.89,52.41,-25.19
4232,-10.05,-84.67,-74.62,47.36,32.26,-79.67,100.83,124.00,175.40,118.95,51.40,-28.22
4233,-15.10,-82.65,-67.55,48.85,26.20,-75.10,112.89,137.08,185.50,124.00,47.36,-39.28
4234,-17.12,-82.65,-65.53,49.86,24.18,-74.09,130.06,155.25,207.66,136.07,48.37,-49.38
4235,-27.21,-92.75,-65.53,59.96,19.14,-79.14,140.11,168.33,218.77,141.12,51.40,-55.44
4236,-24.18,-91.74,-67.55,57.94,21.68,-79.67,152.22,179.44,220.79,141.12,47.36,-56.45
4237,-7.02,-78.61,-71.59,42.79,32.26,-75.10,160.30,189.54,221.80,142.13,44.33,-63.52
4238,0.00,-73.56,-73.56,36.78,36.78,-73.56,145.16,174.39,207.66,141.12,48.37,-56.45
4239,-0.96,-47.36,-46.40,24.14,22.69,-46.88,134.10,159.29,202.61,150.21,69.53,-34.23
4240,-5.00,-35.24,-30.24,20.10,12.60,-32.74,121.98,141.12,194.58,159.29,91.74,-23.18
4241,8.03,-14.09,-22.12,3.03,15.05,-18.08,95.78,111.88,187.52,176.41,119.96,-0.96
4242,14.09,1.97,-12.12,-8.03,13.13,-5.05,64.52,79.62,178.43,190.55,151.22,29.23
4243,15.10,8.03,-7.07,-11.54,11.11,0.48,35.24,46.35,160.30,196.60,176.41,52.41
4244,15.10,34.23,19.14,-24.67,-2.02,26.69,-0.96,0.00,132.08,200.64,202.61,80.63
4245,22.17,50.39,28.22,-36.25,-3.03,39.33,-34.23,-44.33,109.87,206.65,228.87,107.85
4246,31.25,72.55,41.30,-51.88,-5.00,56.93,-65.53,-87.70,84.67,206.65,249.01,131.07
4247,16.11,80.63,64.52,-48.37,-24.18,72.60,-100.83,-136.07,54.43,204.63,271.18,158.28
4248,19.14,86.69,67.55,-52.89,-24.18,77.12,-125.01,-166.36,50.39,220.79,304.45,192.56
4249,32.26,99.82,67.55,-66.02,-17.65,83.71,-143.14,-185.50,50.39,239.92,339.74,223.82
4250,39.28,100.83,61.54,-70.05,-11.11,81.21,-167.37,-213.72,18.13,231.90,359.94,252.04
4251,57.46,99.82,42.36,-78.61,7.55,71.11,-190.55,-239.92,-27.21,198.62,355.90,272.19
4252,74.57,95.78,21.20,-85.15,26.69,58.51,-201.65,-249.01,-55.44,174.39,349.84,285.31
4253,90.73,85.68,-5.05,-88.18,47.89,40.34,-210.69,-257.09,-87.70,144.15,338.73,302.48
4254,112.89,78.61,-34.28,-95.73,73.61,22.17,-215.74,-259.11,-116.93,112.89,318.59,310.51
4255,129.05,82.65,-46.40,-105.83,87.75,18.13,-218.77,-258.10,-145.16,78.61,290.36,311.52
4256,146.17,75.58,-70.58,-110.87,108.37,2.50,-226.85,-256.08,-170.35,45.34,269.16,326.66
4257,173.38,77.60,-95.78,-125.49,134.58,-9.09,-236.90,-253.05,-187.52,19.14,248.00,332.72
4258,190.55,85.68,-104.86,-138.09,147.71,-9.57,-228.87,-234.92,-191.56,-5.00,215.74,321.61
4259,194.58,84.67,-109.91,-139.63,152.27,-12.60,-224.83,-227.86,-207.66,-35.24,169.34,297.43
4260,179.44,79.62,-99.82,-129.53,139.63,-10.10,-228.87,-232.90,-252.04,-95.78,90.73,261.13
4261,171.36,105.83,-65.53,-138.57,118.47,20.15,-243.96,-255.07,-298.44,-142.13,42.31,254.06
4262,197.61,160.30,-37.31,-178.96,117.46,61.50,-295.41,-310.51,-369.02,-182.47,23.18,274.21
4263,208.67,194.58,-14.09,-201.60,111.40,90.25,-328.68,-348.83,-420.42,-218.77,1.97,282.28
4264,201.65,214.73,13.08,-208.19,94.29,113.90,-359.94,-385.13,-463.79,-235.89,0.96,299.45
4265,205.64,256.08,50.44,-230.84,77.60,153.28,-390.18,-422.44,-495.04,-226.85,28.22,337.72
4266,215.74,307.48,91.74,-261.61,62.02,199.63,-425.47,-466.82,-509.13,-205.64,63.52,374.02
4267,212.71,344.79,132.08,-278.73,40.34,238.43,-474.85,-523.27,-543.41,-204.63,84.67,406.29
4268,217.76,402.29,184.54,-310.03,16.64,293.44,-536.39,-598.90,-591.83,-196.60,112.89,443.60
4269,229.88,451.67,221.80,-340.75,4.04,336.76,-617.02,-695.69,-675.49,-223.82,114.91,468.84
4270,259.11,485.96,226.85,-372.53,16.16,356.43,-691.65,-788.43,-784.39,-294.40,80.63,489.99
4271,273.20,513.17,239.97,-393.16,16.64,376.57,-772.33,-893.30,-919.50,-396.24,11.06,495.04
4272,252.04,522.26,270.22,-387.15,-9.09,396.24,-824.73,-974.94,-1056.63,-518.22,-84.67,477.88
4273,230.89,485.96,255.07,-358.40,-12.07,370.51,-816.66,-991.10,-1150.39,-629.14,-194.58,429.51
4274,189.54,385.13,195.59,-287.33,-3.03,290.36,-767.28,-969.94,-1261.31,-793.48,-365.99,321.61
4275,132.08,285.31,153.23,-208.67,-10.58,219.30,-713.81,-945.71,-1395.41,-988.07,-568.66,202.61
4276,64.52,179.44,114.91,-121.98,-25.19,147.18,-627.12,-880.17,-1468.01,-1137.31,-743.05,77.60
4277,-3.99,99.82,103.81,-47.89,-53.90,101.79,-535.38,-795.50,-1478.11,-1221.98,-849.93,-11.06
4278,-87.70,36.25,123.95,25.72,-105.83,80.10,-483.94,-755.16,-1498.25,-1287.52,-926.57,-72.55
4279,-127.03,-50.39,76.64,88.71,-101.84,13.13,-406.29,-676.50,-1468.01,-1309.73,-962.87,-121.98
4280,-128.04,-94.77,33.27,111.40,-80.68,-30.77,-310.51,-566.64,-1365.17,-1254.24,-934.65,-138.09
4281,-148.19,-112.89,35.29,130.54,-91.74,-38.80,-242.95,-494.03,-1284.49,-1195.78,-899.36,-156.26
4282,-164.34,-106.84,57.50,135.59,-110.92,-24.67,-197.61,-437.54,-1203.85,-1123.17,-837.86,-147.18
4283,-200.64,-118.95,81.69,159.77,-141.17,-18.66,-135.06,-368.01,-1113.08,-1044.51,-784.39,-155.25
4284,-249.01,-152.22,96.79,200.59,-172.90,-27.74,-62.51,-295.41,-1027.40,-977.97,-749.10,-192.56
4285,-274.21,-171.36,102.85,222.76,-188.53,-34.28,9.04,-221.80,-937.68,-907.43,-716.84,-226.85
4286,-290.36,-204.63,85.73,247.47,-188.05,-59.48,91.74,-131.07,-850.94,-847.91,-694.68,-270.17
4287,-321.61,-250.02,71.59,285.79,-196.60,-89.24,166.36,-49.38,-779.35,-801.56,-679.53,-310.51
4288,-332.72,-284.30,48.42,308.49,-190.59,-117.94,243.96,32.26,-708.76,-752.13,-655.35,-331.71
4289,-316.57,-308.49,8.08,312.53,-162.32,-150.21,320.60,117.94,-633.18,-699.72,-620.05,-326.66
4290,-305.46,-336.71,-31.25,321.09,-137.13,-184.01,379.07,187.52,-576.68,-662.41,-600.92,-332.72
4291,-310.51,-357.92,-47.41,334.21,-131.55,-202.66,424.46,235.89,-536.39,-632.17,-580.72,-341.76
4292,-314.55,-369.98,-55.44,342.24,-129.58,-212.71,444.61,258.10,-514.18,-605.92,-559.57,-345.80
4293,-303.44,-357.92,-54.48,330.65,-124.48,-206.22,443.60,262.14,-501.10,-584.76,-537.40,-340.75
4294,-300.46,-352.87,-52.41,326.66,-124.05,-202.66,438.55,260.12,-487.97,-564.62,-516.20,-338.73
4295,-303.44,-358.93,-55.49,331.18,-124.00,-207.23,421.43,251.03,-475.86,-543.41,-498.07,-341.76
4296,-304.45,-355.90,-51.45,330.17,-126.50,-203.67,409.31,248.00,-455.71,-517.21,-470.81,-333.73
4297,-294.40,-356.91,-62.51,325.65,-115.97,-209.73,416.38,262.14,-423.45,-484.95,-443.60,-324.64
4298,-275.22,-352.87,-77.65,314.02,-98.81,-215.26,419.41,277.24,-389.17,-452.68,-414.36,-311.52
4299,-265.17,-353.88,-88.71,309.50,-88.23,-221.32,416.38,283.29,-359.94,-426.48,-395.23,-301.47
4300,-246.99,-347.82,-100.83,297.38,-73.08,-224.35,406.29,279.25,-339.74,-405.28,-381.09,-301.47
4301,-228.87,-342.77,-113.90,285.79,-57.50,-228.34,398.26,275.22,-317.58,-383.11,-361.95,-290.36
4302,-220.79,-340.75,-119.96,280.75,-50.44,-230.36,392.20,271.18,-291.37,-355.90,-335.75,-267.19
4303,-208.67,-336.71,-128.04,272.67,-40.34,-232.38,379.07,263.15,-272.19,-335.75,-321.61,-266.18
4304,-190.55,-328.68,-138.14,259.59,-26.20,-233.43,363.97,261.13,-252.04,-314.55,-304.45,-256.08
4305,-172.37,-324.64,-152.27,248.48,-10.05,-238.48,353.88,259.11,-231.90,-291.37,-278.25,-230.89
4306,-160.30,-325.65,-165.35,242.95,2.50,-245.50,350.85,254.06,-217.76,-277.24,-269.16,-229.88
4307,-152.22,-318.59,-166.36,235.40,7.07,-242.47,332.72,236.90,-212.71,-269.16,-260.12,-227.86
4308,-142.13,-311.52,-169.39,226.80,13.61,-240.45,320.60,228.87,-202.61,-257.09,-249.01,-216.75
4309,-135.06,-310.51,-175.45,222.76,20.19,-243.00,325.65,242.95,-180.45,-238.91,-235.89,-208.67
4310,-122.99,-301.47,-178.48,212.23,27.74,-239.97,321.61,241.94,-163.33,-220.79,-217.76,-198.62
4311,-109.87,-282.28,-172.42,196.07,31.25,-227.38,312.53,241.94,-139.10,-194.58,-192.56,-173.38
4312,-91.74,-270.17,-178.43,180.93,43.32,-224.30,307.48,249.01,-121.98,-180.45,-180.45,-164.34
4313,-81.64,-265.17,-183.53,173.38,50.92,-224.35,301.47,243.96,-109.87,-167.37,-172.37,-173.38
4314,-80.63,-252.04,-171.41,166.31,45.39,-211.75,295.41,238.91,-89.72,-147.18,-156.26,-162.32
4315,-69.53,-222.81,-153.28,146.17,41.88,-188.05,293.39,243.96,-65.53,-125.01,-138.09,-144.15
4316,-61.50,-210.69,-149.20,136.07,43.85,-179.97,292.38,252.04,-39.28,-99.82,-116.93,-137.08
4317,-51.40,-203.62,-152.22,127.51,50.39,-177.95,289.35,253.05,-23.18,-83.66,-104.82,-131.07
4318,-46.35,-178.43,-132.08,112.37,42.84,-155.25,288.34,260.12,3.99,-55.44,-76.59,-101.79
4319,-48.37,-177.42,-129.05,112.89,40.34,-153.23,282.28,258.10,17.12,-43.32,-65.53,-99.82
4320,-48.37,-166.36,-117.99,107.37,34.81,-142.18,278.25,258.10,32.26,-27.21,-55.44,-93.76
4321,-58.47,-151.22,-92.75,104.82,17.12,-121.98,281.27,265.17,54.43,-5.00,-35.24,-70.53
4322,-55.44,-155.25,-99.82,105.35,22.17,-127.56,271.18,256.08,56.45,-5.00,-40.29,-88.71
4323,-31.25,-130.06,-98.81,80.63,33.75,-114.43,257.09,248.00,66.54,7.02,-31.25,-84.67
4324,-35.24,-122.99,-87.75,79.09,26.25,-105.39,244.97,234.92,74.57,15.10,-21.16,-71.54
4325,-37.26,-117.94,-80.68,77.60,21.68,-99.34,228.87,218.77,84.67,29.23,-6.01,-59.48
4326,-23.18,-99.82,-76.64,61.50,26.73,-88.23,208.67,206.65,95.78,43.32,3.99,-54.43
4327,-22.17,-86.69,-64.52,54.43,21.16,-75.63,183.48,184.49,101.79,53.42,12.07,-47.36
4328,-14.09,-69.53,-55.44,41.78,20.67,-62.51,154.24,160.30,107.85,65.53,26.20,-32.26
4329,-14.09,-57.46,-43.37,35.77,14.62,-50.44,129.05,142.13,115.92,76.59,35.24,-31.25
4330,-14.09,-47.36,-33.27,30.72,9.57,-40.34,107.85,124.00,120.97,84.67,42.31,-25.19
4331,-3.99,-41.30,-37.31,22.65,16.64,-39.33,92.75,108.86,122.99,86.69,46.35,-18.13
4332,2.98,-33.27,-36.25,15.15,19.62,-34.76,79.62,98.81,126.02,91.74,49.38,-13.08
4333,5.00,-31.25,-36.25,13.13,20.63,-33.75,73.56,91.74,128.04,93.76,51.40,-13.08
4334,2.98,-30.24,-33.22,13.61,18.08,-31.73,72.55,91.74,134.10,99.82,57.46,-9.04
4335,2.98,-20.15,-23.13,8.56,13.03,-21.64,69.53,89.72,137.08,103.81,60.49,-2.98
4336,8.03,-17.12,-25.15,4.52,16.59,-21.11,71.54,91.74,141.12,108.86,64.52,0.96
4337,15.10,-19.14,-34.23,2.02,24.67,-26.69,65.53,82.65,141.12,109.87,66.54,0.00
4338,18.13,-15.10,-33.22,-1.49,25.68,-24.14,63.52,83.66,145.16,114.91,73.56,6.01
4339,19.14,-8.03,-27.17,-5.53,23.13,-17.60,69.53,97.80,154.24,124.00,82.65,15.10
4340,18.13,-3.99,-22.12,-7.07,20.10,-13.03,66.54,89.72,152.22,122.99,82.65,13.08
4341,17.12,-6.01,-23.13,-5.53,20.10,-14.57,62.51,83.66,148.19,118.95,78.61,8.03
4342,21.16,-5.00,-26.16,-8.08,23.66,-15.58,54.43,79.62,145.16,115.92,74.57,1.97
4343,26.20,9.04,-17.16,-17.60,21.68,-4.04,56.45,78.61,151.22,121.98,81.64,9.04
4344,12.07,-8.03,-20.10,-2.02,16.06,-14.04,52.41,75.58,145.16,116.93,77.60,7.02
4345,-3.99,-29.23,-25.24,16.59,10.63,-27.26,45.34,68.52,141.12,111.88,72.55,0.00
4346,-0.96,-18.13,-17.16,9.52,8.08,-17.65,45.34,68.52,144.15,116.93,77.60,6.01
4347,5.00,-14.09,-19.09,4.52,12.02,-16.59,47.36,68.52,145.16,119.96,79.62,0.00
4348,8.03,-8.03,-16.06,0.00,12.02,-12.02,43.32,68.52,148.19,122.99,81.64,1.97
4349,10.05,-0.96,-11.01,-4.52,10.53,-5.96,40.29,64.52,149.20,125.01,86.69,12.07
4350,10.05,-3.99,-14.04,-3.03,12.02,-8.99,43.32,66.54,152.22,126.02,86.69,6.01
4351,2.98,-13.08,-16.06,5.05,9.52,-14.57,44.33,66.54,151.22,125.01,85.68,0.00
4352,12.07,-8.03,-20.10,-2.02,16.06,-14.04,44.33,67.51,153.23,130.06,92.75,8.03
4353,26.20,0.96,-25.24,-13.56,25.72,-12.12,44.33,69.53,156.26,131.07,95.78,15.10
4354,21.16,-5.00,-26.16,-8.08,23.66,-15.58,44.33,66.54,156.26,130.06,93.76,15.10
4355,26.20,5.00,-21.20,-15.58,23.70,-8.08,46.35,68.52,158.28,134.10,96.79,16.11
4356,25.19,1.97,-23.22,-13.56,24.23,-10.63,42.31,64.52,157.27,133.09,94.77,12.07
4357,17.12,-14.09,-31.20,-1.49,24.14,-22.65,31.25,58.47,148.19,122.99,87.70,7.02
4358,23.18,0.00,-23.18,-11.59,23.18,-11.59,38.27,60.49,152.22,127.03,93.76,11.06
4359,28.22,7.02,-21.20,-17.60,24.71,-7.07,41.30,60.49,155.25,131.07,97.80,15.10
4360,21.16,0.96,-20.19,-11.06,20.67,-9.62,37.26,58.47,150.21,126.02,91.74,13.08
4361,16.11,-1.97,-18.08,-7.07,17.07,-10.00,34.23,54.43,147.18,124.00,87.70,10.05
4362,19.14,3.99,-15.15,-11.54,17.16,-5.58,33.27,56.45,150.21,128.04,92.75,20.15
4363,19.14,8.03,-11.11,-13.56,15.15,-1.54,34.23,57.46,151.22,131.07,94.77,18.13
4364,27.21,9.04,-18.17,-18.13,22.69,-4.57,31.25,56.45,149.20,130.06,94.77,14.09
4365,32.26,13.08,-19.18,-22.65,25.72,-3.03,33.27,61.50,155.25,134.10,100.83,22.17
4366,31.25,14.09,-17.16,-22.65,24.23,-1.54,33.27,59.48,153.23,132.08,97.80,19.14
4367,28.22,15.10,-13.13,-21.64,20.67,1.01,34.23,60.49,152.22,134.10,99.82,21.16
4368,18.13,15.10,-3.03,-16.59,10.58,6.06,35.24,62.51,156.26,139.10,103.81,24.18
4369,28.22,23.18,-5.05,-25.68,16.64,9.09,34.23,61.50,156.26,138.09,102.80,24.18
4370,32.26,23.18,-9.09,-27.69,20.67,7.07,31.25,59.48,155.25,138.09,103.81,22.17
4371,17.12,10.05,-7.07,-13.56,12.12,1.49,33.27,58.47,153.23,134.10,100.83,16.11
4372,24.18,10.05,-14.14,-17.12,19.18,-2.02,32.26,58.47,152.22,131.07,100.83,18.13
4373,25.19,13.08,-12.12,-19.14,18.66,0.48,29.23,56.45,152.22,134.10,104.82,24.18
4374,20.15,9.04,-11.11,-14.57,15.63,-1.01,31.25,56.45,154.24,132.08,105.83,23.18
4375,28.22,13.08,-15.15,-20.63,21.68,-1.01,24.18,47.36,148.19,126.02,101.79,20.15
4376,31.25,16.11,-15.15,-23.66,23.22,0.48,22.17,50.39,152.22,132.08,107.85,31.25
4377,25.19,15.10,-10.10,-20.15,17.65,2.50,29.23,58.47,158.28,136.07,112.89,38.27
4378,15.10,9.04,-6.06,-12.07,10.58,1.49,29.23,54.43,156.26,133.09,108.86,32.26
4379,23.18,14.09,-9.09,-18.61,16.16,2.50,25.19,53.42,156.26,134.10,109.87,30.24
4380,29.23,21.16,-8.08,-25.19,18.66,6.54,22.17,53.42,154.24,133.09,111.88,32.26
4381,25.19,16.11,-9.09,-20.63,17.16,3.51,20.15,49.38,151.22,131.07,106.84,29.23
4382,20.15,15.10,-5.05,-17.60,12.60,5.05,20.15,49.38,151.22,129.05,103.81,23.18
4383,20.15,18.13,-2.02,-19.14,11.11,8.08,21.16,48.37,152.22,130.06,105.83,24.18
4384,26.20,23.18,-3.03,-24.67,14.62,10.10,23.18,49.38,152.22,133.09,108.86,29.23
4385,26.20,22.17,-4.04,-24.18,15.15,9.09,25.19,53.42,156.26,134.10,108.86,29.23
4386,25.19,20.15,-5.05,-22.65,15.15,7.55,21.16,49.38,153.23,129.05,104.82,31.25
4387,29.23,23.18,-6.06,-26.20,17.65,8.56,25.19,52.41,155.25,132.08,107.85,31.25
4388,39.28,29.23,-10.05,-34.23,24.67,9.62,21.16,51.40,155.25,132.08,107.85,31.25
4389,27.21,22.17,-5.05,-24.67,16.16,8.56,19.14,48.37,152.22,130.06,104.82,32.26
4390,24.18,27.21,3.03,-25.68,10.58,15.15,30.24,56.45,156.26,135.06,109.87,31.25
4391,38.27,35.24,-3.03,-36.73,20.67,16.11,16.11,46.35,153.23,134.10,111.88,38.27
4392,26.20,18.13,-8.08,-22.17,17.16,5.05,11.06,41.30,150.21,133.09,112.89,39.28
4393,10.05,14.09,4.04,-12.07,3.03,9.09,17.12,42.31,150.21,134.10,113.90,40.29
4394,2.98,8.03,5.05,-5.48,-1.01,6.54,14.09,41.30,147.18,131.07,109.87,34.23
4395,9.04,9.04,0.00,-9.04,4.52,4.52,17.12,42.31,145.16,129.05,104.82,26.20
4396,16.11,14.09,-2.02,-15.10,9.09,6.06,11.06,34.23,140.11,128.04,102.80,27.21
4397,16.11,17.12,1.01,-16.59,7.55,9.09,14.09,41.30,143.14,131.07,107.85,32.26
4398,22.17,29.23,7.07,-25.68,7.55,18.17,26.20,50.39,148.19,136.07,111.88,35.24
4399,29.23,35.24,6.01,-32.21,11.64,20.63,18.13,39.28,146.17,139.10,113.90,41.30
4400,37.26,38.27,1.01,-37.74,18.13,19.67,10.05,36.25,144.15,137.08,112.89,38.27
4401,23.18,34.23,11.06,-28.70,6.06,22.65,6.01,34.23,139.10,132.08,110.87,35.24
4402,6.01,28.22,22.21,-17.12,-8.08,25.24,3.99,30.24,138.09,134.10,113.90,49.38
4403,9.04,20.15,11.11,-14.57,-1.01,15.63,3.99,28.22,136.07,130.06,110.87,42.31
4404,14.09,23.18,9.09,-18.61,2.50,16.16,0.00,27.21,133.09,126.02,105.83,26.20
4405,15.10,28.22,13.13,-21.64,1.01,20.67,5.00,31.25,136.07,128.04,106.84,28.22
4406,23.18,37.26,14.09,-30.19,4.57,25.68,5.00,31.25,137.08,130.06,111.88,37.26
4407,23.18,34.23,11.06,-28.70,6.06,22.65,2.98,28.22,135.06,129.05,112.89,36.25
4408,22.17,30.24,8.08,-26.20,7.07,19.18,8.03,31.25,135.06,126.02,109.87,31.25
4409,22.17,39.28,17.12,-30.72,2.55,28.22,-0.96,26.20,130.06,124.00,109.87,33.27
4410,16.11,39.28,23.18,-27.69,-3.51,31.25,-9.04,20.15,126.02,120.97,107.85,33.27
4411,9.04,43.32,34.28,-26.16,-12.60,38.80,0.00,25.19,129.05,124.00,109.87,36.25
4412,12.07,40.29,28.22,-26.16,-8.08,34.28,-3.99,22.17,129.05,126.02,113.90,46.35
4413,16.11,39.28,23.18,-27.69,-3.51,31.25,-10.05,19.14,127.03,122.99,110.87,44.33
4414,10.05,39.28,29.23,-24.67,-9.57,34.28,-8.03,23.18,131.07,121.98,109.87,39.28
4415,13.08,41.30,28.22,-27.17,-7.55,34.76,-9.04,18.13,124.00,118.95,107.85,37.26
4416,14.09,45.34,31.25,-29.71,-8.56,38.32,-6.01,18.13,120.97,118.95,106.84,40.29
4417,17.12,51.40,34.28,-34.23,-8.56,42.84,-3.99,20.15,122.99,120.97,111.88,47.36
4418,19.14,48.37,29.23,-33.75,-5.05,38.80,-10.05,18.13,120.97,114.91,109.87,41.30
4419,14.09,39.28,25.19,-26.69,-5.53,32.26,-17.12,11.06,112.89,107.85,101.79,32.26
4420,14.09,40.29,26.20,-27.17,-6.06,33.27,-21.16,7.02,108.86,105.83,98.81,32.26
4421,21.16,52.41,31.25,-36.78,-5.05,41.83,-22.17,8.03,113.90,109.87,104.82,41.30
4422,29.23,61.50,32.26,-45.34,-1.49,46.88,-22.17,7.02,110.87,107.85,101.79,40.29
4423,20.15,57.46,37.31,-38.80,-8.56,47.41,-18.13,6.01,107.85,101.79,96.79,35.24
4424,18.13,62.51,44.38,-40.29,-13.13,53.47,-19.14,6.01,105.83,99.82,95.78,37.26
4425,20.15,64.52,44.38,-42.31,-12.12,54.48,-19.14,6.01,105.83,101.79,98.81,43.32
4426,22.17,68.52,46.35,-45.34,-12.07,57.46,-22.17,0.00,102.80,98.81,99.82,43.32
4427,22.17,67.51,45.34,-44.81,-11.59,56.45,-26.20,-2.98,97.80,93.76,94.77,39.28
4428,22.17,64.52,42.36,-43.32,-10.10,53.47,-29.23,-7.02,96.79,94.77,95.78,42.31
4429,12.07,64.52,52.46,-38.27,-20.19,58.51,-30.24,-12.07,91.74,93.76,92.75,37.26
4430,0.96,54.43,53.47,-27.69,-26.25,53.95,-34.23,-11.06,88.71,89.72,91.74,36.25
4431,6.01,53.42,47.41,-29.71,-20.67,50.44,-42.31,-21.16,82.65,87.70,91.74,41.30
4432,14.09,64.52,50.44,-39.28,-18.17,57.50,-40.29,-19.14,82.65,88.71,90.73,39.28
4433,24.18,69.53,45.34,-46.83,-10.58,57.46,-38.27,-14.09,80.63,88.71,89.72,41.30
4434,14.09,69.53,55.44,-41.78,-20.67,62.51,-39.28,-17.12,78.61,87.70,88.71,43.32
4435,6.01,68.52,62.51,-37.26,-28.22,65.53,-43.32,-25.19,73.56,83.66,84.67,39.28
4436,3.99,62.51,58.51,-33.22,-27.26,60.53,-52.41,-31.25,65.53,75.58,79.62,35.24
4437,0.96,68.52,67.55,-34.71,-33.27,68.03,-49.38,-29.23,67.51,76.59,82.65,39.28
4438,10.05,71.54,61.50,-40.77,-25.72,66.54,-49.38,-35.24,64.52,72.55,81.64,39.28
4439,12.07,72.55,60.49,-42.31,-24.18,66.54,-54.43,-33.27,61.50,69.53,78.61,39.28
4440,0.00,72.55,72.55,-36.25,-36.25,72.55,-60.49,-40.29,56.45,67.51,77.60,40.29
4441,-2.98,71.54,74.53,-34.28,-38.75,73.04,-62.51,-50.39,47.36,59.48,72.55,37.26
4442,9.04,81.64,72.60,-45.34,-31.78,77.12,-66.54,-50.39,43.32,56.45,69.53,39.28
4443,14.09,80.63,66.54,-47.36,-26.20,73.61,-70.53,-55.44,38.27,51.40,64.52,35.24
4444,-5.00,77.60,82.60,-36.30,-43.80,80.10,-63.52,-53.42,37.26,51.40,65.53,33.27
4445,-13.08,81.64,94.72,-34.28,-53.90,88.18,-64.52,-51.40,40.29,56.45,71.54,39.28
4446,-12.07,88.71,100.78,-38.32,-56.40,94.72,-70.53,-56.45,35.24,54.43,71.54,48.37
4447,-10.05,92.75,102.80,-41.35,-56.40,97.75,-74.57,-64.52,24.18,45.34,62.51,41.30
4448,-1.97,91.74,93.71,-44.86,-47.84,92.70,-76.59,-72.55,18.13,40.29,55.44,26.20
4449,-3.99,86.69,90.68,-41.35,-47.31,88.66,-85.68,-80.63,9.04,34.23,53.42,29.23
4450,-14.09,86.69,100.78,-36.30,-57.41,93.71,-92.75,-84.67,5.00,31.25,53.42,33.27
4451,-20.15,84.67,104.82,-32.26,-62.46,94.72,-91.74,-86.69,0.00,28.22,50.39,29.23
4452,-20.15,86.69,106.84,-33.27,-63.47,96.74,-98.81,-94.77,-5.00,24.18,48.37,33.27
4453,-24.18,88.71,112.89,-32.26,-68.52,100.78,-102.80,-101.79,-11.06,20.15,46.35,35.24
4454,-28.22,85.68,113.90,-28.70,-71.06,99.77,-108.86,-111.88,-16.11,16.11,46.35,36.25
4455,-31.25,97.80,129.05,-33.27,-80.15,113.42,-109.87,-115.92,-19.14,15.10,46.35,34.23
4456,-34.23,94.77,129.00,-30.24,-81.59,111.88,-102.80,-105.83,-26.20,6.01,35.24,21.16
4457,-25.19,92.75,117.94,-33.75,-71.54,105.35,-106.84,-107.85,-31.25,1.97,30.24,24.18
4458,-19.14,107.85,126.98,-44.33,-73.04,117.41,-114.91,-118.95,-37.26,0.96,35.24,31.25
4459,-24.18,112.89,137.08,-44.33,-80.63,124.96,-113.90,-121.98,-43.32,-2.98,33.27,34.23
4460,-19.14,118.95,138.09,-49.91,-78.61,128.52,-116.93,-122.99,-51.40,-12.07,21.16,28.22
4461,-26.20,118.95,145.16,-46.35,-85.68,132.03,-128.04,-133.09,-59.48,-17.12,19.14,25.19
4462,-39.28,119.96,159.24,-40.34,-99.24,139.58,-125.01,-138.09,-62.51,-18.13,20.15,32.26
4463,-24.18,135.06,159.24,-55.44,-91.69,147.13,-125.01,-138.09,-66.54,-19.14,22.17,34.23
4464,-17.12,139.10,156.22,-60.97,-86.64,147.66,-141.12,-151.22,-78.61,-27.21,12.07,27.21
4465,-26.20,130.06,156.26,-51.93,-91.21,143.14,-142.13,-154.24,-87.70,-38.27,3.99,22.17
4466,-22.17,139.10,161.26,-58.47,-91.69,150.16,-150.21,-163.33,-94.77,-43.32,1.97,25.19
4467,-23.18,149.20,172.37,-62.99,-97.75,160.78,-153.23,-171.36,-100.83,-46.35,-0.96,24.18
4468,-34.23,141.12,175.35,-53.42,-104.77,158.23,-149.20,-168.33,-105.83,-47.36,0.96,26.20
4469,-34.23,136.07,170.30,-50.92,-102.27,153.19,-160.30,-179.44,-119.96,-60.49,-10.05,15.10
4470,-29.23,146.17,175.40,-58.47,-102.32,160.78,-165.35,-187.52,-131.07,-68.52,-18.13,13.08
4471,-35.24,148.19,183.43,-56.45,-109.34,165.78,-169.34,-193.57,-138.09,-72.55,-17.12,27.21
4472,-38.27,149.20,187.47,-55.44,-112.85,168.33,-170.35,-195.59,-144.15,-77.60,-22.17,17.12
4473,-41.30,151.22,192.52,-54.96,-116.89,171.84,-172.37,-199.63,-153.23,-84.67,-31.25,9.04
4474,-53.42,145.16,198.57,-45.87,-125.97,171.84,-182.47,-209.68,-164.34,-92.75,-37.26,10.05
4475,-50.39,155.25,205.64,-52.41,-127.99,180.45,-186.51,-214.73,-170.35,-96.79,-39.28,9.04
4476,-51.40,154.24,205.64,-51.40,-128.52,179.92,-194.58,-226.85,-180.45,-103.81,-41.30,14.09
4477,-48.37,157.27,205.64,-54.43,-126.98,181.46,-199.63,-235.89,-189.54,-112.89,-45.34,12.07
4478,-40.29,169.34,209.63,-64.52,-124.96,189.49,-196.60,-229.88,-191.56,-114.91,-46.35,15.10
4479,-50.39,162.32,212.71,-55.97,-131.55,187.52,-204.63,-239.92,-203.62,-125.01,-54.43,10.05
4480,-70.53,153.23,223.77,-41.35,-147.13,188.48,-212.71,-254.06,-221.80,-140.11,-67.51,-1.97
4481,-70.53,167.37,237.91,-48.42,-154.20,202.61,-212.71,-258.10,-228.87,-143.14,-66.54,3.99
4482,-66.54,173.38,239.92,-53.42,-153.23,206.65,-219.78,-269.16,-239.92,-151.22,-72.55,0.96
4483,-66.54,176.41,242.95,-54.91,-154.72,209.68,-224.83,-278.25,-250.02,-160.30,-77.60,0.00
4484,-64.52,184.49,249.01,-59.96,-156.74,216.75,-230.89,-286.32,-260.12,-167.37,-81.64,-0.96
4485,-68.52,180.45,248.96,-55.97,-158.72,214.68,-239.92,-294.40,-270.17,-176.41,-89.72,-6.01
4486,-72.55,187.52,260.07,-57.46,-166.31,223.77,-240.93,-299.45,-280.26,-182.47,-93.76,-3.99
4487,-68.52,188.53,257.04,-60.01,-162.75,222.76,-251.03,-309.50,-294.40,-194.58,-105.83,-8.03
4488,-71.54,182.47,254.01,-55.44,-162.75,218.24,-256.08,-316.57,-303.44,-203.62,-111.88,-10.05
4489,-68.52,193.57,262.09,-62.51,-165.30,227.81,-255.07,-313.54,-308.49,-204.63,-112.89,-6.01
4490,-75.58,194.58,270.17,-59.48,-172.85,232.38,-267.19,-330.70,-318.59,-211.70,-117.94,-5.00
4491,-80.63,191.56,272.19,-55.44,-176.41,231.85,-270.17,-336.71,-331.71,-222.81,-127.03,-14.09
4492,-79.62,188.53,268.15,-54.43,-173.86,228.34,-274.21,-336.71,-343.78,-232.90,-135.06,-21.16
4493,-95.78,175.40,271.18,-39.81,-183.48,223.29,-284.30,-351.86,-357.92,-244.97,-141.12,-16.11
4494,-84.67,189.54,274.21,-52.41,-179.44,231.85,-281.27,-348.83,-358.93,-243.96,-141.12,-15.10
4495,-83.66,200.64,284.30,-58.47,-183.96,242.47,-285.31,-356.91,-367.00,-250.02,-146.17,-18.13
4496,-94.77,192.56,287.33,-48.90,-191.03,239.92,-291.37,-365.99,-382.10,-262.14,-156.26,-22.17
4497,-97.80,189.54,287.33,-45.87,-192.56,238.43,-298.44,-376.04,-393.21,-271.18,-164.34,-27.21
4498,-100.83,189.54,290.36,-44.33,-195.59,239.92,-309.50,-392.20,-405.28,-281.27,-169.34,-27.21
4499,-95.78,199.63,295.41,-51.93,-195.59,247.52,-310.51,-389.17,-412.34,-283.29,-169.34,-21.16
4500,-102.80,206.65,309.45,-51.93,-206.12,258.05,-311.52,-392.20,-421.43,-290.36,-176.41,-24.18
4501,-107.85,210.69,318.54,-51.40,-213.19,264.59,-317.58,-406.29,-433.55,-300.46,-183.48,-27.21
4502,-103.81,210.69,314.50,-53.42,-209.15,262.57,-319.59,-413.35,-442.59,-306.47,-189.54,-28.22
4503,-105.83,205.64,311.47,-49.91,-208.62,258.53,-323.63,-412.34,-449.65,-315.56,-198.62,-35.24
4504,-111.88,210.69,322.58,-49.38,-217.23,266.61,-328.68,-419.41,-459.75,-322.62,-203.62,-33.27
4505,-107.85,211.70,319.55,-51.93,-213.67,265.60,-327.67,-420.42,-463.79,-325.65,-205.64,-30.24
4506,-100.83,219.78,320.60,-59.48,-210.69,270.17,-332.72,-423.45,-472.83,-331.71,-208.67,-27.21
4507,-102.80,220.79,323.59,-59.00,-213.19,272.19,-341.76,-433.55,-488.98,-344.79,-218.77,-38.27
4508,-110.87,213.72,324.60,-51.40,-217.71,269.16,-340.75,-437.54,-496.05,-351.86,-226.85,-48.37
4509,-112.89,214.73,327.62,-50.92,-220.26,271.18,-342.77,-446.63,-503.12,-356.91,-227.86,-47.36
4510,-101.79,219.78,321.57,-59.00,-211.65,270.65,-348.83,-453.69,-509.13,-362.96,-231.90,-46.35
4511,-102.80,222.81,325.61,-60.01,-214.20,274.21,-351.86,-455.71,-516.20,-368.01,-232.90,-42.31
4512,-106.84,220.79,327.62,-56.98,-217.23,274.21,-351.86,-457.73,-522.26,-370.99,-232.90,-43.32
4513,-109.87,217.76,327.62,-53.95,-218.72,272.67,-353.88,-461.77,-531.34,-378.06,-238.91,-43.32
4514,-121.98,207.66,329.64,-42.84,-225.79,268.63,-365.99,-478.89,-544.42,-389.17,-245.98,-44.33
4515,-124.00,207.66,331.66,-41.83,-227.81,269.64,-372.00,-486.97,-553.51,-396.24,-255.07,-52.41
4516,-130.06,201.65,331.71,-35.77,-230.89,266.66,-365.99,-475.86,-557.55,-401.28,-259.11,-51.40
4517,-140.11,194.58,334.69,-27.21,-237.38,264.64,-365.99,-479.90,-560.58,-404.27,-260.12,-45.34
4518,-134.10,199.63,333.73,-32.74,-233.91,266.66,-365.99,-483.94,-566.64,-408.30,-264.16,-46.35
4519,-126.02,204.63,330.65,-39.28,-228.34,267.62,-364.98,-482.93,-569.66,-411.33,-268.20,-56.45
4520,-122.99,207.66,330.65,-42.31,-226.80,269.16,-372.00,-487.97,-576.68,-417.39,-275.22,-62.51
4521,-124.00,202.61,326.61,-39.28,-225.31,264.59,-370.99,-487.97,-581.73,-424.46,-280.26,-60.49
4522,-121.98,205.64,327.62,-41.83,-224.78,266.61,-365.99,-484.95,-579.71,-425.47,-280.26,-60.49
4523,-119.96,209.68,329.64,-44.86,-224.78,269.64,-363.97,-482.93,-579.71,-426.48,-281.27,-57.46
4524,-122.99,207.66,330.65,-42.31,-226.80,269.16,-364.98,-482.93,-581.73,-427.49,-282.28,-58.47
4525,-121.98,204.63,326.61,-41.30,-224.30,265.60,-363.97,-481.92,-583.75,-430.52,-283.29,-55.44
4526,-119.96,203.62,323.59,-41.83,-221.75,263.58,-362.96,-479.90,-585.77,-434.56,-289.35,-61.50
4527,-116.93,205.64,322.58,-44.33,-219.73,264.11,-360.94,-478.89,-584.76,-436.58,-293.39,-67.51
4528,-127.03,193.57,320.60,-33.27,-223.82,257.09,-356.91,-473.84,-582.74,-437.54,-292.38,-66.54
4529,-138.09,178.43,316.52,-20.15,-227.28,247.47,-355.90,-469.85,-580.72,-436.58,-292.38,-66.54
4530,-137.08,172.37,309.45,-17.65,-223.24,240.89,-351.86,-464.80,-574.67,-431.53,-287.33,-60.49
4531,-136.07,165.35,301.42,-14.62,-218.72,233.39,-348.83,-460.76,-575.67,-433.55,-294.40,-68.52
4532,-133.09,167.37,300.46,-17.12,-216.75,233.91,-342.77,-455.71,-572.65,-432.54,-295.41,-73.56
4533,-133.09,167.37,300.46,-17.12,-216.75,233.91,-336.71,-447.63,-564.62,-425.47,-289.35,-66.54
4534,-124.00,162.32,286.32,-19.14,-205.16,224.30,-339.74,-450.66,-564.62,-428.50,-296.42,-76.59
4535,-109.87,166.36,276.23,-28.22,-193.05,221.27,-341.76,-447.63,-564.62,-429.51,-300.46,-85.68
4536,-115.92,159.29,275.22,-21.68,-195.55,217.23,-329.69,-437.54,-556.54,-424.46,-295.41,-78.61
4537,-118.95,152.22,271.18,-16.64,-195.06,211.70,-319.59,-433.55,-549.47,-420.42,-296.42,-83.66
4538,-118.95,148.19,267.14,-14.62,-193.05,207.66,-318.59,-424.46,-543.41,-419.41,-298.44,-87.70
4539,-124.00,141.12,265.12,-8.56,-194.54,203.09,-317.58,-425.47,-539.37,-419.41,-297.43,-85.68
4540,-120.97,143.14,264.11,-11.06,-192.52,203.62,-312.53,-421.43,-533.36,-415.37,-294.40,-86.69
4541,-125.01,137.08,262.09,-6.01,-193.53,199.58,-302.48,-409.31,-522.26,-408.30,-288.34,-82.65
4542,-122.99,125.01,248.00,-1.01,-185.50,186.51,-296.42,-400.28,-516.20,-406.29,-287.33,-81.64
4543,-116.93,125.01,241.94,-4.04,-179.44,183.48,-290.36,-393.21,-508.12,-402.29,-286.32,-80.63
4544,-114.91,125.01,239.92,-5.05,-177.42,182.47,-285.31,-385.13,-499.08,-397.25,-286.32,-89.72
4545,-112.89,114.91,227.81,-1.01,-170.35,171.36,-283.29,-377.05,-491.00,-394.22,-287.33,-95.78
4546,-111.88,113.90,225.79,-1.01,-168.81,169.82,-272.19,-367.00,-479.90,-386.14,-280.26,-87.70
4547,-104.82,113.90,218.72,-4.52,-161.74,166.31,-261.13,-355.90,-468.84,-381.09,-277.24,-85.68
4548,-110.87,101.79,212.66,4.52,-161.74,157.23,-258.10,-347.82,-458.74,-375.03,-275.22,-85.68
4549,-115.92,96.79,212.71,9.57,-164.29,154.72,-253.05,-335.75,-443.60,-363.97,-268.20,-83.66
4550,-100.83,94.77,195.59,3.03,-148.19,145.16,-241.94,-323.63,-431.53,-353.88,-262.14,-78.61
4551,-92.75,91.74,184.49,0.48,-138.62,138.09,-234.92,-315.56,-423.45,-347.82,-263.15,-88.71
4552,-93.76,87.70,181.46,3.03,-137.61,134.58,-228.87,-308.49,-412.34,-337.72,-255.07,-82.65
4553,-100.83,80.63,181.46,10.10,-141.12,131.02,-221.80,-299.45,-398.26,-325.65,-244.97,-75.58
4554,-93.76,77.60,171.36,8.08,-132.56,124.48,-212.71,-289.35,-387.15,-319.59,-244.97,-83.66
4555,-74.57,83.66,158.23,-4.52,-116.40,120.92,-200.64,-277.24,-374.02,-308.49,-239.92,-81.64
4556,-83.66,71.54,155.21,6.06,-119.43,113.38,-191.56,-264.16,-359.94,-298.44,-233.91,-84.67
4557,-87.70,60.49,148.19,13.61,-117.94,104.34,-184.49,-254.06,-349.84,-290.36,-226.85,-77.60
4558,-85.68,55.44,141.12,15.10,-113.38,98.28,-176.41,-243.96,-337.72,-281.27,-220.79,-77.60
4559,-89.72,49.38,139.10,20.15,-114.38,94.24,-175.40,-239.92,-327.67,-273.20,-215.74,-77.60
4560,-91.74,40.29,132.03,25.72,-111.88,86.16,-170.35,-228.87,-317.58,-266.18,-211.70,-76.59
4561,-86.69,42.31,129.00,22.17,-107.85,85.63,-154.24,-205.64,-297.43,-252.04,-203.62,-70.53
4562,-73.56,52.41,125.97,10.58,-99.77,89.19,-146.17,-195.59,-283.29,-239.92,-194.58,-56.45
4563,-68.52,44.33,112.85,12.07,-90.68,78.56,-148.19,-192.56,-277.24,-234.92,-191.56,-59.48
4564,-66.54,42.31,108.86,12.12,-87.70,75.58,-142.13,-186.51,-267.19,-227.86,-190.55,-70.53
4565,-68.52,33.27,101.79,17.60,-85.15,67.51,-134.10,-181.46,-256.08,-219.78,-186.51,-76.59
4566,-60.49,38.27,98.76,11.11,-79.62,68.52,-118.95,-163.33,-235.89,-203.62,-170.35,-65.53
4567,-56.45,37.26,93.71,9.57,-75.05,65.49,-110.87,-148.19,-223.82,-196.60,-165.35,-65.53
4568,-56.45,23.18,79.62,16.64,-68.03,51.40,-107.85,-145.16,-218.77,-192.56,-165.35,-71.54
4569,-52.41,21.16,73.56,15.63,-62.99,47.36,-100.83,-133.09,-200.64,-177.42,-151.22,-61.50
4570,-58.47,13.08,71.54,22.69,-65.01,42.31,-95.78,-128.04,-188.53,-167.37,-144.15,-60.49
4571,-55.44,7.02,62.46,24.18,-58.95,34.71,-90.73,-121.98,-178.43,-159.29,-136.07,-61.50
4572,-52.41,6.01,58.42,23.18,-55.39,32.21,-84.67,-111.88,-166.36,-150.21,-127.03,-55.44
4573,-52.41,10.05,62.46,21.16,-57.41,36.25,-72.55,-99.82,-156.26,-143.14,-125.01,-62.51
4574,-48.37,5.00,53.37,21.68,-50.87,29.19,-65.53,-88.71,-146.17,-134.10,-119.96,-64.52
4575,-33.27,14.09,47.36,9.57,-40.29,30.72,-63.52,-80.63,-133.09,-122.99,-111.88,-55.44
4576,-31.25,12.07,43.32,9.57,-37.26,27.69,-57.46,-74.57,-121.98,-114.91,-105.83,-49.38
4577,-33.27,1.97,35.24,15.63,-34.23,18.61,-54.43,-71.54,-113.90,-108.86,-102.80,-52.41
4578,-32.26,11.06,43.32,10.58,-37.79,27.17,-44.33,-59.48,-99.82,-94.77,-91.74,-45.34
4579,-39.28,-1.97,37.31,20.63,-38.32,17.65,-40.29,-52.41,-91.74,-90.73,-88.71,-45.34
4580,-44.33,-8.03,36.30,26.16,-40.34,14.14,-38.27,-49.38,-87.70,-88.71,-90.73,-53.42
4581,-37.26,-0.96,36.30,19.09,-36.78,17.65,-31.25,-41.30,-73.56,-76.59,-81.64,-45.34
4582,-27.21,-1.97,25.24,14.57,-26.25,11.64,-29.23,-37.26,-66.54,-73.56,-81.64,-43.32
4583,-30.24,-3.99,26.25,17.12,-28.27,11.11,-25.19,-31.25,-58.47,-67.51,-78.61,-44.33
4584,-21.16,0.00,21.16,10.58,-21.16,10.58,-23.18,-27.21,-49.38,-61.50,-69.53,-40.29
4585,-14.09,-1.97,12.12,8.03,-13.13,5.05,-17.12,-19.14,-40.29,-54.43,-62.51,-35.24
4586,-17.12,-3.99,13.13,10.53,-15.15,4.57,-12.07,-12.07,-30.24,-45.34,-60.49,-39.28
4587,-13.08,-3.99,9.09,8.51,-11.11,2.55,-9.04,-10.05,-26.20,-43.32,-61.50,-41.30
4588,-18.13,-11.06,7.07,14.57,-12.60,-2.02,-6.01,-2.98,-19.14,-37.26,-55.44,-41.30
4589,-18.13,-1.97,16.16,10.05,-17.16,7.07,-2.98,2.98,-10.05,-27.21,-44.33,-39.28
4590,-21.16,-12.07,9.09,16.59,-15.15,-1.49,1.97,8.03,-5.00,-22.17,-42.31,-25.19
4591,-19.14,-26.20,-7.07,22.65,-6.06,-16.64,2.98,12.07,1.97,-18.13,-45.34,-25.19
4592,-14.09,-20.15,-6.06,17.12,-4.04,-13.13,7.02,17.12,11.06,-11.06,-38.27,-26.20
4593,-12.07,-19.14,-7.07,15.58,-2.50,-13.13,9.04,21.16,18.13,-8.03,-33.27,-24.18
4594,-11.06,-24.18,-13.13,17.60,1.01,-18.66,13.08,24.18,23.18,-3.99,-32.26,-30.24
4595,-15.10,-21.16,-6.06,18.13,-4.52,-13.61,19.14,31.25,29.23,2.98,-25.19,-23.18
4596,-12.07,-21.16,-9.09,16.59,-1.49,-15.15,19.14,37.26,38.27,12.07,-19.14,-21.16
4597,-9.04,-27.21,-18.17,18.13,4.57,-22.69,19.14,39.28,41.30,13.08,-18.13,-26.20
4598,-9.04,-22.17,-13.13,15.58,2.02,-17.65,20.15,39.28,48.37,21.16,-12.07,-20.15
4599,-16.11,-28.22,-12.12,22.17,-2.02,-20.19,21.16,35.24,51.40,24.18,-10.05,-24.18
4600,-17.12,-32.26,-15.15,24.67,-1.01,-23.70,23.18,42.31,52.41,25.19,-9.04,-22.17
4601,-0.96,-16.11,-15.15,8.51,7.07,-15.63,32.26,56.45,65.53,37.26,-0.96,-22.17
4602,2.98,-12.07,-15.05,4.52,8.99,-13.56,38.27,60.49,72.55,42.31,3.99,-17.12
4603,2.98,-12.07,-15.05,4.52,8.99,-13.56,36.25,58.47,77.60,48.37,9.04,-6.01
4604,9.04,-3.99,-13.03,-2.50,11.01,-8.51,36.25,61.50,77.60,48.37,5.00,-21.16
4605,12.07,-10.05,-22.12,-1.01,17.07,-16.06,41.30,68.52,82.65,53.42,11.06,-17.12
4606,10.05,-6.01,-16.06,-2.02,13.03,-11.01,46.35,73.56,91.74,60.49,21.16,-2.98
4607,5.00,-13.08,-18.08,4.04,11.54,-15.58,44.33,71.54,89.72,56.45,18.13,-10.05
4608,9.04,-27.21,-36.25,9.09,22.65,-31.73,40.29,68.52,91.74,57.46,15.10,-16.11
4609,10.05,-22.17,-32.21,6.06,21.11,-27.17,42.31,73.56,95.78,61.50,18.13,-13.08
4610,13.08,-26.20,-39.28,6.54,26.16,-32.74,47.36,78.61,100.83,64.52,21.16,-13.08
4611,12.07,-30.24,-42.31,9.09,27.17,-36.25,48.37,79.62,103.81,66.54,22.17,-10.05
4612,-1.97,-30.24,-28.27,16.11,13.13,-29.28,47.36,78.61,108.86,69.53,26.20,-3.99
4613,6.01,-24.18,-30.19,9.09,18.08,-27.17,49.38,79.62,113.90,71.54,27.21,-5.00
4614,12.07,-22.17,-34.23,5.05,23.13,-28.18,48.37,79.62,113.90,70.53,22.17,-10.05
4615,14.09,-19.14,-33.22,2.50,23.66,-26.16,51.40,83.66,117.94,75.58,25.19,-9.04
4616,16.11,-23.18,-39.28,3.51,27.69,-31.20,50.39,86.69,119.96,77.60,29.23,-7.02
4617,6.01,-34.23,-40.24,14.09,23.13,-37.21,54.43,87.70,122.99,78.61,29.23,-7.02
4618,8.03,-29.23,-37.26,10.58,22.65,-33.22,57.46,90.73,126.02,82.65,33.27,-2.98
4619,7.02,-26.20,-33.22,9.57,20.10,-29.71,55.44,89.72,126.02,83.66,33.27,-5.00
4620,3.99,-26.20,-30.19,11.11,17.07,-28.18,62.51,96.79,131.07,87.70,37.26,-1.97
4621,7.02,-20.15,-27.17,6.54,17.07,-23.66,63.52,95.78,134.10,90.73,40.29,0.96
4622,10.05,-19.14,-29.19,4.52,19.62,-24.14,65.53,97.80,136.07,91.74,44.33,6.01
4623,12.07,-21.16,-33.22,4.52,22.65,-27.17,64.52,98.81,140.11,94.77,45.34,5.00
4624,8.03,-20.15,-28.18,6.06,18.08,-24.14,61.50,91.74,139.10,94.77,42.31,-6.01
4625,9.04,-24.18,-33.22,7.55,21.11,-28.70,67.51,101.79,141.12,95.78,45.34,-1.97
4626,11.06,-25.19,-36.25,7.07,23.66,-30.72,65.53,100.83,141.12,93.76,44.33,-2.98
4627,2.98,-22.17,-25.15,9.57,14.04,-23.66,61.50,98.81,141.12,97.80,47.36,0.00
4628,12.07,-24.18,-36.25,6.06,24.14,-30.19,66.54,103.81,148.19,101.79,50.39,0.00
4629,18.13,-22.17,-40.29,2.02,29.19,-31.20,69.53,107.85,150.21,101.79,48.37,-6.01
4630,14.09,-24.18,-38.27,5.05,26.16,-31.20,67.51,106.84,151.22,106.84,54.43,2.98
4631,18.13,-28.22,-46.35,5.05,32.21,-37.26,67.51,102.80,149.20,106.84,56.45,1.97
4632,13.08,-21.16,-34.23,4.04,23.66,-27.69,72.55,106.84,153.23,107.85,59.48,-0.96
4633,7.02,-19.14,-26.16,6.06,16.59,-22.65,79.62,110.87,157.27,110.87,60.49,0.00
4634,15.10,-20.15,-35.24,2.50,25.15,-27.69,75.58,106.84,155.25,112.89,60.49,1.97
4635,26.20,-14.09,-40.29,-6.06,33.22,-27.17,70.53,103.81,158.28,113.90,62.51,3.99
4636,19.14,-26.20,-45.34,3.51,32.21,-35.77,77.60,108.86,158.28,112.89,58.47,-3.99
4637,8.03,-38.27,-46.30,15.10,27.17,-42.26,72.55,105.83,158.28,112.89,60.49,-1.97
4638,2.98,-37.26,-40.24,17.12,21.59,-38.75,70.53,104.82,158.28,112.89,59.48,-1.97
4639,8.03,-37.26,-45.29,14.62,26.64,-41.25,68.52,106.84,160.30,111.88,60.49,0.96
4640,11.06,-27.21,-38.27,8.08,24.67,-32.74,63.52,104.82,161.31,115.92,64.52,12.07
4641,23.18,-19.14,-42.31,-2.02,32.74,-30.72,72.55,111.88,160.30,114.91,60.49,3.99
4642,26.20,-21.16,-47.36,-2.50,36.78,-34.23,73.56,109.87,161.31,112.89,59.48,0.96
4643,0.00,0.00,0.00,0.00,0.00,0.00,0.00,0.00,0.00,0.00,0.00,0.00
4644,0.00,0.00,0.00,0.00,0.00,0.00,0.00,0.00,0.00,0.00,0.00,0.00
4645,0.00,0.00,0.00,0.00,0.00,0.00,0.00,0.00,0.00,0.00,0.00,0.00
4646,0.00,0.00,0.00,0.00,0.00,0.00,0.00,0.00,0.00,0.00,0.00,0.00
4647,0.00,0.00,0.00,0.00,0.00,0.00,0.00,0.00,0.00,0.00,0.00,0.00
4648,0.00,0.00,0.00,0.00,0.00,0.00,0.00,0.00,0.00,0.00,0.00,0.00
4649,0.00,0.00,0.00,0.00,0.00,0.00,0.00,0.00,0.00,0.00,0.00,0.00
4650,0.00,0.00,0.00,0.00,0.00,0.00,0.00,0.00,0.00,0.00,0.00,0.00
4651,0.00,0.00,0.00,0.00,0.00,0.00,0.00,0.00,0.00,0.00,0.00,0.00
4652,0.00,0.00,0.00,0.00,0.00,0.00,0.00,0.00,0.00,0.00,0.00,0.00
4653,0.00,0.00,0.00,0.00,0.00,0.00,0.00,0.00,0.00,0.00,0.00,0.00
4654,0.00,0.00,0.00,0.00,0.00,0.00,0.00,0.00,0.00,0.00,0.00,0.00
4655,0.00,0.00,0.00,0.00,0.00,0.00,0.00,0.00,0.00,0.00,0.00,0.00
4656,0.00,0.00,0.00,0.00,0.00,0.00,0.00,0.00,0.00,0.00,0.00,0.00
4657,0.00,0.00,0.00,0.00,0.00,0.00,0.00,0.00,0.00,0.00,0.00,0.00
4658,0.00,0.00,0.00,0.00,0.00,0.00,0.00,0.00,0.00,0.00,0.00,0.00
4659,0.00,0.00,0.00,0.00,0.00,0.00,0.00,0.00,0.00,0.00,0.00,0.00
4660,0.00,0.00,0.00,0.00,0.00,0.00,0.00,0.00,0.00,0.00,0.00,0.00
4661,0.00,0.00,0.00,0.00,0.00,0.00,0.00,0.00,0.00,0.00,0.00,0.00
4662,0.00,0.00,0.00,0.00,0.00,0.00,0.00,0.00,0.00,0.00,0.00,0.00
4663,0.00,0.00,0.00,0.00,0.00,0.00,0.00,0.00,0.00,0.00,0.00,0.00
4664,0.00,0.00,0.00,0.00,0.00,0.00,0.00,0.00,0.00,0.00,0.00,0.00
4665,0.00,0.00,0.00,0.00,0.00,0.00,0.00,0.00,0.00,0.00,0.00,0.00
4666,0.00,0.00,0.00,0.00,0.00,0.00,0.00,0.00,0.00,0.00,0.00,0.00
4667,0.00,0.00,0.00,0.00,0.00,0.00,0.00,0.00,0.00,0.00,0.00,0.00
4668,0.00,0.00,0.00,0.00,0.00,0.00,0.00,0.00,0.00,0.00,0.00,0.00
4669,0.00,0.00,0.00,0.00,0.00,0.00,0.00,0.00,0.00,0.00,0.00,0.00
4670,0.00,0.00,0.00,0.00,0.00,0.00,0.00,0.00,0.00,0.00,0.00,0.00
4671,0.00,0.00,0.00,0.00,0.00,0.00,0.00,0.00,0.00,0.00,0.00,0.00
4672,0.00,0.00,0.00,0.00,0.00,0.00,0.00,0.00,0.00,0.00,0.00,0.00
4673,0.00,0.00,0.00,0.00,0.00,0.00,0.00,0.00,0.00,0.00,0.00,0.00
4674,0.00,0.00,0.00,0.00,0.00,0.00,0.00,0.00,0.00,0.00,0.00,0.00
4675,0.00,0.00,0.00,0.00,0.00,0.00,0.00,0.00,0.00,0.00,0.00,0.00
4676,0.00,0.00,0.00,0.00,0.00,0.00,0.00,0.00,0.00,0.00,0.00,0.00
4677,0.00,0.00,0.00,0.00,0.00,0.00,0.00,0.00,0.00,0.00,0.00,0.00
4678,0.00,0.00,0.00,0.00,0.00,0.00,0.00,0.00,0.00,0.00,0.00,0.00
4679,0.00,0.00,0.00,0.00,0.00,0.00,0.00,0.00,0.00,0.00,0.00,0.00
4680,0.00,0.00,0.00,0.00,0.00,0.00,0.00,0.00,0.00,0.00,0.00,0.00
4681,0.00,0.00,0.00,0.00,0.00,0.00,0.00,0.00,0.00,0.00,0.00,0.00
4682,0.00,0.00,0.00,0.00,0.00,0.00,0.00,0.00,0.00,0.00,0.00,0.00
4683,0.00,0.00,0.00,0.00,0.00,0.00,0.00,0.00,0.00,0.00,0.00,0.00
4684,0.00,0.00,0.00,0.00,0.00,0.00,0.00,0.00,0.00,0.00,0.00,0.00
4685,0.00,0.00,0.00,0.00,0.00,0.00,0.00,0.00,0.00,0.00,0.00,0.00
4686,0.00,0.00,0.00,0.00,0.00,0.00,0.00,0.00,0.00,0.00,0.00,0.00
4687,0.00,0.00,0.00,0.00,0.00,0.00,0.00,0.00,0.00,0.00,0.00,0.00
4688,0.00,0.00,0.00,0.00,0.00,0.00,0.00,0.00,0.00,0.00,0.00,0.00
4689,0.00,0.00,0.00,0.00,0.00,0.00,0.00,0.00,0.00,0.00,0.00,0.00
4690,0.00,0.00,0.00,0.00,0.00,0.00,0.00,0.00,0.00,0.00,0.00,0.00
4691,0.00,0.00,0.00,0.00,0.00,0.00,0.00,0.00,0.00,0.00,0.00,0.00
4692,0.00,0.00,0.00,0.00,0.00,0.00,0.00,0.00,0.00,0.00,0.00,0.00
4693,0.00,0.00,0.00,0.00,0.00,0.00,0.00,0.00,0.00,0.00,0.00,0.00
4694,0.00,0.00,0.00,0.00,0.00,0.00,0.00,0.00,0.00,0.00,0.00,0.00
4695,0.00,0.00,0.00,0.00,0.00,0.00,0.00,0.00,0.00,0.00,0.00,0.00
4696,0.00,0.00,0.00,0.00,0.00,0.00,0.00,0.00,0.00,0.00,0.00,0.00
4697,0.00,0.00,0.00,0.00,0.00,0.00,0.00,0.00,0.00,0.00,0.00,0.00
4698,0.00,0.00,0.00,0.00,0.00,0.00,0.00,0.00,0.00,0.00,0.00,0.00
4699,0.00,0.00,0.00,0.00,0.00,0.00,0.00,0.00,0.00,0.00,0.00,0.00
4700,0.00,0.00,0.00,0.00,0.00,0.00,0.00,0.00,0.00,0.00,0.00,0.00
4701,0.00,0.00,0.00,0.00,0.00,0.00,0.00,0.00,0.00,0.00,0.00,0.00
4702,0.00,0.00,0.00,0.00,0.00,0.00,0.00,0.00,0.00,0.00,0.00,0.00
4703,0.00,0.00,0.00,0.00,0.00,0.00,0.00,0.00,0.00,0.00,0.00,0.00
4704,0.00,0.00,0.00,0.00,0.00,0.00,0.00,0.00,0.00,0.00,0.00,0.00
4705,0.00,0.00,0.00,0.00,0.00,0.00,0.00,0.00,0.00,0.00,0.00,0.00
4706,0.00,0.00,0.00,0.00,0.00,0.00,0.00,0.00,0.00,0.00,0.00,0.00
4707,0.00,0.00,0.00,0.00,0.00,0.00,0.00,0.00,0.00,0.00,0.00,0.00
4708,0.00,0.00,0.00,0.00,0.00,0.00,0.00,0.00,0.00,0.00,0.00,0.00
4709,0.00,0.00,0.00,0.00,0.00,0.00,0.00,0.00,0.00,0.00,0.00,0.00
4710,0.00,0.00,0.00,0.00,0.00,0.00,0.00,0.00,0.00,0.00,0.00,0.00
4711,0.00,0.00,0.00,0.00,0.00,0.00,0.00,0.00,0.00,0.00,0.00,0.00
4712,0.00,0.00,0.00,0.00,0.00,0.00,0.00,0.00,0.00,0.00,0.00,0.00
4713,0.00,0.00,0.00,0.00,0.00,0.00,0.00,0.00,0.00,0.00,0.00,0.00
4714,0.00,0.00,0.00,0.00,0.00,0.00,0.00,0.00,0.00,0.00,0.00,0.00
4715,0.00,0.00,0.00,0.00,0.00,0.00,0.00,0.00,0.00,0.00,0.00,0.00
4716,0.00,0.00,0.00,0.00,0.00,0.00,0.00,0.00,0.00,0.00,0.00,0.00
4717,0.00,0.00,0.00,0.00,0.00,0.00,0.00,0.00,0.00,0.00,0.00,0.00
4718,0.00,0.00,0.00,0.00,0.00,0.00,0.00,0.00,0.00,0.00,0.00,0.00
4719,0.00,0.00,0.00,0.00,0.00,0.00,0.00,0.00,0.00,0.00,0.00,0.00
4720,0.00,0.00,0.00,0.00,0.00,0.00,0.00,0.00,0.00,0.00,0.00,0.00
4721,0.00,0.00,0.00,0.00,0.00,0.00,0.00,0.00,0.00,0.00,0.00,0.00
4722,0.00,0.00,0.00,0.00,0.00,0.00,0.00,0.00,0.00,0.00,0.00,0.00
4723,0.00,0.00,0.00,0.00,0.00,0.00,0.00,0.00,0.00,0.00,0.00,0.00
4724,0.00,0.00,0.00,0.00,0.00,0.00,0.00,0.00,0.00,0.00,0.00,0.00
4725,0.00,0.00,0.00,0.00,0.00,0.00,0.00,0.00,0.00,0.00,0.00,0.00
4726,0.00,0.00,0.00,0.00,0.00,0.00,0.00,0.00,0.00,0.00,0.00,0.00
4727,0.00,0.00,0.00,0.00,0.00,0.00,0.00,0.00,0.00,0.00,0.00,0.00
4728,0.00,0.00,0.00,0.00,0.00,0.00,0.00,0.00,0.00,0.00,0.00,0.00
4729,0.00,0.00,0.00,0.00,0.00,0.00,0.00,0.00,0.00,0.00,0.00,0.00
4730,0.00,0.00,0.00,0.00,0.00,0.00,0.00,0.00,0.00,0.00,0.00,0.00
4731,0.00,0.00,0.00,0.00,0.00,0.00,0.00,0.00,0.00,0.00,0.00,0.00
4732,0.00,0.00,0.00,0.00,0.00,0.00,0.00,0.00,0.00,0.00,0.00,0.00
4733,0.00,0.00,0.00,0.00,0.00,0.00,0.00,0.00,0.00,0.00,0.00,0.00
4734,0.00,0.00,0.00,0.00,0.00,0.00,0.00,0.00,0.00,0.00,0.00,0.00
4735,0.00,0.00,0.00,0.00,0.00,0.00,0.00,0.00,0.00,0.00,0.00,0.00
4736,0.00,0.00,0.00,0.00,0.00,0.00,0.00,0.00,0.00,0.00,0.00,0.00
4737,0.00,0.00,0.00,0.00,0.00,0.00,0.00,0.00,0.00,0.00,0.00,0.00
4738,0.00,0.00,0.00,0.00,0.00,0.00,0.00,0.00,0.00,0.00,0.00,0.00
4739,0.00,0.00,0.00,0.00,0.00,0.00,0.00,0.00,0.00,0.00,0.00,0.00
4740,0.00,0.00,0.00,0.00,0.00,0.00,0.00,0.00,0.00,0.00,0.00,0.00
4741,0.00,0.00,0.00,0.00,0.00,0.00,0.00,0.00,0.00,0.00,0.00,0.00
4742,0.00,0.00,0.00,0.00,0.00,0.00,0.00,0.00,0.00,0.00,0.00,0.00
4743,0.00,0.00,0.00,0.00,0.00,0.00,0.00,0.00,0.00,0.00,0.00,0.00
4744,0.00,0.00,0.00,0.00,0.00,0.00,0.00,0.00,0.00,0.00,0.00,0.00
4745,0.00,0.00,0.00,0.00,0.00,0.00,0.00,0.00,0.00,0.00,0.00,0.00
4746,0.00,0.00,0.00,0.00,0.00,0.00,0.00,0.00,0.00,0.00,0.00,0.00
4747,0.00,0.00,0.00,0.00,0.00,0.00,0.00,0.00,0.00,0.00,0.00,0.00
4748,0.00,0.00,0.00,0.00,0.00,0.00,0.00,0.00,0.00,0.00,0.00,0.00
4749,0.00,0.00,0.00,0.00,0.00,0.00,0.00,0.00,0.00,0.00,0.00,0.00
4750,0.00,0.00,0.00,0.00,0.00,0.00,0.00,0.00,0.00,0.00,0.00,0.00
4751,0.00,0.00,0.00,0.00,0.00,0.00,0.00,0.00,0.00,0.00,0.00,0.00
4752,0.00,0.00,0.00,0.00,0.00,0.00,0.00,0.00,0.00,0.00,0.00,0.00
4753,0.00,0.00,0.00,0.00,0.00,0.00,0.00,0.00,0.00,0.00,0.00,0.00
4754,0.00,0.00,0.00,0.00,0.00,0.00,0.00,0.00,0.00,0.00,0.00,0.00
4755,0.00,0.00,0.00,0.00,0.00,0.00,0.00,0.00,0.00,0.00,0.00,0.00
4756,0.00,0.00,0.00,0.00,0.00,0.00,0.00,0.00,0.00,0.00,0.00,0.00
4757,0.00,0.00,0.00,0.00,0.00,0.00,0.00,0.00,0.00,0.00,0.00,0.00
4758,0.00,0.00,0.00,0.00,0.00,0.00,0.00,0.00,0.00,0.00,0.00,0.00
4759,0.00,0.00,0.00,0.00,0.00,0.00,0.00,0.00,0.00,0.00,0.00,0.00
4760,0.00,0.00,0.00,0.00,0.00,0.00,0.00,0.00,0.00,0.00,0.00,0.00
4761,0.00,0.00,0.00,0.00,0.00,0.00,0.00,0.00,0.00,0.00,0.00,0.00
4762,0.00,0.00,0.00,0.00,0.00,0.00,0.00,0.00,0.00,0.00,0.00,0.00
4763,0.00,0.00,0.00,0.00,0.00,0.00,0.00,0.00,0.00,0.00,0.00,0.00
4764,0.00,0.00,0.00,0.00,0.00,0.00,0.00,0.00,0.00,0.00,0.00,0.00
4765,0.00,0.00,0.00,0.00,0.00,0.00,0.00,0.00,0.00,0.00,0.00,0.00
4766,0.00,0.00,0.00,0.00,0.00,0.00,0.00,0.00,0.00,0.00,0.00,0.00
4767,0.00,0.00,0.00,0.00,0.00,0.00,0.00,0.00,0.00,0.00,0.00,0.00
4768,0.00,0.00,0.00,0.00,0.00,0.00,0.00,0.00,0.00,0.00,0.00,0.00
4769,0.00,0.00,0.00,0.00,0.00,0.00,0.00,0.00,0.00,0.00,0.00,0.00
4770,0.00,0.00,0.00,0.00,0.00,0.00,0.00,0.00,0.00,0.00,0.00,0.00
4771,0.00,0.00,0.00,0.00,0.00,0.00,0.00,0.00,0.00,0.00,0.00,0.00
4772,0.00,0.00,0.00,0.00,0.00,0.00,0.00,0.00,0.00,0.00,0.00,0.00
4773,0.00,0.00,0.00,0.00,0.00,0.00,0.00,0.00,0.00,0.00,0.00,0.00
4774,0.00,0.00,0.00,0.00,0.00,0.00,0.00,0.00,0.00,0.00,0.00,0.00
4775,0.00,0.00,0.00,0.00,0.00,0.00,0.00,0.00,0.00,0.00,0.00,0.00
4776,0.00,0.00,0.00,0.00,0.00,0.00,0.00,0.00,0.00,0.00,0.00,0.00
4777,0.00,0.00,0.00,0.00,0.00,0.00,0.00,0.00,0.00,0.00,0.00,0.00
4778,0.00,0.00,0.00,0.00,0.00,0.00,0.00,0.00,0.00,0.00,0.00,0.00
4779,0.00,0.00,0.00,0.00,0.00,0.00,0.00,0.00,0.00,0.00,0.00,0.00
4780,0.00,0.00,0.00,0.00,0.00,0.00,0.00,0.00,0.00,0.00,0.00,0.00
4781,0.00,0.00,0.00,0.00,0.00,0.00,0.00,0.00,0.00,0.00,0.00,0.00
4782,0.00,0.00,0.00,0.00,0.00,0.00,0.00,0.00,0.00,0.00,0.00,0.00
4783,0.00,0.00,0.00,0.00,0.00,0.00,0.00,0.00,0.00,0.00,0.00,0.00
4784,0.00,0.00,0.00,0.00,0.00,0.00,0.00,0.00,0.00,0.00,0.00,0.00
4785,0.00,0.00,0.00,0.00,0.00,0.00,0.00,0.00,0.00,0.00,0.00,0.00
4786,0.00,0.00,0.00,0.00,0.00,0.00,0.00,0.00,0.00,0.00,0.00,0.00
4787,0.00,0.00,0.00,0.00,0.00,0.00,0.00,0.00,0.00,0.00,0.00,0.00
4788,0.00,0.00,0.00,0.00,0.00,0.00,0.00,0.00,0.00,0.00,0.00,0.00
4789,0.00,0.00,0.00,0.00,0.00,0.00,0.00,0.00,0.00,0.00,0.00,0.00
4790,0.00,0.00,0.00,0.00,0.00,0.00,0.00,0.00,0.00,0.00,0.00,0.00
4791,0.00,0.00,0.00,0.00,0.00,0.00,0.00,0.00,0.00,0.00,0.00,0.00
4792,0.00,0.00,0.00,0.00,0.00,0.00,0.00,0.00,0.00,0.00,0.00,0.00
4793,0.00,0.00,0.00,0.00,0.00,0.00,0.00,0.00,0.00,0.00,0.00,0.00
4794,0.00,0.00,0.00,0.00,0.00,0.00,0.00,0.00,0.00,0.00,0.00,0.00
4795,0.00,0.00,0.00,0.00,0.00,0.00,0.00,0.00,0.00,0.00,0.00,0.00
4796,0.00,0.00,0.00,0.00,0.00,0.00,0.00,0.00,0.00,0.00,0.00,0.00
4797,0.00,0.00,0.00,0.00,0.00,0.00,0.00,0.00,0.00,0.00,0.00,0.00
4798,0.00,0.00,0.00,0.00,0.00,0.00,0.00,0.00,0.00,0.00,0.00,0.00
4799,0.00,0.00,0.00,0.00,0.00,0.00,0.00,0.00,0.00,0.00,0.00,0.00
4800,0.00,0.00,0.00,0.00,0.00,0.00,0.00,0.00,0.00,0.00,0.00,0.00
4801,0.00,0.00,0.00,0.00,0.00,0.00,0.00,0.00,0.00,0.00,0.00,0.00
4802,0.00,0.00,0.00,0.00,0.00,0.00,0.00,0.00,0.00,0.00,0.00,0.00
4803,0.00,0.00,0.00,0.00,0.00,0.00,0.00,0.00,0.00,0.00,0.00,0.00
4804,0.00,0.00,0.00,0.00,0.00,0.00,0.00,0.00,0.00,0.00,0.00,0.00
4805,0.00,0.00,0.00,0.00,0.00,0.00,0.00,0.00,0.00,0.00,0.00,0.00
4806,0.00,0.00,0.00,0.00,0.00,0.00,0.00,0.00,0.00,0.00,0.00,0.00
4807,0.00,0.00,0.00,0.00,0.00,0.00,0.00,0.00,0.00,0.00,0.00,0.00
4808,0.00,0.00,0.00,0.00,0.00,0.00,0.00,0.00,0.00,0.00,0.00,0.00
4809,0.00,0.00,0.00,0.00,0.00,0.00,0.00,0.00,0.00,0.00,0.00,0.00
4810,0.00,0.00,0.00,0.00,0.00,0.00,0.00,0.00,0.00,0.00,0.00,0.00
4811,0.00,0.00,0.00,0.00,0.00,0.00,0.00,0.00,0.00,0.00,0.00,0.00
4812,0.00,0.00,0.00,0.00,0.00,0.00,0.00,0.00,0.00,0.00,0.00,0.00
4813,0.00,0.00,0.00,0.00,0.00,0.00,0.00,0.00,0.00,0.00,0.00,0.00
4814,0.00,0.00,0.00,0.00,0.00,0.00,0.00,0.00,0.00,0.00,0.00,0.00
4815,0.00,0.00,0.00,0.00,0.00,0.00,0.00,0.00,0.00,0.00,0.00,0.00
4816,0.00,0.00,0.00,0.00,0.00,0.00,0.00,0.00,0.00,0.00,0.00,0.00
4817,0.00,0.00,0.00,0.00,0.00,0.00,0.00,0.00,0.00,0.00,0.00,0.00
4818,0.00,0.00,0.00,0.00,0.00,0.00,0.00,0.00,0.00,0.00,0.00,0.00
4819,0.00,0.00,0.00,0.00,0.00,0.00,0.00,0.00,0.00,0.00,0.00,0.00
4820,0.00,0.00,0.00,0.00,0.00,0.00,0.00,0.00,0.00,0.00,0.00,0.00
4821,0.00,0.00,0.00,0.00,0.00,0.00,0.00,0.00,0.00,0.00,0.00,0.00
4822,0.00,0.00,0.00,0.00,0.00,0.00,0.00,0.00,0.00,0.00,0.00,0.00
4823,0.00,0.00,0.00,0.00,0.00,0.00,0.00,0.00,0.00,0.00,0.00,0.00
4824,0.00,0.00,0.00,0.00,0.00,0.00,0.00,0.00,0.00,0.00,0.00,0.00
4825,0.00,0.00,0.00,0.00,0.00,0.00,0.00,0.00,0.00,0.00,0.00,0.00
4826,0.00,0.00,0.00,0.00,0.00,0.00,0.00,0.00,0.00,0.00,0.00,0.00
4827,0.00,0.00,0.00,0.00,0.00,0.00,0.00,0.00,0.00,0.00,0.00,0.00
4828,0.00,0.00,0.00,0.00,0.00,0.00,0.00,0.00,0.00,0.00,0.00,0.00
4829,0.00,0.00,0.00,0.00,0.00,0.00,0.00,0.00,0.00,0.00,0.00,0.00
4830,0.00,0.00,0.00,0.00,0.00,0.00,0.00,0.00,0.00,0.00,0.00,0.00
4831,0.00,0.00,0.00,0.00,0.00,0.00,0.00,0.00,0.00,0.00,0.00,0.00
4832,0.00,0.00,0.00,0.00,0.00,0.00,0.00,0.00,0.00,0.00,0.00,0.00
4833,0.00,0.00,0.00,0.00,0.00,0.00,0.00,0.00,0.00,0.00,0.00,0.00
4834,0.00,0.00,0.00,0.00,0.00,0.00,0.00,0.00,0.00,0.00,0.00,0.00
4835,0.00,0.00,0.00,0.00,0.00,0.00,0.00,0.00,0.00,0.00,0.00,0.00
4836,0.00,0.00,0.00,0.00,0.00,0.00,0.00,0.00,0.00,0.00,0.00,0.00
4837,0.00,0.00,0.00,0.00,0.00,0.00,0.00,0.00,0.00,0.00,0.00,0.00
4838,0.00,0.00,0.00,0.00,0.00,0.00,0.00,0.00,0.00,0.00,0.00,0.00
4839,0.00,0.00,0.00,0.00,0.00,0.00,0.00,0.00,0.00,0.00,0.00,0.00
4840,0.00,0.00,0.00,0.00,0.00,0.00,0.00,0.00,0.00,0.00,0.00,0.00
4841,0.00,0.00,0.00,0.00,0.00,0.00,0.00,0.00,0.00,0.00,0.00,0.00
4842,0.00,0.00,0.00,0.00,0.00,0.00,0.00,0.00,0.00,0.00,0.00,0.00
4843,0.00,0.00,0.00,0.00,0.00,0.00,0.00,0.00,0.00,0.00,0.00,0.00
4844,0.00,0.00,0.00,0.00,0.00,0.00,0.00,0.00,0.00,0.00,0.00,0.00
4845,0.00,0.00,0.00,0.00,0.00,0.00,0.00,0.00,0.00,0.00,0.00,0.00
4846,0.00,0.00,0.00,0.00,0.00,0.00,0.00,0.00,0.00,0.00,0.00,0.00
4847,0.00,0.00,0.00,0.00,0.00,0.00,0.00,0.00,0.00,0.00,0.00,0.00
4848,0.00,0.00,0.00,0.00,0.00,0.00,0.00,0.00,0.00,0.00,0.00,0.00
4849,0.00,0.00,0.00,0.00,0.00,0.00,0.00,0.00,0.00,0.00,0.00,0.00
4850,0.00,0.00,0.00,0.00,0.00,0.00,0.00,0.00,0.00,0.00,0.00,0.00
4851,0.00,0.00,0.00,0.00,0.00,0.00,0.00,0.00,0.00,0.00,0.00,0.00
4852,0.00,0.00,0.00,0.00,0.00,0.00,0.00,0.00,0.00,0.00,0.00,0.00
4853,0.00,0.00,0.00,0.00,0.00,0.00,0.00,0.00,0.00,0.00,0.00,0.00
4854,0.00,0.00,0.00,0.00,0.00,0.00,0.00,0.00,0.00,0.00,0.00,0.00
4855,0.00,0.00,0.00,0.00,0.00,0.00,0.00,0.00,0.00,0.00,0.00,0.00
4856,0.00,0.00,0.00,0.00,0.00,0.00,0.00,0.00,0.00,0.00,0.00,0.00
4857,0.00,0.00,0.00,0.00,0.00,0.00,0.00,0.00,0.00,0.00,0.00,0.00
4858,0.00,0.00,0.00,0.00,0.00,0.00,0.00,0.00,0.00,0.00,0.00,0.00
4859,0.00,0.00,0.00,0.00,0.00,0.00,0.00,0.00,0.00,0.00,0.00,0.00
4860,0.00,0.00,0.00,0.00,0.00,0.00,0.00,0.00,0.00,0.00,0.00,0.00
4861,0.00,0.00,0.00,0.00,0.00,0.00,0.00,0.00,0.00,0.00,0.00,0.00
4862,0.00,0.00,0.00,0.00,0.00,0.00,0.00,0.00,0.00,0.00,0.00,0.00
4863,0.00,0.00,0.00,0.00,0.00,0.00,0.00,0.00,0.00,0.00,0.00,0.00
4864,0.00,0.00,0.00,0.00,0.00,0.00,0.00,0.00,0.00,0.00,0.00,0.00
4865,0.00,0.00,0.00,0.00,0.00,0.00,0.00,0.00,0.00,0.00,0.00,0.00
4866,0.00,0.00,0.00,0.00,0.00,0.00,0.00,0.00,0.00,0.00,0.00,0.00
4867,0.00,0.00,0.00,0.00,0.00,0.00,0.00,0.00,0.00,0.00,0.00,0.00
4868,0.00,0.00,0.00,0.00,0.00,0.00,0.00,0.00,0.00,0.00,0.00,0.00
4869,0.00,0.00,0.00,0.00,0.00,0.00,0.00,0.00,0.00,0.00,0.00,0.00
4870,0.00,0.00,0.00,0.00,0.00,0.00,0.00,0.00,0.00,0.00,0.00,0.00
4871,0.00,0.00,0.00,0.00,0.00,0.00,0.00,0.00,0.00,0.00,0.00,0.00
4872,0.00,0.00,0.00,0.00,0.00,0.00,0.00,0.00,0.00,0.00,0.00,0.00
4873,0.00,0.00,0.00,0.00,0.00,0.00,0.00,0.00,0.00,0.00,0.00,0.00
4874,0.00,0.00,0.00,0.00,0.00,0.00,0.00,0.00,0.00,0.00,0.00,0.00
4875,0.00,0.00,0.00,0.00,0.00,0.00,0.00,0.00,0.00,0.00,0.00,0.00
4876,0.00,0.00,0.00,0.00,0.00,0.00,0.00,0.00,0.00,0.00,0.00,0.00
4877,0.00,0.00,0.00,0.00,0.00,0.00,0.00,0.00,0.00,0.00,0.00,0.00
4878,0.00,0.00,0.00,0.00,0.00,0.00,0.00,0.00,0.00,0.00,0.00,0.00
4879,0.00,0.00,0.00,0.00,0.00,0.00,0.00,0.00,0.00,0.00,0.00,0.00
4880,0.00,0.00,0.00,0.00,0.00,0.00,0.00,0.00,0.00,0.00,0.00,0.00
4881,0.00,0.00,0.00,0.00,0.00,0.00,0.00,0.00,0.00,0.00,0.00,0.00
4882,0.00,0.00,0.00,0.00,0.00,0.00,0.00,0.00,0.00,0.00,0.00,0.00
4883,0.00,0.00,0.00,0.00,0.00,0.00,0.00,0.00,0.00,0.00,0.00,0.00
4884,0.00,0.00,0.00,0.00,0.00,0.00,0.00,0.00,0.00,0.00,0.00,0.00
4885,0.00,0.00,0.00,0.00,0.00,0.00,0.00,0.00,0.00,0.00,0.00,0.00
4886,0.00,0.00,0.00,0.00,0.00,0.00,0.00,0.00,0.00,0.00,0.00,0.00
4887,0.00,0.00,0.00,0.00,0.00,0.00,0.00,0.00,0.00,0.00,0.00,0.00
4888,0.00,0.00,0.00,0.00,0.00,0.00,0.00,0.00,0.00,0.00,0.00,0.00
4889,0.00,0.00,0.00,0.00,0.00,0.00,0.00,0.00,0.00,0.00,0.00,0.00
4890,0.00,0.00,0.00,0.00,0.00,0.00,0.00,0.00,0.00,0.00,0.00,0.00
4891,0.00,0.00,0.00,0.00,0.00,0.00,0.00,0.00,0.00,0.00,0.00,0.00
4892,0.00,0.00,0.00,0.00,0.00,0.00,0.00,0.00,0.00,0.00,0.00,0.00
4893,0.00,0.00,0.00,0.00,0.00,0.00,0.00,0.00,0.00,0.00,0.00,0.00
4894,0.00,0.00,0.00,0.00,0.00,0.00,0.00,0.00,0.00,0.00,0.00,0.00
4895,0.00,0.00,0.00,0.00,0.00,0.00,0.00,0.00,0.00,0.00,0.00,0.00
4896,0.00,0.00,0.00,0.00,0.00,0.00,0.00,0.00,0.00,0.00,0.00,0.00
4897,0.00,0.00,0.00,0.00,0.00,0.00,0.00,0.00,0.00,0.00,0.00,0.00
4898,0.00,0.00,0.00,0.00,0.00,0.00,0.00,0.00,0.00,0.00,0.00,0.00
4899,0.00,0.00,0.00,0.00,0.00,0.00,0.00,0.00,0.00,0.00,0.00,0.00
4900,0.00,0.00,0.00,0.00,0.00,0.00,0.00,0.00,0.00,0.00,0.00,0.00
4901,0.00,0.00,0.00,0.00,0.00,0.00,0.00,0.00,0.00,0.00,0.00,0.00
4902,0.00,0.00,0.00,0.00,0.00,0.00,0.00,0.00,0.00,0.00,0.00,0.00
4903,0.00,0.00,0.00,0.00,0.00,0.00,0.00,0.00,0.00,0.00,0.00,0.00
4904,0.00,0.00,0.00,0.00,0.00,0.00,0.00,0.00,0.00,0.00,0.00,0.00
4905,0.00,0.00,0.00,0.00,0.00,0.00,0.00,0.00,0.00,0.00,0.00,0.00
4906,0.00,0.00,0.00,0.00,0.00,0.00,0.00,0.00,0.00,0.00,0.00,0.00
4907,0.00,0.00,0.00,0.00,0.00,0.00,0.00,0.00,0.00,0.00,0.00,0.00
4908,0.00,0.00,0.00,0.00,0.00,0.00,0.00,0.00,0.00,0.00,0.00,0.00
4909,0.00,0.00,0.00,0.00,0.00,0.00,0.00,0.00,0.00,0.00,0.00,0.00
4910,0.00,0.00,0.00,0.00,0.00,0.00,0.00,0.00,0.00,0.00,0.00,0.00
4911,0.00,0.00,0.00,0.00,0.00,0.00,0.00,0.00,0.00,0.00,0.00,0.00
4912,0.00,0.00,0.00,0.00,0.00,0.00,0.00,0.00,0.00,0.00,0.00,0.00
4913,0.00,0.00,0.00,0.00,0.00,0.00,0.00,0.00,0.00,0.00,0.00,0.00
4914,0.00,0.00,0.00,0.00,0.00,0.00,0.00,0.00,0.00,0.00,0.00,0.00
4915,0.00,0.00,0.00,0.00,0.00,0.00,0.00,0.00,0.00,0.00,0.00,0.00
4916,0.00,0.00,0.00,0.00,0.00,0.00,0.00,0.00,0.00,0.00,0.00,0.00
4917,0.00,0.00,0.00,0.00,0.00,0.00,0.00,0.00,0.00,0.00,0.00,0.00
4918,0.00,0.00,0.00,0.00,0.00,0.00,0.00,0.00,0.00,0.00,0.00,0.00
4919,0.00,0.00,0.00,0.00,0.00,0.00,0.00,0.00,0.00,0.00,0.00,0.00
4920,0.00,0.00,0.00,0.00,0.00,0.00,0.00,0.00,0.00,0.00,0.00,0.00
4921,0.00,0.00,0.00,0.00,0.00,0.00,0.00,0.00,0.00,0.00,0.00,0.00
4922,0.00,0.00,0.00,0.00,0.00,0.00,0.00,0.00,0.00,0.00,0.00,0.00
4923,0.00,0.00,0.00,0.00,0.00,0.00,0.00,0.00,0.00,0.00,0.00,0.00
4924,0.00,0.00,0.00,0.00,0.00,0.00,0.00,0.00,0.00,0.00,0.00,0.00
4925,0.00,0.00,0.00,0.00,0.00,0.00,0.00,0.00,0.00,0.00,0.00,0.00
4926,0.00,0.00,0.00,0.00,0.00,0.00,0.00,0.00,0.00,0.00,0.00,0.00
4927,0.00,0.00,0.00,0.00,0.00,0.00,0.00,0.00,0.00,0.00,0.00,0.00
4928,0.00,0.00,0.00,0.00,0.00,0.00,0.00,0.00,0.00,0.00,0.00,0.00
4929,0.00,0.00,0.00,0.00,0.00,0.00,0.00,0.00,0.00,0.00,0.00,0.00
4930,0.00,0.00,0.00,0.00,0.00,0.00,0.00,0.00,0.00,0.00,0.00,0.00
4931,0.00,0.00,0.00,0.00,0.00,0.00,0.00,0.00,0.00,0.00,0.00,0.00
4932,0.00,0.00,0.00,0.00,0.00,0.00,0.00,0.00,0.00,0.00,0.00,0.00
4933,0.00,0.00,0.00,0.00,0.00,0.00,0.00,0.00,0.00,0.00,0.00,0.00
4934,0.00,0.00,0.00,0.00,0.00,0.00,0.00,0.00,0.00,0.00,0.00,0.00
4935,0.00,0.00,0.00,0.00,0.00,0.00,0.00,0.00,0.00,0.00,0.00,0.00
4936,0.00,0.00,0.00,0.00,0.00,0.00,0.00,0.00,0.00,0.00,0.00,0.00
4937,0.00,0.00,0.00,0.00,0.00,0.00,0.00,0.00,0.00,0.00,0.00,0.00
4938,0.00,0.00,0.00,0.00,0.00,0.00,0.00,0.00,0.00,0.00,0.00,0.00
4939,0.00,0.00,0.00,0.00,0.00,0.00,0.00,0.00,0.00,0.00,0.00,0.00
4940,0.00,0.00,0.00,0.00,0.00,0.00,0.00,0.00,0.00,0.00,0.00,0.00
4941,0.00,0.00,0.00,0.00,0.00,0.00,0.00,0.00,0.00,0.00,0.00,0.00
4942,0.00,0.00,0.00,0.00,0.00,0.00,0.00,0.00,0.00,0.00,0.00,0.00
4943,0.00,0.00,0.00,0.00,0.00,0.00,0.00,0.00,0.00,0.00,0.00,0.00
4944,0.00,0.00,0.00,0.00,0.00,0.00,0.00,0.00,0.00,0.00,0.00,0.00
4945,0.00,0.00,0.00,0.00,0.00,0.00,0.00,0.00,0.00,0.00,0.00,0.00
4946,0.00,0.00,0.00,0.00,0.00,0.00,0.00,0.00,0.00,0.00,0.00,0.00
4947,0.00,0.00,0.00,0.00,0.00,0.00,0.00,0.00,0.00,0.00,0.00,0.00
4948,0.00,0.00,0.00,0.00,0.00,0.00,0.00,0.00,0.00,0.00,0.00,0.00
4949,0.00,0.00,0.00,0.00,0.00,0.00,0.00,0.00,0.00,0.00,0.00,0.00
4950,0.00,0.00,0.00,0.00,0.00,0.00,0.00,0.00,0.00,0.00,0.00,0.00
4951,0.00,0.00,0.00,0.00,0.00,0.00,0.00,0.00,0.00,0.00,0.00,0.00
4952,0.00,0.00,0.00,0.00,0.00,0.00,0.00,0.00,0.00,0.00,0.00,0.00
4953,0.00,0.00,0.00,0.00,0.00,0.00,0.00,0.00,0.00,0.00,0.00,0.00
4954,0.00,0.00,0.00,0.00,0.00,0.00,0.00,0.00,0.00,0.00,0.00,0.00
4955,0.00,0.00,0.00,0.00,0.00,0.00,0.00,0.00,0.00,0.00,0.00,0.00
4956,0.00,0.00,0.00,0.00,0.00,0.00,0.00,0.00,0.00,0.00,0.00,0.00
4957,0.00,0.00,0.00,0.00,0.00,0.00,0.00,0.00,0.00,0.00,0.00,0.00
4958,0.00,0.00,0.00,0.00,0.00,0.00,0.00,0.00,0.00,0.00,0.00,0.00
4959,0.00,0.00,0.00,0.00,0.00,0.00,0.00,0.00,0.00,0.00,0.00,0.00
4960,0.00,0.00,0.00,0.00,0.00,0.00,0.00,0.00,0.00,0.00,0.00,0.00
4961,0.00,0.00,0.00,0.00,0.00,0.00,0.00,0.00,0.00,0.00,0.00,0.00
4962,0.00,0.00,0.00,0.00,0.00,0.00,0.00,0.00,0.00,0.00,0.00,0.00
4963,0.00,0.00,0.00,0.00,0.00,0.00,0.00,0.00,0.00,0.00,0.00,0.00
4964,0.00,0.00,0.00,0.00,0.00,0.00,0.00,0.00,0.00,0.00,0.00,0.00
4965,0.00,0.00,0.00,0.00,0.00,0.00,0.00,0.00,0.00,0.00,0.00,0.00
4966,0.00,0.00,0.00,0.00,0.00,0.00,0.00,0.00,0.00,0.00,0.00,0.00
4967,0.00,0.00,0.00,0.00,0.00,0.00,0.00,0.00,0.00,0.00,0.00,0.00
4968,0.00,0.00,0.00,0.00,0.00,0.00,0.00,0.00,0.00,0.00,0.00,0.00
4969,0.00,0.00,0.00,0.00,0.00,0.00,0.00,0.00,0.00,0.00,0.00,0.00
4970,0.00,0.00,0.00,0.00,0.00,0.00,0.00,0.00,0.00,0.00,0.00,0.00
4971,0.00,0.00,0.00,0.00,0.00,0.00,0.00,0.00,0.00,0.00,0.00,0.00
4972,0.00,0.00,0.00,0.00,0.00,0.00,0.00,0.00,0.00,0.00,0.00,0.00
4973,0.00,0.00,0.00,0.00,0.00,0.00,0.00,0.00,0.00,0.00,0.00,0.00
4974,0.00,0.00,0.00,0.00,0.00,0.00,0.00,0.00,0.00,0.00,0.00,0.00
4975,0.00,0.00,0.00,0.00,0.00,0.00,0.00,0.00,0.00,0.00,0.00,0.00
4976,0.00,0.00,0.00,0.00,0.00,0.00,0.00,0.00,0.00,0.00,0.00,0.00
4977,0.00,0.00,0.00,0.00,0.00,0.00,0.00,0.00,0.00,0.00,0.00,0.00
4978,0.00,0.00,0.00,0.00,0.00,0.00,0.00,0.00,0.00,0.00,0.00,0.00
4979,0.00,0.00,0.00,0.00,0.00,0.00,0.00,0.00,0.00,0.00,0.00,0.00
4980,0.00,0.00,0.00,0.00,0.00,0.00,0.00,0.00,0.00,0.00,0.00,0.00
4981,0.00,0.00,0.00,0.00,0.00,0.00,0.00,0.00,0.00,0.00,0.00,0.00
4982,0.00,0.00,0.00,0.00,0.00,0.00,0.00,0.00,0.00,0.00,0.00,0.00
4983,0.00,0.00,0.00,0.00,0.00,0.00,0.00,0.00,0.00,0.00,0.00,0.00
4984,0.00,0.00,0.00,0.00,0.00,0.00,0.00,0.00,0.00,0.00,0.00,0.00
4985,0.00,0.00,0.00,0.00,0.00,0.00,0.00,0.00,0.00,0.00,0.00,0.00
4986,0.00,0.00,0.00,0.00,0.00,0.00,0.00,0.00,0.00,0.00,0.00,0.00
4987,0.00,0.00,0.00,0.00,0.00,0.00,0.00,0.00,0.00,0.00,0.00,0.00
4988,0.00,0.00,0.00,0.00,0.00,0.00,0.00,0.00,0.00,0.00,0.00,0.00
4989,0.00,0.00,0.00,0.00,0.00,0.00,0.00,0.00,0.00,0.00,0.00,0.00
4990,0.00,0.00,0.00,0.00,0.00,0.00,0.00,0.00,0.00,0.00,0.00,0.00
4991,0.00,0.00,0.00,0.00,0.00,0.00,0.00,0.00,0.00,0.00,0.00,0.00
4992,0.00,0.00,0.00,0.00,0.00,0.00,0.00,0.00,0.00,0.00,0.00,0.00
4993,0.00,0.00,0.00,0.00,0.00,0.00,0.00,0.00,0.00,0.00,0.00,0.00
4994,0.00,0.00,0.00,0.00,0.00,0.00,0.00,0.00,0.00,0.00,0.00,0.00
4995,0.00,0.00,0.00,0.00,0.00,0.00,0.00,0.00,0.00,0.00,0.00,0.00
4996,0.00,0.00,0.00,0.00,0.00,0.00,0.00,0.00,0.00,0.00,0.00,0.00
4997,0.00,0.00,0.00,0.00,0.00,0.00,0.00,0.00,0.00,0.00,0.00,0.00
4998,0.00,0.00,0.00,0.00,0.00,0.00,0.00,0.00,0.00,0.00,0.00,0.00
4999,0.00,0.00,0.00,0.00,0.00,0.00,0.00,0.00,0.00,0.00,0.00,0.00
5000,0.00,0.00,0.00,0.00,0.00,0.00,0.00,0.00,0.00,0.00,0.00,0.00
5001,0.00,0.00,0.00,0.00,0.00,0.00,0.00,0.00,0.00,0.00,0.00,0.00
5002,0.00,0.00,0.00,0.00,0.00,0.00,0.00,0.00,0.00,0.00,0.00,0.00
5003,0.00,0.00,0.00,0.00,0.00,0.00,0.00,0.00,0.00,0.00,0.00,0.00
5004,0.00,0.00,0.00,0.00,0.00,0.00,0.00,0.00,0.00,0.00,0.00,0.00
5005,0.00,0.00,0.00,0.00,0.00,0.00,0.00,0.00,0.00,0.00,0.00,0.00
5006,0.00,0.00,0.00,0.00,0.00,0.00,0.00,0.00,0.00,0.00,0.00,0.00
5007,0.00,0.00,0.00,0.00,0.00,0.00,0.00,0.00,0.00,0.00,0.00,0.00
5008,0.00,0.00,0.00,0.00,0.00,0.00,0.00,0.00,0.00,0.00,0.00,0.00
5009,0.00,0.00,0.00,0.00,0.00,0.00,0.00,0.00,0.00,0.00,0.00,0.00
5010,0.00,0.00,0.00,0.00,0.00,0.00,0.00,0.00,0.00,0.00,0.00,0.00
5011,0.00,0.00,0.00,0.00,0.00,0.00,0.00,0.00,0.00,0.00,0.00,0.00
5012,0.00,0.00,0.00,0.00,0.00,0.00,0.00,0.00,0.00,0.00,0.00,0.00
5013,0.00,0.00,0.00,0.00,0.00,0.00,0.00,0.00,0.00,0.00,0.00,0.00
5014,0.00,0.00,0.00,0.00,0.00,0.00,0.00,0.00,0.00,0.00,0.00,0.00
5015,0.00,0.00,0.00,0.00,0.00,0.00,0.00,0.00,0.00,0.00,0.00,0.00
5016,0.00,0.00,0.00,0.00,0.00,0.00,0.00,0.00,0.00,0.00,0.00,0.00
5017,0.00,0.00,0.00,0.00,0.00,0.00,0.00,0.00,0.00,0.00,0.00,0.00
5018,0.00,0.00,0.00,0.00,0.00,0.00,0.00,0.00,0.00,0.00,0.00,0.00
5019,0.00,0.00,0.00,0.00,0.00,0.00,0.00,0.00,0.00,0.00,0.00,0.00
5020,0.00,0.00,0.00,0.00,0.00,0.00,0.00,0.00,0.00,0.00,0.00,0.00
5021,0.00,0.00,0.00,0.00,0.00,0.00,0.00,0.00,0.00,0.00,0.00,0.00
5022,0.00,0.00,0.00,0.00,0.00,0.00,0.00,0.00,0.00,0.00,0.00,0.00
5023,0.00,0.00,0.00,0.00,0.00,0.00,0.00,0.00,0.00,0.00,0.00,0.00
5024,0.00,0.00,0.00,0.00,0.00,0.00,0.00,0.00,0.00,0.00,0.00,0.00
5025,0.00,0.00,0.00,0.00,0.00,0.00,0.00,0.00,0.00,0.00,0.00,0.00
5026,0.00,0.00,0.00,0.00,0.00,0.00,0.00,0.00,0.00,0.00,0.00,0.00
5027,0.00,0.00,0.00,0.00,0.00,0.00,0.00,0.00,0.00,0.00,0.00,0.00
5028,0.00,0.00,0.00,0.00,0.00,0.00,0.00,0.00,0.00,0.00,0.00,0.00
5029,0.00,0.00,0.00,0.00,0.00,0.00,0.00,0.00,0.00,0.00,0.00,0.00
5030,0.00,0.00,0.00,0.00,0.00,0.00,0.00,0.00,0.00,0.00,0.00,0.00
5031,0.00,0.00,0.00,0.00,0.00,0.00,0.00,0.00,0.00,0.00,0.00,0.00
5032,0.00,0.00,0.00,0.00,0.00,0.00,0.00,0.00,0.00,0.00,0.00,0.00
5033,0.00,0.00,0.00,0.00,0.00,0.00,0.00,0.00,0.00,0.00,0.00,0.00
5034,0.00,0.00,0.00,0.00,0.00,0.00,0.00,0.00,0.00,0.00,0.00,0.00
5035,0.00,0.00,0.00,0.00,0.00,0.00,0.00,0.00,0.00,0.00,0.00,0.00
5036,0.00,0.00,0.00,0.00,0.00,0.00,0.00,0.00,0.00,0.00,0.00,0.00
5037,0.00,0.00,0.00,0.00,0.00,0.00,0.00,0.00,0.00,0.00,0.00,0.00
5038,0.00,0.00,0.00,0.00,0.00,0.00,0.00,0.00,0.00,0.00,0.00,0.00
5039,0.00,0.00,0.00,0.00,0.00,0.00,0.00,0.00,0.00,0.00,0.00,0.00
5040,0.00,0.00,0.00,0.00,0.00,0.00,0.00,0.00,0.00,0.00,0.00,0.00
5041,0.00,0.00,0.00,0.00,0.00,0.00,0.00,0.00,0.00,0.00,0.00,0.00
5042,0.00,0.00,0.00,0.00,0.00,0.00,0.00,0.00,0.00,0.00,0.00,0.00
5043,0.00,0.00,0.00,0.00,0.00,0.00,0.00,0.00,0.00,0.00,0.00,0.00
5044,0.00,0.00,0.00,0.00,0.00,0.00,0.00,0.00,0.00,0.00,0.00,0.00
5045,0.00,0.00,0.00,0.00,0.00,0.00,0.00,0.00,0.00,0.00,0.00,0.00
5046,0.00,0.00,0.00,0.00,0.00,0.00,0.00,0.00,0.00,0.00,0.00,0.00
5047,0.00,0.00,0.00,0.00,0.00,0.00,0.00,0.00,0.00,0.00,0.00,0.00
5048,0.00,0.00,0.00,0.00,0.00,0.00,0.00,0.00,0.00,0.00,0.00,0.00
5049,0.00,0.00,0.00,0.00,0.00,0.00,0.00,0.00,0.00,0.00,0.00,0.00
5050,0.00,0.00,0.00,0.00,0.00,0.00,0.00,0.00,0.00,0.00,0.00,0.00
5051,0.00,0.00,0.00,0.00,0.00,0.00,0.00,0.00,0.00,0.00,0.00,0.00
5052,0.00,0.00,0.00,0.00,0.00,0.00,0.00,0.00,0.00,0.00,0.00,0.00
5053,45.34,-37.26,-82.60,-4.04,63.95,-59.91,58.47,99.82,177.42,139.10,92.75,15.10
5054,43.32,-30.24,-73.56,-6.54,58.42,-51.88,57.46,96.79,178.43,142.13,94.77,18.13
5055,45.34,-26.20,-71.54,-9.57,58.42,-48.85,59.48,101.79,181.46,144.15,95.78,19.14
5056,50.39,-25.19,-75.58,-12.60,62.99,-50.39,65.53,104.82,181.46,146.17,98.81,20.15
5057,45.34,-21.16,-66.50,-12.07,55.92,-43.80,67.51,106.84,184.49,149.20,102.80,26.20
5058,39.28,-25.19,-64.48,-7.02,51.88,-44.81,72.55,107.85,186.51,151.22,102.80,27.21
5059,41.30,-26.20,-67.51,-7.55,54.38,-46.83,58.47,97.80,178.43,144.15,96.79,18.13
5060,51.40,-24.18,-75.58,-13.61,63.47,-49.86,54.43,96.79,175.40,139.10,93.76,20.15
5061,58.47,-18.13,-76.59,-20.15,67.51,-47.36,70.53,106.84,178.43,143.14,96.79,22.17
5062,37.26,-31.25,-68.52,-2.98,52.89,-49.86,65.53,105.83,177.42,144.15,95.78,18.13
5063,24.18,-39.28,-63.47,7.55,43.80,-51.35,65.53,103.81,174.39,141.12,91.74,14.09
5064,32.26,-29.23,-61.50,-1.49,46.88,-45.34,61.50,100.83,170.35,139.10,88.71,11.06
5065,28.22,-34.23,-62.46,2.98,45.34,-48.32,61.50,97.80,170.35,139.10,88.71,15.10
5066,36.25,-25.19,-61.45,-5.53,48.85,-43.32,64.52,99.82,174.39,141.12,93.76,17.12
5067,40.29,-22.17,-62.46,-9.04,51.35,-42.31,58.47,100.83,177.42,143.14,96.79,19.14
5068,36.25,-23.18,-59.43,-6.54,47.84,-41.30,62.51,98.81,176.41,144.15,95.78,20.15
5069,39.28,-31.25,-70.53,-3.99,54.91,-50.87,64.52,99.82,170.35,141.12,90.73,13.08
5070,39.28,-40.29,-79.57,0.48,59.43,-59.91,62.51,101.79,170.35,140.11,90.73,12.07
5071,48.37,-28.22,-76.59,-10.05,62.46,-52.41,63.52,102.80,174.39,143.14,94.77,15.10
5072,55.44,-23.18,-78.61,-16.11,67.03,-50.87,64.52,106.84,175.40,144.15,95.78,16.11
5073,62.51,-15.10,-77.60,-23.70,70.05,-46.35,66.54,106.84,179.44,148.19,97.80,24.18
5074,58.47,-18.13,-76.59,-20.15,67.51,-47.36,66.54,106.84,181.46,149.20,97.80,21.16
5075,38.27,-32.26,-70.53,-2.98,54.38,-51.40,61.50,101.79,170.35,140.11,88.71,5.00
5076,33.27,-42.31,-75.58,4.52,54.43,-58.95,61.50,98.81,168.33,139.10,88.71,9.04
5077,41.30,-39.28,-80.58,-1.01,60.92,-59.91,62.51,102.80,172.37,141.12,92.75,21.16
5078,45.34,-31.25,-76.59,-7.02,60.97,-53.90,61.50,104.82,173.38,143.14,93.76,20.15
5079,49.38,-25.19,-74.57,-12.07,61.98,-49.86,61.50,106.84,174.39,145.16,93.76,18.13
5080,42.31,-31.25,-73.56,-5.53,57.94,-52.41,60.49,104.82,171.36,141.12,88.71,8.03
5081,43.32,-30.24,-73.56,-6.54,58.42,-51.88,60.49,105.83,171.36,142.13,89.72,14.09
5082,59.48,-17.12,-76.59,-21.16,68.03,-46.83,63.52,107.85,174.39,143.14,92.75,18.13
5083,44.33,-30.24,-74.57,-7.02,59.43,-52.41,59.48,102.80,170.35,138.09,89.72,16.11
5084,37.26,-35.24,-72.51,-1.01,54.86,-53.85,54.43,96.79,166.36,139.10,91.74,25.19
5085,38.27,-32.26,-70.53,-2.98,54.38,-51.40,56.45,99.82,168.33,137.08,88.71,13.08
5086,42.31,-21.16,-63.47,-10.58,52.89,-42.31,60.49,103.81,172.37,141.12,93.76,17.12
5087,45.34,-25.19,-70.53,-10.05,57.94,-47.84,57.46,97.80,170.35,138.09,92.75,18.13
5088,31.25,-41.30,-72.55,5.00,51.88,-56.93,57.46,100.83,167.37,133.09,85.68,10.05
5089,37.26,-32.26,-69.53,-2.50,53.37,-50.87,58.47,106.84,172.37,139.10,94.77,23.18
5090,33.27,-46.35,-79.62,6.54,56.45,-62.99,53.42,98.81,167.37,131.07,85.68,9.04
5091,33.27,-45.34,-78.61,6.01,55.92,-61.98,54.43,98.81,166.36,132.08,83.66,10.05
5092,47.36,-22.17,-69.53,-12.60,58.42,-45.82,57.46,103.81,174.39,142.13,96.79,27.21
5093,45.34,-25.19,-70.53,-10.05,57.94,-47.84,60.49,102.80,173.38,139.10,93.76,17.12
5094,38.27,-34.23,-72.51,-2.02,55.39,-53.37,62.51,103.81,170.35,135.06,87.70,5.00
5095,35.24,-32.26,-67.51,-1.49,51.35,-49.86,63.52,105.83,170.35,135.06,88.71,9.04
5096,35.24,-39.28,-74.53,2.02,54.86,-56.88,60.49,104.82,170.35,136.07,88.71,13.08
5097,32.26,-41.30,-73.56,4.52,52.89,-57.41,61.50,103.81,169.34,135.06,86.69,12.07
5098,27.21,-39.28,-66.50,6.01,46.83,-52.89,62.51,103.81,168.33,135.06,87.70,17.12
5099,31.25,-37.26,-68.52,2.98,49.86,-52.89,59.48,103.81,166.36,134.10,87.70,14.09
5100,41.30,-26.20,-67.51,-7.55,54.38,-46.83,62.51,105.83,168.33,138.09,90.73,15.10
5101,44.33,-21.16,-65.49,-11.59,54.91,-43.32,61.50,105.83,170.35,136.07,89.72,17.12
5102,42.31,-23.18,-65.49,-9.57,53.90,-44.33,62.51,105.83,170.35,135.06,88.71,13.08
5103,40.29,-28.22,-68.52,-6.01,54.38,-48.37,64.52,107.85,173.38,137.08,89.72,10.05
5104,36.25,-27.21,-63.47,-4.52,49.86,-45.34,64.52,107.85,173.38,139.10,93.76,14.09
5105,36.25,-25.19,-61.45,-5.53,48.85,-43.32,69.53,109.87,174.39,141.12,95.78,14.09
5106,45.34,-20.15,-65.49,-12.60,55.39,-42.79,69.53,107.85,174.39,138.09,90.73,9.04
5107,48.37,-11.06,-59.43,-18.66,53.90,-35.24,60.49,104.82,173.38,143.14,93.76,18.13
5108,50.39,0.96,-49.43,-25.68,49.91,-24.23,59.48,104.82,181.46,150.21,102.80,27.21
5109,49.38,5.00,-44.38,-27.17,46.88,-19.67,59.48,102.80,188.53,155.25,106.84,24.18
5110,50.39,2.98,-47.41,-26.69,48.90,-22.21,54.43,101.79,187.52,156.26,103.81,17.12
5111,50.39,10.05,-40.34,-30.19,45.39,-15.15,60.49,104.82,195.59,163.33,112.89,26.20
5112,50.39,7.02,-43.37,-28.70,46.88,-18.17,56.45,99.82,194.58,164.34,114.91,29.23
5113,52.41,6.01,-46.40,-29.19,49.43,-20.19,54.43,97.80,191.56,161.31,109.87,27.21
5114,44.33,11.06,-33.27,-27.69,38.80,-11.11,57.46,103.81,199.63,169.34,114.91,34.23
5115,51.40,24.18,-27.21,-37.79,39.33,-1.49,53.42,97.80,199.63,170.35,115.92,36.25
5116,56.45,29.23,-27.21,-42.84,41.83,1.01,55.44,95.78,201.65,173.38,119.96,40.29
5117,50.39,26.20,-24.18,-38.27,37.31,1.01,56.45,94.77,202.61,174.39,119.96,38.27
5118,49.38,34.23,-15.15,-41.78,32.26,9.57,57.46,95.78,205.64,179.44,125.01,42.31
5119,55.44,41.30,-14.14,-48.37,34.81,13.61,54.43,96.79,211.70,186.51,132.08,52.41
5120,59.48,43.32,-16.16,-51.40,37.84,13.61,49.38,93.76,208.67,182.47,126.02,43.32
5121,58.47,49.38,-9.09,-53.90,33.80,20.15,45.34,92.75,209.68,184.49,130.06,44.33
5122,64.52,58.47,-6.06,-61.50,35.29,26.20,49.38,94.77,213.72,190.55,137.08,50.39
5123,62.51,54.43,-8.08,-58.47,35.29,23.18,49.38,97.80,213.72,187.52,135.06,46.35
5124,58.47,48.37,-10.10,-53.42,34.28,19.14,49.38,100.83,217.76,192.56,138.09,52.41
5125,69.53,59.48,-10.05,-64.48,39.81,24.71,56.45,105.83,226.85,200.64,146.17,59.48
5126,88.71,71.54,-17.16,-80.10,52.94,27.21,52.41,101.79,223.82,195.59,142.13,54.43
5127,68.52,45.34,-23.18,-56.93,45.87,11.11,47.36,99.82,219.78,189.54,138.09,49.38
5128,60.49,44.33,-16.16,-52.41,38.32,14.09,41.30,95.78,218.77,192.56,141.12,54.43
5129,77.60,57.46,-20.15,-67.51,48.90,18.66,42.31,93.76,219.78,191.56,136.07,49.38
5130,77.60,54.43,-23.18,-66.02,50.39,15.63,45.34,100.83,223.82,193.57,137.08,51.40
5131,77.60,55.44,-22.17,-66.50,49.91,16.64,32.26,94.77,219.78,195.59,142.13,58.47
5132,71.54,49.38,-22.17,-60.44,46.88,13.61,25.19,87.70,219.78,194.58,142.13,55.44
5133,73.56,57.46,-16.11,-65.49,44.86,20.67,25.19,88.71,226.85,200.64,148.19,59.48
5134,77.60,61.50,-16.11,-69.53,46.88,22.69,23.18,86.69,227.86,202.61,148.19,61.50
5135,72.55,67.51,-5.05,-70.01,38.80,31.25,18.13,83.66,229.88,204.63,151.22,64.52
5136,75.58,73.56,-2.02,-74.57,38.80,35.77,13.08,79.62,230.89,210.69,159.29,72.55
5137,84.67,86.69,2.02,-85.68,41.35,44.38,3.99,74.57,229.88,211.70,162.32,78.61
5138,85.68,104.82,19.14,-95.25,33.27,61.98,-7.02,61.50,228.87,212.71,167.37,82.65
5139,83.66,105.83,22.17,-94.72,30.77,64.00,-17.12,52.41,222.81,208.67,167.37,83.66
5140,91.74,112.89,21.16,-102.32,35.29,67.03,-27.21,43.32,217.76,205.64,165.35,84.67
5141,93.76,110.87,17.12,-102.32,38.32,64.00,-32.26,35.24,212.71,202.61,162.32,82.65
5142,85.68,108.86,23.18,-97.27,31.25,66.02,-40.29,30.24,208.67,203.62,166.36,90.73
5143,94.77,122.99,28.22,-108.86,33.27,75.63,-49.38,23.18,203.62,200.64,166.36,91.74
5144,96.79,114.91,18.13,-105.83,39.33,66.54,-55.44,18.13,194.58,190.55,160.30,88.71
5145,100.83,117.94,17.12,-109.38,41.88,67.55,-60.49,13.08,191.56,187.52,162.32,90.73
5146,117.94,143.14,25.19,-130.54,46.40,84.19,-66.54,7.02,190.55,187.52,161.31,91.74
5147,131.07,148.19,17.12,-139.63,56.98,82.65,-61.50,13.08,192.56,187.52,161.31,87.70
5148,133.09,134.10,1.01,-133.57,66.06,67.55,-58.47,16.11,187.52,180.45,159.29,85.68
5149,138.09,133.09,-5.00,-135.59,71.54,64.04,-52.41,21.16,186.51,179.44,161.31,91.74
5150,147.18,121.98,-25.19,-134.58,86.21,48.42,-46.35,30.24,187.52,175.40,155.25,82.65
5151,146.17,102.80,-43.37,-124.48,94.77,29.71,-47.36,33.27,182.47,167.37,148.19,78.61
5152,147.18,104.82,-42.36,-125.97,94.77,31.25,-44.33,34.23,181.46,167.37,149.20,85.68
5153,155.25,103.81,-51.45,-129.53,103.37,26.20,-44.33,37.26,179.44,165.35,146.17,83.66
5154,167.37,111.88,-55.49,-139.63,111.45,28.22,-39.28,41.30,179.44,164.34,146.17,83.66
5155,171.36,110.87,-60.49,-141.12,115.92,25.19,-39.28,44.33,181.46,162.32,145.16,83.66
5156,176.41,100.83,-75.58,-138.62,126.02,12.65,-33.27,51.40,187.52,166.36,149.20,93.76
5157,175.40,97.80,-77.60,-136.60,126.50,10.10,-23.18,59.48,194.58,171.36,156.26,103.81
5158,176.41,83.66,-92.75,-130.01,134.58,-4.52,-21.16,65.53,198.62,170.35,153.23,95.78
5159,169.34,63.52,-105.83,-116.40,137.61,-21.16,-15.10,67.51,191.56,165.35,147.18,86.69
5160,158.28,61.50,-96.79,-109.87,127.56,-17.65,-12.07,67.51,191.56,158.28,144.15,88.71
5161,162.32,68.52,-93.81,-115.39,128.09,-12.65,-2.98,76.59,200.64,165.35,153.23,104.82
5162,153.23,59.48,-93.76,-106.36,123.52,-17.12,0.96,78.61,199.63,165.35,151.22,93.76
5163,147.18,53.42,-93.76,-100.30,120.49,-20.15,-6.01,75.58,192.56,156.26,136.07,73.56
5164,142.13,49.38,-92.75,-95.73,117.46,-21.68,2.98,78.61,194.58,159.29,137.08,80.63
5165,130.06,42.31,-87.75,-86.16,108.90,-22.69,3.99,74.57,188.53,155.25,137.08,79.62
5166,132.08,47.36,-84.72,-89.72,108.42,-18.66,-6.01,61.50,174.39,144.15,127.03,71.54
5167,145.16,61.50,-83.66,-103.33,114.43,-11.06,-7.02,56.45,172.37,143.14,126.02,74.57
5168,143.14,57.46,-85.68,-100.30,114.43,-14.09,-10.05,55.44,168.33,139.10,125.01,73.56
5169,143.14,60.49,-82.65,-101.79,112.89,-11.06,-5.00,58.47,170.35,140.11,126.02,75.58
5170,140.11,64.52,-75.58,-102.32,107.85,-5.53,0.96,59.48,171.36,141.12,126.02,70.53
5171,115.92,41.30,-74.62,-78.61,95.30,-16.64,0.00,55.44,167.37,135.06,120.97,62.51
5172,105.83,28.22,-77.60,-67.03,91.74,-24.67,1.97,56.45,164.34,132.08,116.93,60.49
5173,90.73,19.14,-71.59,-54.91,81.16,-26.20,8.03,60.49,169.34,134.10,114.91,55.44
5174,78.61,9.04,-69.57,-43.80,74.09,-30.24,13.08,65.53,172.37,136.07,112.89,54.43
5175,78.61,9.04,-69.57,-43.80,74.09,-30.24,25.19,74.57,175.40,137.08,109.87,47.36
5176,60.49,2.98,-57.50,-31.73,59.00,-27.26,34.23,78.61,184.49,145.16,117.94,58.47
5177,46.35,-3.99,-50.34,-21.16,48.32,-27.17,37.26,80.63,186.51,146.17,117.94,60.49
5178,40.29,-13.08,-53.37,-13.61,46.83,-33.22,46.35,86.69,182.47,142.13,107.85,36.25
5179,36.25,-18.13,-54.38,-9.04,45.29,-36.25,48.37,86.69,181.46,139.10,103.81,29.23
5180,29.23,-25.19,-54.43,-2.02,41.83,-39.81,50.39,89.72,181.46,137.08,100.83,32.26
5181,28.22,-30.24,-58.47,1.01,43.32,-44.33,54.43,90.73,178.43,135.06,97.80,24.18
5182,28.22,-30.24,-58.47,1.01,43.32,-44.33,62.51,94.77,179.44,136.07,97.80,24.18
5183,25.19,-33.27,-58.47,4.04,41.83,-45.87,67.51,97.80,178.43,134.10,95.78,27.21
5184,24.18,-49.38,-73.56,12.60,48.85,-61.45,66.54,97.80,173.38,128.04,87.70,7.02
5185,21.16,-63.52,-84.67,21.16,52.89,-74.09,72.55,107.85,173.38,124.00,80.63,0.96
5186,22.17,-58.47,-80.63,18.13,51.40,-69.53,73.56,106.84,166.36,116.93,73.56,-0.96
5187,20.15,-62.51,-82.65,21.16,51.40,-72.55,72.55,101.79,161.31,111.88,68.52,-7.02
5188,16.11,-65.53,-81.64,24.71,48.85,-73.56,73.56,104.82,159.29,111.88,66.54,-8.03
5189,12.07,-65.53,-77.60,26.73,44.81,-71.54,73.56,103.81,159.29,112.89,67.51,-10.05
5190,14.09,-72.55,-86.64,29.23,50.34,-79.57,71.54,102.80,157.27,106.84,62.51,-11.06
5191,9.04,-78.61,-87.65,34.76,48.32,-83.13,68.52,96.79,153.23,102.80,57.46,-14.09
5192,16.11,-73.56,-89.67,28.70,52.89,-81.59,69.53,99.82,154.24,101.79,55.44,-13.08
5193,25.19,-77.60,-102.80,26.20,64.00,-90.20,64.52,96.79,146.17,96.79,49.38,-16.11
5194,8.03,-91.74,-99.77,41.83,53.90,-95.73,59.48,87.70,139.10,92.75,45.34,-20.15
5195,12.07,-75.58,-87.65,31.73,49.86,-81.59,70.53,100.83,148.19,98.81,52.41,-22.17
5196,12.07,-72.55,-84.62,30.24,48.32,-78.56,76.59,104.82,154.24,103.81,56.45,-18.13
5197,8.03,-85.68,-93.71,38.80,50.87,-89.67,69.53,97.80,148.19,96.79,48.37,-13.08
5198,7.02,-87.70,-94.72,40.34,50.87,-91.21,71.54,99.82,146.17,95.78,46.35,-13.08
5199,0.00,-88.71,-88.71,44.33,44.33,-88.71,72.55,98.81,142.13,91.74,43.32,-20.15
5200,5.00,-80.63,-85.63,37.79,45.29,-83.13,69.53,94.77,142.13,91.74,43.32,-19.14
5201,0.96,-81.64,-82.60,40.34,41.78,-82.12,69.53,92.75,143.14,91.74,44.33,-16.11
5202,3.99,-87.70,-91.69,41.83,47.84,-89.67,66.54,91.74,139.10,89.72,43.32,-19.14
5203,14.09,-72.55,-86.64,29.23,50.34,-79.57,74.57,98.81,145.16,94.77,46.35,-14.09
5204,15.10,-75.58,-90.68,30.24,52.89,-83.13,76.59,102.80,146.17,94.77,44.33,-22.17
5205,1.97,-85.68,-87.65,41.83,44.81,-86.64,70.53,94.77,141.12,95.78,49.38,-9.04
5206,3.99,-75.58,-79.57,35.77,41.78,-77.55,77.60,95.78,145.16,97.80,52.41,-5.00
5207,3.99,-83.66,-87.65,39.81,45.82,-85.63,72.55,95.78,144.15,92.75,45.34,-19.14
5208,8.03,-81.64,-89.67,36.78,48.85,-85.63,59.48,90.73,139.10,89.72,44.33,-18.13
5209,20.15,-77.60,-97.75,28.70,58.95,-87.65,63.52,94.77,140.11,91.74,44.33,-26.20
5210,11.06,-77.60,-88.66,33.27,49.86,-83.13,68.52,97.80,143.14,92.75,46.35,-25.19
5211,14.09,-74.57,-88.66,30.24,51.35,-81.59,71.54,98.81,143.14,96.79,51.40,-20.15
5212,15.10,-77.60,-92.70,31.25,53.90,-85.15,71.54,97.80,142.13,97.80,51.40,-20.15
5213,12.07,-78.61,-90.68,33.27,51.35,-84.62,70.53,96.79,144.15,98.81,52.41,-17.12
5214,12.07,-79.62,-91.69,33.75,51.88,-85.63,70.53,95.78,144.15,98.81,53.42,-10.05
5215,13.08,-78.61,-91.69,32.74,52.36,-85.15,69.53,94.77,141.12,95.78,47.36,-18.13
5216,6.01,-90.73,-96.74,42.36,51.35,-93.71,70.53,95.78,139.10,95.78,44.33,-28.22
5217,-0.96,-92.75,-91.79,46.83,45.39,-92.27,70.53,93.76,140.11,96.79,46.35,-24.18
5218,8.03,-81.64,-89.67,36.78,48.85,-85.63,72.55,96.79,141.12,97.80,47.36,-24.18
5219,14.09,-76.59,-90.68,31.25,52.36,-83.61,71.54,96.79,142.13,96.79,50.39,-19.14
5220,20.15,-68.52,-88.66,24.18,54.38,-78.56,70.53,93.76,143.14,99.82,50.39,-18.13
5221,33.27,-60.49,-93.76,13.61,63.52,-77.12,71.54,98.81,144.15,99.82,50.39,-21.16
5222,41.30,-54.43,-95.73,6.54,68.52,-75.05,73.56,100.83,146.17,101.79,54.43,-18.13
5223,25.19,-55.44,-80.63,15.10,52.89,-68.03,77.60,100.83,146.17,102.80,54.43,-21.16
5224,-2.98,-74.57,-71.59,38.75,34.28,-73.08,69.53,92.75,141.12,97.80,52.41,-14.09
5225,-8.03,-87.70,-79.67,47.84,35.82,-83.71,65.53,88.71,139.10,97.80,53.42,-14.09
5226,7.02,-69.53,-76.55,31.25,41.78,-73.04,68.52,90.73,141.12,97.80,53.42,-22.17
5227,19.14,-61.50,-80.63,21.16,49.86,-71.06,67.51,89.72,139.10,94.77,48.37,-26.20
5228,16.11,-64.52,-80.63,24.18,48.37,-72.55,68.52,91.74,142.13,99.82,50.39,-25.19
5229,15.10,-59.48,-74.57,22.17,44.81,-67.03,73.56,96.79,153.23,108.86,57.46,-16.11
5230,12.07,-65.53,-77.60,26.73,44.81,-71.54,78.61,103.81,159.29,111.88,57.46,-20.15
5231,-2.98,-82.65,-79.67,42.79,38.32,-81.16,87.70,110.87,164.34,112.89,52.41,-25.19
5232,-10.05,-84.67,-74.62,47.36,32.26,-79.67,100.83,124.00,175.40,118.95,51.40,-28.22
5233,-15.10,-82.65,-67.55,48.85,26.20,-75.10,112.89,137.08,185.50,124.00,47.36,-39.28
5234,-17.12,-82.65,-65.53,49.86,24.18,-74.09,130.06,155.25,207.66,136.07,48.37,-49.38
5235,-27.21,-92.75,-65.53,59.96,19.14,-79.14,140.11,168.33,218.77,141.12,51.40,-55.44
5236,-24.18,-91.74,-67.55,57.94,21.68,-79.67,152.22,179.44,220.79,141.12,47.36,-56.45
5237,-7.02,-78.61,-71.59,42.79,32.26,-75.10,160.30,189.54,221.80,142.13,44.33,-63.52
5238,0.00,-73.56,-73.56,36.78,36.78,-73.56,145.16,174.39,207.66,141.12,48.37,-56.45
5239,-0.96,-47.36,-46.40,24.14,22.69,-46.88,134.10,159.29,202.61,150.21,69.53,-34.23
5240,-5.00,-35.24,-30.24,20.10,12.60,-32.74,121.98,141.12,194.58,159.29,91.74,-23.18
5241,8.03,-14.09,-22.12,3.03,15.05,-18.08,95.78,111.88,187.52,176.41,119.96,-0.96
5242,14.09,1.97,-12.12,-8.03,13.13,-5.05,64.52,79.62,178.43,190.55,151.22,29.23
5243,15.10,8.03,-7.07,-11.54,11.11,0.48,35.24,46.35,160.30,196.60,176.41,52.41
5244,15.10,34.23,19.14,-24.67,-2.02,26.69,-0.96,0.00,132.08,200.64,202.61,80.63
5245,22.17,50.39,28.22,-36.25,-3.03,39.33,-34.23,-44.33,109.87,206.65,228.87,107.85
5246,31.25,72.55,41.30,-51.88,-5.00,56.93,-65.53,-87.70,84.67,206.65,249.01,131.07
5247,16.11,80.63,64.52,-48.37,-24.18,72.60,-100.83,-136.07,54.43,204.63,271.18,158.28
5248,19.14,86.69,67.55,-52.89,-24.18,77.12,-125.01,-166.36,50.39,220.79,304.45,192.56
5249,32.26,99.82,67.55,-66.02,-17.65,83.71,-143.14,-185.50,50.39,239.92,339.74,223.82
5250,39.28,100.83,61.54,-70.05,-11.11,81.21,-167.37,-213.72,18.13,231.90,359.94,252.04
5251,57.46,99.82,42.36,-78.61,7.55,71.11,-190.55,-239.92,-27.21,198.62,355.90,272.19
5252,74.57,95.78,21.20,-85.15,26.69,58.51,-201.65,-249.01,-55.44,174.39,349.84,285.31
5253,90.73,85.68,-5.05,-88.18,47.89,40.34,-210.69,-257.09,-87.70,144.15,338.73,302.48
5254,112.89,78.61,-34.28,-95.73,73.61,22.17,-215.74,-259.11,-116.93,112.89,318.59,310.51
5255,129.05,82.65,-46.40,-105.83,87.75,18.13,-218.77,-258.10,-145.16,78.61,290.36,311.52
5256,146.17,75.58,-70.58,-110.87,108.37,2.50,-226.85,-256.08,-170.35,45.34,269.16,326.66
5257,173.38,77.60,-95.78,-125.49,134.58,-9.09,-236.90,-253.05,-187.52,19.14,248.00,332.72
5258,190.55,85.68,-104.86,-138.09,147.71,-9.57,-228.87,-234.92,-191.56,-5.00,215.74,321.61
5259,194.58,84.67,-109.91,-139.63,152.27,-12.60,-224.83,-227.86,-207.66,-35.24,169.34,297.43
5260,179.44,79.62,-99.82,-129.53,139.63,-10.10,-228.87,-232.90,-252.04,-95.78,90.73,261.13
5261,171.36,105.83,-65.53,-138.57,118.47,20.15,-243.96,-255.07,-298.44,-142.13,42.31,254.06
5262,197.61,160.30,-37.31,-178.96,117.46,61.50,-295.41,-310.51,-369.02,-182.47,23.18,274.21
5263,208.67,194.58,-14.09,-201.60,111.40,90.25,-328.68,-348.83,-420.42,-218.77,1.97,282.28
5264,201.65,214.73,13.08,-208.19,94.29,113.90,-359.94,-385.13,-463.79,-235.89,0.96,299.45
5265,205.64,256.08,50.44,-230.84,77.60,153.28,-390.18,-422.44,-495.04,-226.85,28.22,337.72
5266,215.74,307.48,91.74,-261.61,62.02,199.63,-425.47,-466.82,-509.13,-205.64,63.52,374.02
5267,212.71,344.79,132.08,-278.73,40.34,238.43,-474.85,-523.27,-543.41,-204.63,84.67,406.29
5268,217.76,402.29,184.54,-310.03,16.64,293.44,-536.39,-598.90,-591.83,-196.60,112.89,443.60
5269,229.88,451.67,221.80,-340.75,4.04,336.76,-617.02,-695.69,-675.49,-223.82,114.91,468.84
5270,259.11,485.96,226.85,-372.53,16.16,356.43,-691.65,-788.43,-784.39,-294.40,80.63,489.99
5271,273.20,513.17,239.97,-393.16,16.64,376.57,-772.33,-893.30,-919.50,-396.24,11.06,495.04
5272,252.04,522.26,270.22,-387.15,-9.09,396.24,-824.73,-974.94,-1056.63,-518.22,-84.67,477.88
5273,230.89,485.96,255.07,-358.40,-12.07,370.51,-816.66,-991.10,-1150.39,-629.14,-194.58,429.51
5274,189.54,385.13,195.59,-287.33,-3.03,290.36,-767.28,-969.94,-1261.31,-793.48,-365.99,321.61
5275,132.08,285.31,153.23,-208.67,-10.58,219.30,-713.81,-945.71,-1395.41,-988.07,-568.66,202.61
5276,64.52,179.44,114.91,-121.98,-25.19,147.18,-627.12,-880.17,-1468.01,-1137.31,-743.05,77.60
5277,-3.99,99.82,103.81,-47.89,-53.90,101.79,-535.38,-795.50,-1478.11,-1221.98,-849.93,-11.06
5278,-87.70,36.25,123.95,25.72,-105.83,80.10,-483.94,-755.16,-1498.25,-1287.52,-926.57,-72.55
5279,-127.03,-50.39,76.64,88.71,-101.84,13.13,-406.29,-676.50,-1468.01,-1309.73,-962.87,-121.98
5280,-128.04,-94.77,33.27,111.40,-80.68,-30.77,-310.51,-566.64,-1365.17,-1254.24,-934.65,-138.09
5281,-148.19,-112.89,35.29,130.54,-91.74,-38.80,-242.95,-494.03,-1284.49,-1195.78,-899.36,-156.26
5282,-164.34,-106.84,57.50,135.59,-110.92,-24.67,-197.61,-437.54,-1203.85,-1123.17,-837.86,-147.18
5283,-200.64,-118.95,81.69,159.77,-141.17,-18.66,-135.06,-368.01,-1113.08,-1044.51,-784.39,-155.25
5284,-249.01,-152.22,96.79,200.59,-172.90,-27.74,-62.51,-295.41,-1027.40,-977.97,-749.10,-192.56
5285,-274.21,-171.36,102.85,222.76,-188.53,-34.28,9.04,-221.80,-937.68,-907.43,-716.84,-226.85
5286,-290.36,-204.63,85.73,247.47,-188.05,-59.48,91.74,-131.07,-850.94,-847.91,-694.68,-270.17
5287,-321.61,-250.02,71.59,285.79,-196.60,-89.24,166.36,-49.38,-779.35,-801.56,-679.53,-310.51
5288,-332.72,-284.30,48.42,308.49,-190.59,-117.94,243.96,32.26,-708.76,-752.13,-655.35,-331.71
5289,-316.57,-308.49,8.08,312.53,-162.32,-150.21,320.60,117.94,-633.18,-699.72,-620.05,-326.66
5290,-305.46,-336.71,-31.25,321.09,-137.13,-184.01,379.07,187.52,-576.68,-662.41,-600.92,-332.72
5291,-310.51,-357.92,-47.41,334.21,-131.55,-202.66,424.46,235.89,-536.39,-632.17,-580.72,-341.76
5292,-314.55,-369.98,-55.44,342.24,-129.58,-212.71,444.61,258.10,-514.18,-605.92,-559.57,-345.80
5293,-303.44,-357.92,-54.48,330.65,-124.48,-206.22,443.60,262.14,-501.10,-584.76,-537.40,-340.75
5294,-300.46,-352.87,-52.41,326.66,-124.05,-202.66,438.55,260.12,-487.97,-564.62,-516.20,-338.73
5295,-303.44,-358.93,-55.49,331.18,-124.00,-207.23,421.43,251.03,-475.86,-543.41,-498.07,-341.76
5296,-304.45,-355.90,-51.45,330.17,-126.50,-203.67,409.31,248.00,-455.71,-517.21,-470.81,-333.73
5297,-294.40,-356.91,-62.51,325.65,-115.97,-209.73,416.38,262.14,-423.45,-484.95,-443.60,-324.64
5298,-275.22,-352.87,-77.65,314.02,-98.81,-215.26,419.41,277.24,-389.17,-452.68,-414.36,-311.52
5299,-265.17,-353.88,-88.71,309.50,-88.23,-221.32,416.38,283.29,-359.94,-426.48,-395.23,-301.47
5300,-246.99,-347.82,-100.83,297.38,-73.08,-224.35,406.29,279.25,-339.74,-405.28,-381.09,-301.47
5301,-228.87,-342.77,-113.90,285.79,-57.50,-228.34,398.26,275.22,-317.58,-383.11,-361.95,-290.36
5302,-220.79,-340.75,-119.96,280.75,-50.44,-230.36,392.20,271.18,-291.37,-355.90,-335.75,-267.19
5303,-208.67,-336.71,-128.04,272.67,-40.34,-232.38,379.07,263.15,-272.19,-335.75,-321.61,-266.18
5304,-190.55,-328.68,-138.14,259.59,-26.20,-233.43,363.97,261.13,-252.04,-314.55,-304.45,-256.08
5305,-172.37,-324.64,-152.27,248.48,-10.05,-238.48,353.88,259.11,-231.90,-291.37,-278.25,-230.89
5306,-160.30,-325.65,-165.35,242.95,2.50,-245.50,350.85,254.06,-217.76,-277.24,-269.16,-229.88
5307,-152.22,-318.59,-166.36,235.40,7.07,-242.47,332.72,236.90,-212.71,-269.16,-260.12,-227.86
5308,-142.13,-311.52,-169.39,226.80,13.61,-240.45,320.60,228.87,-202.61,-257.09,-249.01,-216.75
5309,-135.06,-310.51,-175.45,222.76,20.19,-243.00,325.65,242.95,-180.45,-238.91,-235.89,-208.67
5310,-122.99,-301.47,-178.48,212.23,27.74,-239.97,321.61,241.94,-163.33,-220.79,-217.76,-198.62
5311,-109.87,-282.28,-172.42,196.07,31.25,-227.38,312.53,241.94,-139.10,-194.58,-192.56,-173.38
5312,-91.74,-270.17,-178.43,180.93,43.32,-224.30,307.48,249.01,-121.98,-180.45,-180.45,-164.34
5313,-81.64,-265.17,-183.53,173.38,50.92,-224.35,301.47,243.96,-109.87,-167.37,-172.37,-173.38
5314,-80.63,-252.04,-171.41,166.31,45.39,-211.75,295.41,238.91,-89.72,-147.18,-156.26,-162.32
5315,-69.53,-222.81,-153.28,146.17,41.88,-188.05,293.39,243.96,-65.53,-125.01,-138.09,-144.15
5316,-61.50,-210.69,-149.20,136.07,43.85,-179.97,292.38,252.04,-39.28,-99.82,-116.93,-137.08
5317,-51.40,-203.62,-152.22,127.51,50.39,-177.95,289.35,253.05,-23.18,-83.66,-104.82,-131.07
5318,-46.35,-178.43,-132.08,112.37,42.84,-155.25,288.34,260.12,3.99,-55.44,-76.59,-101.79
5319,-48.37,-177.42,-129.05,112.89,40.34,-153.23,282.28,258.10,17.12,-43.32,-65.53,-99.82
5320,-48.37,-166.36,-117.99,107.37,34.81,-142.18,278.25,258.10,32.26,-27.21,-55.44,-93.76
5321,-58.47,-151.22,-92.75,104.82,17.12,-121.98,281.27,265.17,54.43,-5.00,-35.24,-70.53
5322,-55.44,-155.25,-99.82,105.35,22.17,-127.56,271.18,256.08,56.45,-5.00,-40.29,-88.71
5323,-31.25,-130.06,-98.81,80.63,33.75,-114.43,257.09,248.00,66.54,7.02,-31.25,-84.67
5324,-35.24,-122.99,-87.75,79.09,26.25,-105.39,244.97,234.92,74.57,15.10,-21.16,-71.54
5325,-37.26,-117.94,-80.68,77.60,21.68,-99.34,228.87,218.77,84.67,29.23,-6.01,-59.48
5326,-23.18,-99.82,-76.64,61.50,26.73,-88.23,208.67,206.65,95.78,43.32,3.99,-54.43
5327,-22.17,-86.69,-64.52,54.43,21.16,-75.63,183.48,184.49,101.79,53.42,12.07,-47.36
5328,-14.09,-69.53,-55.44,41.78,20.67,-62.51,154.24,160.30,107.85,65.53,26.20,-32.26
5329,-14.09,-57.46,-43.37,35.77,14.62,-50.44,129.05,142.13,115.92,76.59,35.24,-31.25
5330,-14.09,-47.36,-33.27,30.72,9.57,-40.34,107.85,124.00,120.97,84.67,42.31,-25.19
5331,-3.99,-41.30,-37.31,22.65,16.64,-39.33,92.75,108.86,122.99,86.69,46.35,-18.13
5332,2.98,-33.27,-36.25,15.15,19.62,-34.76,79.62,98.81,126.02,91.74,49.38,-13.08
5333,5.00,-31.25,-36.25,13.13,20.63,-33.75,73.56,91.74,128.04,93.76,51.40,-13.08
5334,2.98,-30.24,-33.22,13.61,18.08,-31.73,72.55,91.74,134.10,99.82,57.46,-9.04
5335,2.98,-20.15,-23.13,8.56,13.03,-21.64,69.53,89.72,137.08,103.81,60.49,-2.98
5336,8.03,-17.12,-25.15,4.52,16.59,-21.11,71.54,91.74,141.12,108.86,64.52,0.96
5337,15.10,-19.14,-34.23,2.02,24.67,-26.69,65.53,82.65,141.12,109.87,66.54,0.00
5338,18.13,-15.10,-33.22,-1.49,25.68,-24.14,63.52,83.66,145.16,114.91,73.56,6.01
5339,19.14,-8.03,-27.17,-5.53,23.13,-17.60,69.53,97.80,154.24,124.00,82.65,15.10
5340,18.13,-3.99,-22.12,-7.07,20.10,-13.03,66.54,89.72,152.22,122.99,82.65,13.08
5341,17.12,-6.01,-23.13,-5.53,20.10,-14.57,62.51,83.66,148.19,118.95,78.61,8.03
5342,21.16,-5.00,-26.16,-8.08,23.66,-15.58,54.43,79.62,145.16,115.92,74.57,1.97
5343,26.20,9.04,-17.16,-17.60,21.68,-4.04,56.45,78.61,151.22,121.98,81.64,9.04
5344,12.07,-8.03,-20.10,-2.02,16.06,-14.04,52.41,75.58,145.16,116.93,77.60,7.02
5345,-3.99,-29.23,-25.24,16.59,10.63,-27.26,45.34,68.52,141.12,111.88,72.55,0.00
5346,-0.96,-18.13,-17.16,9.52,8.08,-17.65,45.34,68.52,144.15,116.93,77.60,6.01
5347,5.00,-14.09,-19.09,4.52,12.02,-16.59,47.36,68.52,145.16,119.96,79.62,0.00
5348,8.03,-8.03,-16.06,0.00,12.02,-12.02,43.32,68.52,148.19,122.99,81.64,1.97
5349,10.05,-0.96,-11.01,-4.52,10.53,-5.96,40.29,64.52,149.20,125.01,86.69,12.07
5350,10.05,-3.99,-14.04,-3.03,12.02,-8.99,43.32,66.54,152.22,126.02,86.69,6.01
5351,2.98,-13.08,-16.06,5.05,9.52,-14.57,44.33,66.54,151.22,125.01,85.68,0.00
5352,12.07,-8.03,-20.10,-2.02,16.06,-14.04,44.33,67.51,153.23,130.06,92.75,8.03
5353,26.20,0.96,-25.24,-13.56,25.72,-12.12,44.33,69.53,156.26,131.07,95.78,15.10
5354,21.16,-5.00,-26.16,-8.08,23.66,-15.58,44.33,66.54,156.26,130.06,93.76,15.10
5355,26.20,5.00,-21.20,-15.58,23.70,-8.08,46.35,68.52,158.28,134.10,96.79,16.11
5356,25.19,1.97,-23.22,-13.56,24.23,-10.63,42.31,64.52,157.27,133.09,94.77,12.07
5357,17.12,-14.09,-31.20,-1.49,24.14,-22.65,31.25,58.47,148.19,122.99,87.70,7.02
5358,23.18,0.00,-23.18,-11.59,23.18,-11.59,38.27,60.49,152.22,127.03,93.76,11.06
5359,28.22,7.02,-21.20,-17.60,24.71,-7.07,41.30,60.49,155.25,131.07,97.80,15.10
5360,21.16,0.96,-20.19,-11.06,20.67,-9.62,37.26,58.47,150.21,126.02,91.74,13.08
5361,16.11,-1.97,-18.08,-7.07,17.07,-10.00,34.23,54.43,147.18,124.00,87.70,10.05
5362,19.14,3.99,-15.15,-11.54,17.16,-5.58,33.27,56.45,150.21,128.04,92.75,20.15
5363,19.14,8.03,-11.11,-13.56,15.15,-1.54,34.23,57.46,151.22,131.07,94.77,18.13
5364,27.21,9.04,-18.17,-18.13,22.69,-4.57,31.25,56.45,149.20,130.06,94.77,14.09
5365,32.26,13.08,-19.18,-22.65,25.72,-3.03,33.27,61.50,155.25,134.10,100.83,22.17
5366,31.25,14.09,-17.16,-22.65,24.23,-1.54,33.27,59.48,153.23,132.08,97.80,19.14
5367,28.22,15.10,-13.13,-21.64,20.67,1.01,34.23,60.49,152.22,134.10,99.82,21.16
5368,18.13,15.10,-3.03,-16.59,10.58,6.06,35.24,62.51,156.26,139.10,103.81,24.18
5369,28.22,23.18,-5.05,-25.68,16.64,9.09,34.23,61.50,156.26,138.09,102.80,24.18
5370,32.26,23.18,-9.09,-27.69,20.67,7.07,31.25,59.48,155.25,138.09,103.81,22.17
5371,17.12,10.05,-7.07,-13.56,12.12,1.49,33.27,58.47,153.23,134.10,100.83,16.11
5372,24.18,10.05,-14.14,-17.12,19.18,-2.02,32.26,58.47,152.22,131.07,100.83,18.13
5373,25.19,13.08,-12.12,-19.14,18.66,0.48,29.23,56.45,152.22,134.10,104.82,24.18
5374,20.15,9.04,-11.11,-14.57,15.63,-1.01,31.25,56.45,154.24,132.08,105.83,23.18
5375,28.22,13.08,-15.15,-20.63,21.68,-1.01,24.18,47.36,148.19,126.02,101.79,20.15
5376,31.25,16.11,-15.15,-23.66,23.22,0.48,22.17,50.39,152.22,132.08,107.85,31.25
5377,25.19,15.10,-10.10,-20.15,17.65,2.50,29.23,58.47,158.28,136.07,112.89,38.27
5378,15.10,9.04,-6.06,-12.07,10.58,1.49,29.23,54.43,156.26,133.09,108.86,32.26
5379,23.18,14.09,-9.09,-18.61,16.16,2.50,25.19,53.42,156.26,134.10,109.87,30.24
5380,29.23,21.16,-8.08,-25.19,18.66,6.54,22.17,53.42,154.24,133.09,111.88,32.26
5381,25.19,16.11,-9.09,-20.63,17.16,3.51,20.15,49.38,151.22,131.07,106.84,29.23
5382,20.15,15.10,-5.05,-17.60,12.60,5.05,20.15,49.38,151.22,129.05,103.81,23.18
5383,20.15,18.13,-2.02,-19.14,11.11,8.08,21.16,48.37,152.22,130.06,105.83,24.18
5384,26.20,23.18,-3.03,-24.67,14.62,10.10,23.18,49.38,152.22,133.09,108.86,29.23
5385,26.20,22.17,-4.04,-24.18,15.15,9.09,25.19,53.42,156.26,134.10,108.86,29.23
5386,25.19,20.15,-5.05,-22.65,15.15,7.55,21.16,49.38,153.23,129.05,104.82,31.25
5387,29.23,23.18,-6.06,-26.20,17.65,8.56,25.19,52.41,155.25,132.08,107.85,31.25
5388,39.28,29.23,-10.05,-34.23,24.67,9.62,21.16,51.40,155.25,132.08,107.85,31.25
5389,27.21,22.17,-5.05,-24.67,16.16,8.56,19.14,48.37,152.22,130.06,104.82,32.26
5390,24.18,27.21,3.03,-25.68,10.58,15.15,30.24,56.45,156.26,135.06,109.87,31.25
5391,38.27,35.24,-3.03,-36.73,20.67,16.11,16.11,46.35,153.23,134.10,111.88,38.27
5392,26.20,18.13,-8.08,-22.17,17.16,5.05,11.06,41.30,150.21,133.09,112.89,39.28
5393,10.05,14.09,4.04,-12.07,3.03,9.09,17.12,42.31,150.21,134.10,113.90,40.29
5394,2.98,8.03,5.05,-5.48,-1.01,6.54,14.09,41.30,147.18,131.07,109.87,34.23
5395,9.04,9.04,0.00,-9.04,4.52,4.52,17.12,42.31,145.16,129.05,104.82,26.20
5396,16.11,14.09,-2.02,-15.10,9.09,6.06,11.06,34.23,140.11,128.04,102.80,27.21
5397,16.11,17.12,1.01,-16.59,7.55,9.09,14.09,41.30,143.14,131.07,107.85,32.26
5398,22.17,29.23,7.07,-25.68,7.55,18.17,26.20,50.39,148.19,136.07,111.88,35.24
5399,29.23,35.24,6.01,-32.21,11.64,20.63,18.13,39.28,146.17,139.10,113.90,41.30
5400,37.26,38.27,1.01,-37.74,18.13,19.67,10.05,36.25,144.15,137.08,112.89,38.27
5401,23.18,34.23,11.06,-28.70,6.06,22.65,6.01,34.23,139.10,132.08,110.87,35.24
5402,6.01,28.22,22.21,-17.12,-8.08,25.24,3.99,30.24,138.09,134.10,113.90,49.38
5403,9.04,20.15,11.11,-14.57,-1.01,15.63,3.99,28.22,136.07,130.06,110.87,42.31
5404,14.09,23.18,9.09,-18.61,2.50,16.16,0.00,27.21,133.09,126.02,105.83,26.20
5405,15.10,28.22,13.13,-21.64,1.01,20.67,5.00,31.25,136.07,128.04,106.84,28.22
5406,23.18,37.26,14.09,-30.19,4.57,25.68,5.00,31.25,137.08,130.06,111.88,37.26
5407,23.18,34.23,11.06,-28.70,6.06,22.65,2.98,28.22,135.06,129.05,112.89,36.25
5408,22.17,30.24,8.08,-26.20,7.07,19.18,8.03,31.25,135.06,126.02,109.87,31.25
5409,22.17,39.28,17.12,-30.72,2.55,28.22,-0.96,26.20,130.06,124.00,109.87,33.27
5410,16.11,39.28,23.18,-27.69,-3.51,31.25,-9.04,20.15,126.02,120.97,107.85,33.27
5411,9.04,43.32,34.28,-26.16,-12.60,38.80,0.00,25.19,129.05,124.00,109.87,36.25
5412,12.07,40.29,28.22,-26.16,-8.08,34.28,-3.99,22.17,129.05,126.02,113.90,46.35
5413,16.11,39.28,23.18,-27.69,-3.51,31.25,-10.05,19.14,127.03,122.99,110.87,44.33
5414,10.05,39.28,29.23,-24.67,-9.57,34.28,-8.03,23.18,131.07,121.98,109.87,39.28
5415,13.08,41.30,28.22,-27.17,-7.55,34.76,-9.04,18.13,124.00,118.95,107.85,37.26
5416,14.09,45.34,31.25,-29.71,-8.56,38.32,-6.01,18.13,120.97,118.95,106.84,40.29
5417,17.12,51.40,34.28,-34.23,-8.56,42.84,-3.99,20.15,122.99,120.97,111.88,47.36
5418,19.14,48.37,29.23,-33.75,-5.05,38.80,-10.05,18.13,120.97,114.91,109.87,41.30
5419,14.09,39.28,25.19,-26.69,-5.53,32.26,-17.12,11.06,112.89,107.85,101.79,32.26
5420,14.09,40.29,26.20,-27.17,-6.06,33.27,-21.16,7.02,108.86,105.83,98.81,32.26
5421,21.16,52.41,31.25,-36.78,-5.05,41.83,-22.17,8.03,113.90,109.87,104.82,41.30
5422,29.23,61.50,32.26,-45.34,-1.49,46.88,-22.17,7.02,110.87,107.85,101.79,40.29
5423,20.15,57.46,37.31,-38.80,-8.56,47.41,-18.13,6.01,107.85,101.79,96.79,35.24
5424,18.13,62.51,44.38,-40.29,-13.13,53.47,-19.14,6.01,105.83,99.82,95.78,37.26
5425,20.15,64.52,44.38,-42.31,-12.12,54.48,-19.14,6.01,105.83,101.79,98.81,43.32
5426,22.17,68.52,46.35,-45.34,-12.07,57.46,-22.17,0.00,102.80,98.81,99.82,43.32
5427,22.17,67.51,45.34,-44.81,-11.59,56.45,-26.20,-2.98,97.80,93.76,94.77,39.28
5428,22.17,64.52,42.36,-43.32,-10.10,53.47,-29.23,-7.02,96.79,94.77,95.78,42.31
5429,12.07,64.52,52.46,-38.27,-20.19,58.51,-30.24,-12.07,91.74,93.76,92.75,37.26
5430,0.96,54.43,53.47,-27.69,-26.25,53.95,-34.23,-11.06,88.71,89.72,91.74,36.25
5431,6.01,53.42,47.41,-29.71,-20.67,50.44,-42.31,-21.16,82.65,87.70,91.74,41.30
5432,14.09,64.52,50.44,-39.28,-18.17,57.50,-40.29,-19.14,82.65,88.71,90.73,39.28
5433,24.18,69.53,45.34,-46.83,-10.58,57.46,-38.27,-14.09,80.63,88.71,89.72,41.30
5434,14.09,69.53,55.44,-41.78,-20.67,62.51,-39.28,-17.12,78.61,87.70,88.71,43.32
5435,6.01,68.52,62.51,-37.26,-28.22,65.53,-43.32,-25.19,73.56,83.66,84.67,39.28
5436,3.99,62.51,58.51,-33.22,-27.26,60.53,-52.41,-31.25,65.53,75.58,79.62,35.24
5437,0.96,68.52,67.55,-34.71,-33.27,68.03,-49.38,-29.23,67.51,76.59,82.65,39.28
5438,10.05,71.54,61.50,-40.77,-25.72,66.54,-49.38,-35.24,64.52,72.55,81.64,39.28
5439,12.07,72.55,60.49,-42.31,-24.18,66.54,-54.43,-33.27,61.50,69.53,78.61,39.28
5440,0.00,72.55,72.55,-36.25,-36.25,72.55,-60.49,-40.29,56.45,67.51,77.60,40.29
5441,-2.98,71.54,74.53,-34.28,-38.75,73.04,-62.51,-50.39,47.36,59.48,72.55,37.26
5442,9.04,81.64,72.60,-45.34,-31.78,77.12,-66.54,-50.39,43.32,56.45,69.53,39.28
5443,14.09,80.63,66.54,-47.36,-26.20,73.61,-70.53,-55.44,38.27,51.40,64.52,35.24
5444,-5.00,77.60,82.60,-36.30,-43.80,80.10,-63.52,-53.42,37.26,51.40,65.53,33.27
5445,-13.08,81.64,94.72,-34.28,-53.90,88.18,-64.52,-51.40,40.29,56.45,71.54,39.28
5446,-12.07,88.71,100.78,-38.32,-56.40,94.72,-70.53,-56.45,35.24,54.43,71.54,48.37
5447,-10.05,92.75,102.80,-41.35,-56.40,97.75,-74.57,-64.52,24.18,45.34,62.51,41.30
5448,-1.97,91.74,93.71,-44.86,-47.84,92.70,-76.59,-72.55,18.13,40.29,55.44,26.20
5449,-3.99,86.69,90.68,-41.35,-47.31,88.66,-85.68,-80.63,9.04,34.23,53.42,29.23
5450,-14.09,86.69,100.78,-36.30,-57.41,93.71,-92.75,-84.67,5.00,31.25,53.42,33.27
5451,-20.15,84.67,104.82,-32.26,-62.46,94.72,-91.74,-86.69,0.00,28.22,50.39,29.23
5452,-20.15,86.69,106.84,-33.27,-63.47,96.74,-98.81,-94.77,-5.00,24.18,48.37,33.27
5453,-24.18,88.71,112.89,-32.26,-68.52,100.78,-102.80,-101.79,-11.06,20.15,46.35,35.24
5454,-28.22,85.68,113.90,-28.70,-71.06,99.77,-108.86,-111.88,-16.11,16.11,46.35,36.25
5455,-31.25,97.80,129.05,-33.27,-80.15,113.42,-109.87,-115.92,-19.14,15.10,46.35,34.23
5456,-34.23,94.77,129.00,-30.24,-81.59,111.88,-102.80,-105.83,-26.20,6.01,35.24,21.16
5457,-25.19,92.75,117.94,-33.75,-71.54,105.35,-106.84,-107.85,-31.25,1.97,30.24,24.18
5458,-19.14,107.85,126.98,-44.33,-73.04,117.41,-114.91,-118.95,-37.26,0.96,35.24,31.25
5459,-24.18,112.89,137.08,-44.33,-80.63,124.96,-113.90,-121.98,-43.32,-2.98,33.27,34.23
5460,-19.14,118.95,138.09,-49.91,-78.61,128.52,-116.93,-122.99,-51.40,-12.07,21.16,28.22
5461,-26.20,118.95,145.16,-46.35,-85.68,132.03,-128.04,-133.09,-59.48,-17.12,19.14,25.19
5462,-39.28,119.96,159.24,-40.34,-99.24,139.58,-125.01,-138.09,-62.51,-18.13,20.15,32.26
5463,-24.18,135.06,159.24,-55.44,-91.69,147.13,-125.01,-138.09,-66.54,-19.14,22.17,34.23
5464,-17.12,139.10,156.22,-60.97,-86.64,147.66,-141.12,-151.22,-78.61,-27.21,12.07,27.21
5465,-26.20,130.06,156.26,-51.93,-91.21,143.14,-142.13,-154.24,-87.70,-38.27,3.99,22.17
5466,-22.17,139.10,161.26,-58.47,-91.69,150.16,-150.21,-163.33,-94.77,-43.32,1.97,25.19
5467,-23.18,149.20,172.37,-62.99,-97.75,160.78,-153.23,-171.36,-100.83,-46.35,-0.96,24.18
5468,-34.23,141.12,175.35,-53.42,-104.77,158.23,-149.20,-168.33,-105.83,-47.36,0.96,26.20
5469,-34.23,136.07,170.30,-50.92,-102.27,153.19,-160.30,-179.44,-119.96,-60.49,-10.05,15.10
5470,-29.23,146.17,175.40,-58.47,-102.32,160.78,-165.35,-187.52,-131.07,-68.52,-18.13,13.08
5471,-35.24,148.19,183.43,-56.45,-109.34,165.78,-169.34,-193.57,-138.09,-72.55,-17.12,27.21
5472,-38.27,149.20,187.47,-55.44,-112.85,168.33,-170.35,-195.59,-144.15,-77.60,-22.17,17.12
5473,-41.30,151.22,192.52,-54.96,-116.89,171.84,-172.37,-199.63,-153.23,-84.67,-31.25,9.04
5474,-53.42,145.16,198.57,-45.87,-125.97,171.84,-182.47,-209.68,-164.34,-92.75,-37.26,10.05
5475,-50.39,155.25,205.64,-52.41,-127.99,180.45,-186.51,-214.73,-170.35,-96.79,-39.28,9.04
5476,-51.40,154.24,205.64,-51.40,-128.52,179.92,-194.58,-226.85,-180.45,-103.81,-41.30,14.09
5477,-48.37,157.27,205.64,-54.43,-126.98,181.46,-199.63,-235.89,-189.54,-112.89,-45.34,12.07
5478,-40.29,169.34,209.63,-64.52,-124.96,189.49,-196.60,-229.88,-191.56,-114.91,-46.35,15.10
5479,-50.39,162.32,212.71,-55.97,-131.55,187.52,-204.63,-239.92,-203.62,-125.01,-54.43,10.05
5480,-70.53,153.23,223.77,-41.35,-147.13,188.48,-212.71,-254.06,-221.80,-140.11,-67.51,-1.97
5481,-70.53,167.37,237.91,-48.42,-154.20,202.61,-212.71,-258.10,-228.87,-143.14,-66.54,3.99
5482,-66.54,173.38,239.92,-53.42,-153.23,206.65,-219.78,-269.16,-239.92,-151.22,-72.55,0.96
5483,-66.54,176.41,242.95,-54.91,-154.72,209.68,-224.83,-278.25,-250.02,-160.30,-77.60,0.00
5484,-64.52,184.49,249.01,-59.96,-156.74,216.75,-230.89,-286.32,-260.12,-167.37,-81.64,-0.96
5485,-68.52,180.45,248.96,-55.97,-158.72,214.68,-239.92,-294.40,-270.17,-176.41,-89.72,-6.01
5486,-72.55,187.52,260.07,-57.46,-166.31,223.77,-240.93,-299.45,-280.26,-182.47,-93.76,-3.99
5487,-68.52,188.53,257.04,-60.01,-162.75,222.76,-251.03,-309.50,-294.40,-194.58,-105.83,-8.03
5488,-71.54,182.47,254.01,-55.44,-162.75,218.24,-256.08,-316.57,-303.44,-203.62,-111.88,-10.05
5489,-68.52,193.57,262.09,-62.51,-165.30,227.81,-255.07,-313.54,-308.49,-204.63,-112.89,-6.01
5490,-75.58,194.58,270.17,-59.48,-172.85,232.38,-267.19,-330.70,-318.59,-211.70,-117.94,-5.00
5491,-80.63,191.56,272.19,-55.44,-176.41,231.85,-270.17,-336.71,-331.71,-222.81,-127.03,-14.09
5492,-79.62,188.53,268.15,-54.43,-173.86,228.34,-274.21,-336.71,-343.78,-232.90,-135.06,-21.16
5493,-95.78,175.40,271.18,-39.81,-183.48,223.29,-284.30,-351.86,-357.92,-244.97,-141.12,-16.11
5494,-84.67,189.54,274.21,-52.41,-179.44,231.85,-281.27,-348.83,-358.93,-243.96,-141.12,-15.10
5495,-83.66,200.64,284.30,-58.47,-183.96,242.47,-285.31,-356.91,-367.00,-250.02,-146.17,-18.13
5496,-94.77,192.56,287.33,-48.90,-191.03,239.92,-291.37,-365.99,-382.10,-262.14,-156.26,-22.17
5497,-97.80,189.54,287.33,-45.87,-192.56,238.43,-298.44,-376.04,-393.21,-271.18,-164.34,-27.21
5498,-100.83,189.54,290.36,-44.33,-195.59,239.92,-309.50,-392.20,-405.28,-281.27,-169.34,-27.21
5499,-95.78,199.63,295.41,-51.93,-195.59,247.52,-310.51,-389.17,-412.34,-283.29,-169.34,-21.16
5500,-102.80,206.65,309.45,-51.93,-206.12,258.05,-311.52,-392.20,-421.43,-290.36,-176.41,-24.18
5501,-107.85,210.69,318.54,-51.40,-213.19,264.59,-317.58,-406.29,-433.55,-300.46,-183.48,-27.21
5502,-103.81,210.69,314.50,-53.42,-209.15,262.57,-319.59,-413.35,-442.59,-306.47,-189.54,-28.22
5503,-105.83,205.64,311.47,-49.91,-208.62,258.53,-323.63,-412.34,-449.65,-315.56,-198.62,-35.24
5504,-111.88,210.69,322.58,-49.38,-217.23,266.61,-328.68,-419.41,-459.75,-322.62,-203.62,-33.27
5505,-107.85,211.70,319.55,-51.93,-213.67,265.60,-327.67,-420.42,-463.79,-325.65,-205.64,-30.24
5506,-100.83,219.78,320.60,-59.48,-210.69,270.17,-332.72,-423.45,-472.83,-331.71,-208.67,-27.21
5507,-102.80,220.79,323.59,-59.00,-213.19,272.19,-341.76,-433.55,-488.98,-344.79,-218.77,-38.27
5508,-110.87,213.72,324.60,-51.40,-217.71,269.16,-340.75,-437.54,-496.05,-351.86,-226.85,-48.37
5509,-112.89,214.73,327.62,-50.92,-220.26,271.18,-342.77,-446.63,-503.12,-356.91,-227.86,-47.36
5510,-101.79,219.78,321.57,-59.00,-211.65,270.65,-348.83,-453.69,-509.13,-362.96,-231.90,-46.35
5511,-102.80,222.81,325.61,-60.01,-214.20,274.21,-351.86,-455.71,-516.20,-368.01,-232.90,-42.31
5512,-106.84,220.79,327.62,-56.98,-217.23,274.21,-351.86,-457.73,-522.26,-370.99,-232.90,-43.32
5513,-109.87,217.76,327.62,-53.95,-218.72,272.67,-353.88,-461.77,-531.34,-378.06,-238.91,-43.32
5514,-121.98,207.66,329.64,-42.84,-225.79,268.63,-365.99,-478.89,-544.42,-389.17,-245.98,-44.33
5515,-124.00,207.66,331.66,-41.83,-227.81,269.64,-372.00,-486.97,-553.51,-396.24,-255.07,-52.41
5516,-130.06,201.65,331.71,-35.77,-230.89,266.66,-365.99,-475.86,-557.55,-401.28,-259.11,-51.40
5517,-140.11,194.58,334.69,-27.21,-237.38,264.64,-365.99,-479.90,-560.58,-404.27,-260.12,-45.34
5518,-134.10,199.63,333.73,-32.74,-233.91,266.66,-365.99,-483.94,-566.64,-408.30,-264.16,-46.35
5519,-126.02,204.63,330.65,-39.28,-228.34,267.62,-364.98,-482.93,-569.66,-411.33,-268.20,-56.45
5520,-122.99,207.66,330.65,-42.31,-226.80,269.16,-372.00,-487.97,-576.68,-417.39,-275.22,-62.51
5521,-124.00,202.61,326.61,-39.28,-225.31,264.59,-370.99,-487.97,-581.73,-424.46,-280.26,-60.49
5522,-121.98,205.64,327.62,-41.83,-224.78,266.61,-365.99,-484.95,-579.71,-425.47,-280.26,-60.49
5523,-119.96,209.68,329.64,-44.86,-224.78,269.64,-363.97,-482.93,-579.71,-426.48,-281.27,-57.46
5524,-122.99,207.66,330.65,-42.31,-226.80,269.16,-364.98,-482.93,-581.73,-427.49,-282.28,-58.47
5525,-121.98,204.63,326.61,-41.30,-224.30,265.60,-363.97,-481.92,-583.75,-430.52,-283.29,-55.44
5526,-119.96,203.62,323.59,-41.83,-221.75,263.58,-362.96,-479.90,-585.77,-434.56,-289.35,-61.50
5527,-116.93,205.64,322.58,-44.33,-219.73,264.11,-360.94,-478.89,-584.76,-436.58,-293.39,-67.51
5528,-127.03,193.57,320.60,-33.27,-223.82,257.09,-356.91,-473.84,-582.74,-437.54,-292.38,-66.54
5529,-138.09,178.43,316.52,-20.15,-227.28,247.47,-355.90,-469.85,-580.72,-436.58,-292.38,-66.54
5530,-137.08,172.37,309.45,-17.65,-223.24,240.89,-351.86,-464.80,-574.67,-431.53,-287.33,-60.49
5531,-136.07,165.35,301.42,-14.62,-218.72,233.39,-348.83,-460.76,-575.67,-433.55,-294.40,-68.52
5532,-133.09,167.37,300.46,-17.12,-216.75,233.91,-342.77,-455.71,-572.65,-432.54,-295.41,-73.56
5533,-133.09,167.37,300.46,-17.12,-216.75,233.91,-336.71,-447.63,-564.62,-425.47,-289.35,-66.54
5534,-124.00,162.32,286.32,-19.14,-205.16,224.30,-339.74,-450.66,-564.62,-428.50,-296.42,-76.59
5535,-109.87,166.36,276.23,-28.22,-193.05,221.27,-341.76,-447.63,-564.62,-429.51,-300.46,-85.68
5536,-115.92,159.29,275.22,-21.68,-195.55,217.23,-329.69,-437.54,-556.54,-424.46,-295.41,-78.61
5537,-118.95,152.22,271.18,-16.64,-195.06,211.70,-319.59,-433.55,-549.47,-420.42,-296.42,-83.66
5538,-118.95,148.19,267.14,-14.62,-193.05,207.66,-318.59,-424.46,-543.41,-419.41,-298.44,-87.70
5539,-124.00,141.12,265.12,-8.56,-194.54,203.09,-317.58,-425.47,-539.37,-419.41,-297.43,-85.68
5540,-120.97,143.14,264.11,-11.06,-192.52,203.62,-312.53,-421.43,-533.36,-415.37,-294.40,-86.69
5541,-125.01,137.08,262.09,-6.01,-193.53,199.58,-302.48,-409.31,-522.26,-408.30,-288.34,-82.65
5542,-122.99,125.01,248.00,-1.01,-185.50,186.51,-296.42,-400.28,-516.20,-406.29,-287.33,-81.64
5543,-116.93,125.01,241.94,-4.04,-179.44,183.48,-290.36,-393.21,-508.12,-402.29,-286.32,-80.63
5544,-114.91,125.01,239.92,-5.05,-177.42,182.47,-285.31,-385.13,-499.08,-397.25,-286.32,-89.72
5545,-112.89,114.91,227.81,-1.01,-170.35,171.36,-283.29,-377.05,-491.00,-394.22,-287.33,-95.78
5546,-111.88,113.90,225.79,-1.01,-168.81,169.82,-272.19,-367.00,-479.90,-386.14,-280.26,-87.70
5547,-104.82,113.90,218.72,-4.52,-161.74,166.31,-261.13,-355.90,-468.84,-381.09,-277.24,-85.68
5548,-110.87,101.79,212.66,4.52,-161.74,157.23,-258.10,-347.82,-458.74,-375.03,-275.22,-85.68
5549,-115.92,96.79,212.71,9.57,-164.29,154.72,-253.05,-335.75,-443.60,-363.97,-268.20,-83.66
5550,-100.83,94.77,195.59,3.03,-148.19,145.16,-241.94,-323.63,-431.53,-353.88,-262.14,-78.61
5551,-92.75,91.74,184.49,0.48,-138.62,138.09,-234.92,-315.56,-423.45,-347.82,-263.15,-88.71
5552,-93.76,87.70,181.46,3.03,-137.61,134.58,-228.87,-308.49,-412.34,-337.72,-255.07,-82.65
5553,-100.83,80.63,181.46,10.10,-141.12,131.02,-221.80,-299.45,-398.26,-325.65,-244.97,-75.58
5554,-93.76,77.60,171.36,8.08,-132.56,124.48,-212.71,-289.35,-387.15,-319.59,-244.97,-83.66
5555,-74.57,83.66,158.23,-4.52,-116.40,120.92,-200.64,-277.24,-374.02,-308.49,-239.92,-81.64
5556,-83.66,71.54,155.21,6.06,-119.43,113.38,-191.56,-264.16,-359.94,-298.44,-233.91,-84.67
5557,-87.70,60.49,148.19,13.61,-117.94,104.34,-184.49,-254.06,-349.84,-290.36,-226.85,-77.60
5558,-85.68,55.44,141.12,15.10,-113.38,98.28,-176.41,-243.96,-337.72,-281.27,-220.79,-77.60
5559,-89.72,49.38,139.10,20.15,-114.38,94.24,-175.40,-239.92,-327.67,-273.20,-215.74,-77.60
5560,-91.74,40.29,132.03,25.72,-111.88,86.16,-170.35,-228.87,-317.58,-266.18,-211.70,-76.59
5561,-86.69,42.31,129.00,22.17,-107.85,85.63,-154.24,-205.64,-297.43,-252.04,-203.62,-70.53
5562,-73.56,52.41,125.97,10.58,-99.77,89.19,-146.17,-195.59,-283.29,-239.92,-194.58,-56.45
5563,-68.52,44.33,112.85,12.07,-90.68,78.56,-148.19,-192.56,-277.24,-234.92,-191.56,-59.48
5564,-66.54,42.31,108.86,12.12,-87.70,75.58,-142.13,-186.51,-267.19,-227.86,-190.55,-70.53
5565,-68.52,33.27,101.79,17.60,-85.15,67.51,-134.10,-181.46,-256.08,-219.78,-186.51,-76.59
5566,-60.49,38.27,98.76,11.11,-79.62,68.52,-118.95,-163.33,-235.89,-203.62,-170.35,-65.53
5567,-56.45,37.26,93.71,9.57,-75.05,65.49,-110.87,-148.19,-223.82,-196.60,-165.35,-65.53
5568,-56.45,23.18,79.62,16.64,-68.03,51.40,-107.85,-145.16,-218.77,-192.56,-165.35,-71.54
5569,-52.41,21.16,73.56,15.63,-62.99,47.36,-100.83,-133.09,-200.64,-177.42,-151.22,-61.50
5570,-58.47,13.08,71.54,22.69,-65.01,42.31,-95.78,-128.04,-188.53,-167.37,-144.15,-60.49
5571,-55.44,7.02,62.46,24.18,-58.95,34.71,-90.73,-121.98,-178.43,-159.29,-136.07,-61.50
5572,-52.41,6.01,58.42,23.18,-55.39,32.21,-84.67,-111.88,-166.36,-150.21,-127.03,-55.44
5573,-52.41,10.05,62.46,21.16,-57.41,36.25,-72.55,-99.82,-156.26,-143.14,-125.01,-62.51
5574,-48.37,5.00,53.37,21.68,-50.87,29.19,-65.53,-88.71,-146.17,-134.10,-119.96,-64.52
5575,-33.27,14.09,47.36,9.57,-40.29,30.72,-63.52,-80.63,-133.09,-122.99,-111.88,-55.44
5576,-31.25,12.07,43.32,9.57,-37.26,27.69,-57.46,-74.57,-121.98,-114.91,-105.83,-49.38
5577,-33.27,1.97,35.24,15.63,-34.23,18.61,-54.43,-71.54,-113.90,-108.86,-102.80,-52.41
5578,-32.26,11.06,43.32,10.58,-37.79,27.17,-44.33,-59.48,-99.82,-94.77,-91.74,-45.34
5579,-39.28,-1.97,37.31,20.63,-38.32,17.65,-40.29,-52.41,-91.74,-90.73,-88.71,-45.34
5580,-44.33,-8.03,36.30,26.16,-40.34,14.14,-38.27,-49.38,-87.70,-88.71,-90.73,-53.42
5581,-37.26,-0.96,36.30,19.09,-36.78,17.65,-31.25,-41.30,-73.56,-76.59,-81.64,-45.34
5582,-27.21,-1.97,25.24,14.57,-26.25,11.64,-29.23,-37.26,-66.54,-73.56,-81.64,-43.32
5583,-30.24,-3.99,26.25,17.12,-28.27,11.11,-25.19,-31.25,-58.47,-67.51,-78.61,-44.33
5584,-21.16,0.00,21.16,10.58,-21.16,10.58,-23.18,-27.21,-49.38,-61.50,-69.53,-40.29
5585,-14.09,-1.97,12.12,8.03,-13.13,5.05,-17.12,-19.14,-40.29,-54.43,-62.51,-35.24
5586,-17.12,-3.99,13.13,10.53,-15.15,4.57,-12.07,-12.07,-30.24,-45.34,-60.49,-39.28
5587,-13.08,-3.99,9.09,8.51,-11.11,2.55,-9.04,-10.05,-26.20,-43.32,-61.50,-41.30
5588,-18.13,-11.06,7.07,14.57,-12.60,-2.02,-6.01,-2.98,-19.14,-37.26,-55.44,-41.30
5589,-18.13,-1.97,16.16,10.05,-17.16,7.07,-2.98,2.98,-10.05,-27.21,-44.33,-39.28
5590,-21.16,-12.07,9.09,16.59,-15.15,-1.49,1.97,8.03,-5.00,-22.17,-42.31,-25.19
5591,-19.14,-26.20,-7.07,22.65,-6.06,-16.64,2.98,12.07,1.97,-18.13,-45.34,-25.19
5592,-14.09,-20.15,-6.06,17.12,-4.04,-13.13,7.02,17.12,11.06,-11.06,-38.27,-26.20
5593,-12.07,-19.14,-7.07,15.58,-2.50,-13.13,9.04,21.16,18.13,-8.03,-33.27,-24.18
5594,-11.06,-24.18,-13.13,17.60,1.01,-18.66,13.08,24.18,23.18,-3.99,-32.26,-30.24
5595,-15.10,-21.16,-6.06,18.13,-4.52,-13.61,19.14,31.25,29.23,2.98,-25.19,-23.18
5596,-12.07,-21.16,-9.09,16.59,-1.49,-15.15,19.14,37.26,38.27,12.07,-19.14,-21.16
5597,-9.04,-27.21,-18.17,18.13,4.57,-22.69,19.14,39.28,41.30,13.08,-18.13,-26.20
5598,-9.04,-22.17,-13.13,15.58,2.02,-17.65,20.15,39.28,48.37,21.16,-12.07,-20.15
5599,-16.11,-28.22,-12.12,22.17,-2.02,-20.19,21.16,35.24,51.40,24.18,-10.05,-24.18
5600,-17.12,-32.26,-15.15,24.67,-1.01,-23.70,23.18,42.31,52.41,25.19,-9.04,-22.17
5601,-0.96,-16.11,-15.15,8.51,7.07,-15.63,32.26,56.45,65.53,37.26,-0.96,-22.17
5602,2.98,-12.07,-15.05,4.52,8.99,-13.56,38.27,60.49,72.55,42.31,3.99,-17.12
5603,2.98,-12.07,-15.05,4.52,8.99,-13.56,36.25,58.47,77.60,48.37,9.04,-6.01
5604,9.04,-3.99,-13.03,-2.50,11.01,-8.51,36.25,61.50,77.60,48.37,5.00,-21.16
5605,12.07,-10.05,-22.12,-1.01,17.07,-16.06,41.30,68.52,82.65,53.42,11.06,-17.12
5606,10.05,-6.01,-16.06,-2.02,13.03,-11.01,46.35,73.56,91.74,60.49,21.16,-2.98
5607,5.00,-13.08,-18.08,4.04,11.54,-15.58,44.33,71.54,89.72,56.45,18.13,-10.05
5608,9.04,-27.21,-36.25,9.09,22.65,-31.73,40.29,68.52,91.74,57.46,15.10,-16.11
5609,10.05,-22.17,-32.21,6.06,21.11,-27.17,42.31,73.56,95.78,61.50,18.13,-13.08
5610,13.08,-26.20,-39.28,6.54,26.16,-32.74,47.36,78.61,100.83,64.52,21.16,-13.08
5611,12.07,-30.24,-42.31,9.09,27.17,-36.25,48.37,79.62,103.81,66.54,22.17,-10.05
5612,-1.97,-30.24,-28.27,16.11,13.13,-29.28,47.36,78.61,108.86,69.53,26.20,-3.99
5613,6.01,-24.18,-30.19,9.09,18.08,-27.17,49.38,79.62,113.90,71.54,27.21,-5.00
5614,12.07,-22.17,-34.23,5.05,23.13,-28.18,48.37,79.62,113.90,70.53,22.17,-10.05
5615,14.09,-19.14,-33.22,2.50,23.66,-26.16,51.40,83.66,117.94,75.58,25.19,-9.04
5616,16.11,-23.18,-39.28,3.51,27.69,-31.20,50.39,86.69,119.96,77.60,29.23,-7.02
5617,6.01,-34.23,-40.24,14.09,23.13,-37.21,54.43,87.70,122.99,78.61,29.23,-7.02
5618,8.03,-29.23,-37.26,10.58,22.65,-33.22,57.46,90.73,126.02,82.65,33.27,-2.98
5619,7.02,-26.20,-33.22,9.57,20.10,-29.71,55.44,89.72,126.02,83.66,33.27,-5.00
5620,3.99,-26.20,-30.19,11.11,17.07,-28.18,62.51,96.79,131.07,87.70,37.26,-1.97
5621,7.02,-20.15,-27.17,6.54,17.07,-23.66,63.52,95.78,134.10,90.73,40.29,0.96
5622,10.05,-19.14,-29.19,4.52,19.62,-24.14,65.53,97.80,136.07,91.74,44.33,6.01
5623,12.07,-21.16,-33.22,4.52,22.65,-27.17,64.52,98.81,140.11,94.77,45.34,5.00