Tempo (ms),Lead I (uV),Lead II (uV),Lead III (uV),aVR (uV),aVL (uV),aVF (uV),V1 (uV),V2 (uV),V3 (uV),V4 (uV),V5 (uV),V6 (uV)
0,176.41,83.66,-92.75,-130.01,134.58,-4.52,-21.16,65.53,198.62,170.35,153.23,95.78
1,169.34,63.52,-105.83,-116.40,137.61,-21.16,-15.10,67.51,191.56,165.35,147.18,86.69
2,158.28,61.50,-96.79,-109.87,127.56,-17.65,-12.07,67.51,191.56,158.28,144.15,88.71
3,162.32,68.52,-93.81,-115.39,128.09,-12.65,-2.98,76.59,200.64,165.35,153.23,104.82
4,153.23,59.48,-93.76,-106.36,123.52,-17.12,0.96,78.61,199.63,165.35,151.22,93.76
5,147.18,53.42,-93.76,-100.30,120.49,-20.15,-6.01,75.58,192.56,156.26,136.07,73.56
6,142.13,49.38,-92.75,-95.73,117.46,-21.68,2.98,78.61,194.58,159.29,137.08,80.63
7,130.06,42.31,-87.75,-86.16,108.90,-22.69,3.99,74.57,188.53,155.25,137.08,79.62
8,132.08,47.36,-84.72,-89.72,108.42,-18.66,-6.01,61.50,174.39,144.15,127.03,71.54
9,145.16,61.50,-83.66,-103.33,114.43,-11.06,-7.02,56.45,172.37,143.14,126.02,74.57
10,143.14,57.46,-85.68,-100.30,114.43,-14.09,-10.05,55.44,168.33,139.10,125.01,73.56
11,143.14,60.49,-82.65,-101.79,112.89,-11.06,-5.00,58.47,170.35,140.11,126.02,75.58
12,140.11,64.52,-75.58,-102.32,107.85,-5.53,0.96,59.48,171.36,141.12,126.02,70.53
13,115.92,41.30,-74.62,-78.61,95.30,-16.64,0.00,55.44,167.37,135.06,120.97,62.51
14,105.83,28.22,-77.60,-67.03,91.74,-24.67,1.97,56.45,164.34,132.08,116.93,60.49
15,90.73,19.14,-71.59,-54.91,81.16,-26.20,8.03,60.49,169.34,134.10,114.91,55.44
16,78.61,9.04,-69.57,-43.80,74.09,-30.24,13.08,65.53,172.37,136.07,112.89,54.43
17,78.61,9.04,-69.57,-43.80,74.09,-30.24,25.19,74.57,175.40,137.08,109.87,47.36
18,60.49,2.98,-57.50,-31.73,59.00,-27.26,34.23,78.61,184.49,145.16,117.94,58.47
19,46.35,-3.99,-50.34,-21.16,48.32,-27.17,37.26,80.63,186.51,146.17,117.94,60.49
20,40.29,-13.08,-53.37,-13.61,46.83,-33.22,46.35,86.69,182.47,142.13,107.85,36.25
21,36.25,-18.13,-54.38,-9.04,45.29,-36.25,48.37,86.69,181.46,139.10,103.81,29.23
22,29.23,-25.19,-54.43,-2.02,41.83,-39.81,50.39,89.72,181.46,137.08,100.83,32.26
23,28.22,-30.24,-58.47,1.01,43.32,-44.33,54.43,90.73,178.43,135.06,97.80,24.18
24,28.22,-30.24,-58.47,1.01,43.32,-44.33,62.51,94.77,179.44,136.07,97.80,24.18
25,25.19,-33.27,-58.47,4.04,41.83,-45.87,67.51,97.80,178.43,134.10,95.78,27.21
26,24.18,-49.38,-73.56,12.60,48.85,-61.45,66.54,97.80,173.38,128.04,87.70,7.02
27,21.16,-63.52,-84.67,21.16,52.89,-74.09,72.55,107.85,173.38,124.00,80.63,0.96
28,22.17,-58.47,-80.63,18.13,51.40,-69.53,73.56,106.84,166.36,116.93,73.56,-0.96
29,20.15,-62.51,-82.65,21.16,51.40,-72.55,72.55,101.79,161.31,111.88,68.52,-7.02
30,16.11,-65.53,-81.64,24.71,48.85,-73.56,73.56,104.82,159.29,111.88,66.54,-8.03
31,12.07,-65.53,-77.60,26.73,44.81,-71.54,73.56,103.81,159.29,112.89,67.51,-10.05
32,14.09,-72.55,-86.64,29.23,50.34,-79.57,71.54,102.80,157.27,106.84,62.51,-11.06
33,9.04,-78.61,-87.65,34.76,48.32,-83.13,68.52,96.79,153.23,102.80,57.46,-14.09
34,16.11,-73.56,-89.67,28.70,52.89,-81.59,69.53,99.82,154.24,101.79,55.44,-13.08
35,25.19,-77.60,-102.80,26.20,64.00,-90.20,64.52,96.79,146.17,96.79,49.38,-16.11
36,8.03,-91.74,-99.77,41.83,53.90,-95.73,59.48,87.70,139.10,92.75,45.34,-20.15
37,12.07,-75.58,-87.65,31.73,49.86,-81.59,70.53,100.83,148.19,98.81,52.41,-22.17
38,12.07,-72.55,-84.62,30.24,48.32,-78.56,76.59,104.82,154.24,103.81,56.45,-18.13
39,8.03,-85.68,-93.71,38.80,50.87,-89.67,69.53,97.80,148.19,96.79,48.37,-13.08
40,7.02,-87.70,-94.72,40.34,50.87,-91.21,71.54,99.82,146.17,95.78,46.35,-13.08
41,0.00,-88.71,-88.71,44.33,44.33,-88.71,72.55,98.81,142.13,91.74,43.32,-20.15
42,5.00,-80.63,-85.63,37.79,45.29,-83.13,69.53,94.77,142.13,91.74,43.32,-19.14
43,0.96,-81.64,-82.60,40.34,41.78,-82.12,69.53,92.75,143.14,91.74,44.33,-16.11
44,3.99,-87.70,-91.69,41.83,47.84,-89.67,66.54,91.74,139.10,89.72,43.32,-19.14
45,14.09,-72.55,-86.64,29.23,50.34,-79.57,74.57,98.81,145.16,94.77,46.35,-14.09
46,15.10,-75.58,-90.68,30.24,52.89,-83.13,76.59,102.80,146.17,94.77,44.33,-22.17
47,1.97,-85.68,-87.65,41.83,44.81,-86.64,70.53,94.77,141.12,95.78,49.38,-9.04
48,3.99,-75.58,-79.57,35.77,41.78,-77.55,77.60,95.78,145.16,97.80,52.41,-5.00
49,3.99,-83.66,-87.65,39.81,45.82,-85.63,72.55,95.78,144.15,92.75,45.34,-19.14
50,8.03,-81.64,-89.67,36.78,48.85,-85.63,59.48,90.73,139.10,89.72,44.33,-18.13
51,20.15,-77.60,-97.75,28.70,58.95,-87.65,63.52,94.77,140.11,91.74,44.33,-26.20
52,11.06,-77.60,-88.66,33.27,49.86,-83.13,68.52,97.80,143.14,92.75,46.35,-25.19
53,14.09,-74.57,-88.66,30.24,51.35,-81.59,71.54,98.81,143.14,96.79,51.40,-20.15
54,15.10,-77.60,-92.70,31.25,53.90,-85.15,71.54,97.80,142.13,97.80,51.40,-20.15
55,12.07,-78.61,-90.68,33.27,51.35,-84.62,70.53,96.79,144.15,98.81,52.41,-17.12
56,12.07,-79.62,-91.69,33.75,51.88,-85.63,70.53,95.78,144.15,98.81,53.42,-10.05
57,13.08,-78.61,-91.69,32.74,52.36,-85.15,69.53,94.77,141.12,95.78,47.36,-18.13
58,6.01,-90.73,-96.74,42.36,51.35,-93.71,70.53,95.78,139.10,95.78,44.33,-28.22
59,-0.96,-92.75,-91.79,46.83,45.39,-92.27,70.53,93.76,140.11,96.79,46.35,-24.18
60,8.03,-81.64,-89.67,36.78,48.85,-85.63,72.55,96.79,141.12,97.80,47.36,-24.18
61,14.09,-76.59,-90.68,31.25,52.36,-83.61,71.54,96.79,142.13,96.79,50.39,-19.14
62,20.15,-68.52,-88.66,24.18,54.38,-78.56,70.53,93.76,143.14,99.82,50.39,-18.13
63,33.27,-60.49,-93.76,13.61,63.52,-77.12,71.54,98.81,144.15,99.82,50.39,-21.16
64,41.30,-54.43,-95.73,6.54,68.52,-75.05,73.56,100.83,146.17,101.79,54.43,-18.13
65,25.19,-55.44,-80.63,15.10,52.89,-68.03,77.60,100.83,146.17,102.80,54.43,-21.16
66,-2.98,-74.57,-71.59,38.75,34.28,-73.08,69.53,92.75,141.12,97.80,52.41,-14.09
67,-8.03,-87.70,-79.67,47.84,35.82,-83.71,65.53,88.71,139.10,97.80,53.42,-14.09
68,7.02,-69.53,-76.55,31.25,41.78,-73.04,68.52,90.73,141.12,97.80,53.42,-22.17
69,19.14,-61.50,-80.63,21.16,49.86,-71.06,67.51,89.72,139.10,94.77,48.37,-26.20
70,16.11,-64.52,-80.63,24.18,48.37,-72.55,68.52,91.74,142.13,99.82,50.39,-25.19
71,15.10,-59.48,-74.57,22.17,44.81,-67.03,73.56,96.79,153.23,108.86,57.46,-16.11
72,12.07,-65.53,-77.60,26.73,44.81,-71.54,78.61,103.81,159.29,111.88,57.46,-20.15
73,-2.98,-82.65,-79.67,42.79,38.32,-81.16,87.70,110.87,164.34,112.89,52.41,-25.19
74,-10.05,-84.67,-74.62,47.36,32.26,-79.67,100.83,124.00,175.40,118.95,51.40,-28.22
75,-15.10,-82.65,-67.55,48.85,26.20,-75.10,112.89,137.08,185.50,124.00,47.36,-39.28
76,-17.12,-82.65,-65.53,49.86,24.18,-74.09,130.06,155.25,207.66,136.07,48.37,-49.38
77,-27.21,-92.75,-65.53,59.96,19.14,-79.14,140.11,168.33,218.77,141.12,51.40,-55.44
78,-24.18,-91.74,-67.55,57.94,21.68,-79.67,152.22,179.44,220.79,141.12,47.36,-56.45
79,-7.02,-78.61,-71.59,42.79,32.26,-75.10,160.30,189.54,221.80,142.13,44.33,-63.52
80,0.00,-73.56,-73.56,36.78,36.78,-73.56,145.16,174.39,207.66,141.12,48.37,-56.45
81,-0.96,-47.36,-46.40,24.14,22.69,-46.88,134.10,159.29,202.61,150.21,69.53,-34.23
82,-5.00,-35.24,-30.24,20.10,12.60,-32.74,121.98,141.12,194.58,159.29,91.74,-23.18
83,8.03,-14.09,-22.12,3.03,15.05,-18.08,95.78,111.88,187.52,176.41,119.96,-0.96
84,14.09,1.97,-12.12,-8.03,13.13,-5.05,64.52,79.62,178.43,190.55,151.22,29.23
85,15.10,8.03,-7.07,-11.54,11.11,0.48,35.24,46.35,160.30,196.60,176.41,52.41
86,15.10,34.23,19.14,-24.67,-2.02,26.69,-0.96,0.00,132.08,200.64,202.61,80.63
87,22.17,50.39,28.22,-36.25,-3.03,39.33,-34.23,-44.33,109.87,206.65,228.87,107.85
88,31.25,72.55,41.30,-51.88,-5.00,56.93,-65.53,-87.70,84.67,206.65,249.01,131.07
89,16.11,80.63,64.52,-48.37,-24.18,72.60,-100.83,-136.07,54.43,204.63,271.18,158.28
90,19.14,86.69,67.55,-52.89,-24.18,77.12,-125.01,-166.36,50.39,220.79,304.45,192.56
91,32.26,99.82,67.55,-66.02,-17.65,83.71,-143.14,-185.50,50.39,239.92,339.74,223.82
92,39.28,100.83,61.54,-70.05,-11.11,81.21,-167.37,-213.72,18.13,231.90,359.94,252.04
93,57.46,99.82,42.36,-78.61,7.55,71.11,-190.55,-239.92,-27.21,198.62,355.90,272.19
94,74.57,95.78,21.20,-85.15,26.69,58.51,-201.65,-249.01,-55.44,174.39,349.84,285.31
95,90.73,85.68,-5.05,-88.18,47.89,40.34,-210.69,-257.09,-87.70,144.15,338.73,302.48
96,112.89,78.61,-34.28,-95.73,73.61,22.17,-215.74,-259.11,-116.93,112.89,318.59,310.51
97,129.05,82.65,-46.40,-105.83,87.75,18.13,-218.77,-258.10,-145.16,78.61,290.36,311.52
98,146.17,75.58,-70.58,-110.87,108.37,2.50,-226.85,-256.08,-170.35,45.34,269.16,326.66
99,173.38,77.60,-95.78,-125.49,134.58,-9.09,-236.90,-253.05,-187.52,19.14,248.00,332.72
100,190.55,85.68,-104.86,-138.09,147.71,-9.57,-228.87,-234.92,-191.56,-5.00,215.74,321.61
101,194.58,84.67,-109.91,-139.63,152.27,-12.60,-224.83,-227.86,-207.66,-35.24,169.34,297.43
102,179.44,79.62,-99.82,-129.53,139.63,-10.10,-228.87,-232.90,-252.04,-95.78,90.73,261.13
103,171.36,105.83,-65.53,-138.57,118.47,20.15,-243.96,-255.07,-298.44,-142.13,42.31,254.06
104,197.61,160.30,-37.31,-178.96,117.46,61.50,-295.41,-310.51,-369.02,-182.47,23.18,274.21
105,208.67,194.58,-14.09,-201.60,111.40,90.25,-328.68,-348.83,-420.42,-218.77,1.97,282.28
106,201.65,214.73,13.08,-208.19,94.29,113.90,-359.94,-385.13,-463.79,-235.89,0.96,299.45
107,205.64,256.08,50.44,-230.84,77.60,153.28,-390.18,-422.44,-495.04,-226.85,28.22,337.72
108,215.74,307.48,91.74,-261.61,62.02,199.63,-425.47,-466.82,-509.13,-205.64,63.52,374.02
109,212.71,344.79,132.08,-278.73,40.34,238.43,-474.85,-523.27,-543.41,-204.63,84.67,406.29
110,217.76,402.29,184.54,-310.03,16.64,293.44,-536.39,-598.90,-591.83,-196.60,112.89,443.60
111,229.88,451.67,221.80,-340.75,4.04,336.76,-617.02,-695.69,-675.49,-223.82,114.91,468.84
112,259.11,485.96,226.85,-372.53,16.16,356.43,-691.65,-788.43,-784.39,-294.40,80.63,489.99
113,273.20,513.17,239.97,-393.16,16.64,376.57,-772.33,-893.30,-919.50,-396.24,11.06,495.04
114,252.04,522.26,270.22,-387.15,-9.09,396.24,-824.73,-974.94,-1056.63,-518.22,-84.67,477.88
115,230.89,485.96,255.07,-358.40,-12.07,370.51,-816.66,-991.10,-1150.39,-629.14,-194.58,429.51
116,189.54,385.13,195.59,-287.33,-3.03,290.36,-767.28,-969.94,-1261.31,-793.48,-365.99,321.61
117,132.08,285.31,153.23,-208.67,-10.58,219.30,-713.81,-945.71,-1395.41,-988.07,-568.66,202.61
118,64.52,179.44,114.91,-121.98,-25.19,147.18,-627.12,-880.17,-1468.01,-1137.31,-743.05,77.60
119,-3.99,99.82,103.81,-47.89,-53.90,101.79,-535.38,-795.50,-1478.11,-1221.98,-849.93,-11.06
120,-87.70,36.25,123.95,25.72,-105.83,80.10,-483.94,-755.16,-1498.25,-1287.52,-926.57,-72.55
121,-127.03,-50.39,76.64,88.71,-101.84,13.13,-406.29,-676.50,-1468.01,-1309.73,-962.87,-121.98
122,-128.04,-94.77,33.27,111.40,-80.68,-30.77,-310.51,-566.64,-1365.17,-1254.24,-934.65,-138.09
123,-148.19,-112.89,35.29,130.54,-91.74,-38.80,-242.95,-494.03,-1284.49,-1195.78,-899.36,-156.26
124,-164.34,-106.84,57.50,135.59,-110.92,-24.67,-197.61,-437.54,-1203.85,-1123.17,-837.86,-147.18
125,-200.64,-118.95,81.69,159.77,-141.17,-18.66,-135.06,-368.01,-1113.08,-1044.51,-784.39,-155.25
126,-249.01,-152.22,96.79,200.59,-172.90,-27.74,-62.51,-295.41,-1027.40,-977.97,-749.10,-192.56
127,-274.21,-171.36,102.85,222.76,-188.53,-34.28,9.04,-221.80,-937.68,-907.43,-716.84,-226.85
128,-290.36,-204.63,85.73,247.47,-188.05,-59.48,91.74,-131.07,-850.94,-847.91,-694.68,-270.17
129,-321.61,-250.02,71.59,285.79,-196.60,-89.24,166.36,-49.38,-779.35,-801.56,-679.53,-310.51
130,-332.72,-284.30,48.42,308.49,-190.59,-117.94,243.96,32.26,-708.76,-752.13,-655.35,-331.71
131,-316.57,-308.49,8.08,312.53,-162.32,-150.21,320.60,117.94,-633.18,-699.72,-620.05,-326.66
132,-305.46,-336.71,-31.25,321.09,-137.13,-184.01,379.07,187.52,-576.68,-662.41,-600.92,-332.72
133,-310.51,-357.92,-47.41,334.21,-131.55,-202.66,424.46,235.89,-536.39,-632.17,-580.72,-341.76
134,-314.55,-369.98,-55.44,342.24,-129.58,-212.71,444.61,258.10,-514.18,-605.92,-559.57,-345.80
135,-303.44,-357.92,-54.48,330.65,-124.48,-206.22,443.60,262.14,-501.10,-584.76,-537.40,-340.75
136,-300.46,-352.87,-52.41,326.66,-124.05,-202.66,438.55,260.12,-487.97,-564.62,-516.20,-338.73
137,-303.44,-358.93,-55.49,331.18,-124.00,-207.23,421.43,251.03,-475.86,-543.41,-498.07,-341.76
138,-304.45,-355.90,-51.45,330.17,-126.50,-203.67,409.31,248.00,-455.71,-517.21,-470.81,-333.73
139,-294.40,-356.91,-62.51,325.65,-115.97,-209.73,416.38,262.14,-423.45,-484.95,-443.60,-324.64
140,-275.22,-352.87,-77.65,314.02,-98.81,-215.26,419.41,277.24,-389.17,-452.68,-414.36,-311.52
141,-265.17,-353.88,-88.71,309.50,-88.23,-221.32,416.38,283.29,-359.94,-426.48,-395.23,-301.47
142,-246.99,-347.82,-100.83,297.38,-73.08,-224.35,406.29,279.25,-339.74,-405.28,-381.09,-301.47
143,-228.87,-342.77,-113.90,285.79,-57.50,-228.34,398.26,275.22,-317.58,-383.11,-361.95,-290.36
144,-220.79,-340.75,-119.96,280.75,-50.44,-230.36,392.20,271.18,-291.37,-355.90,-335.75,-267.19
145,-208.67,-336.71,-128.04,272.67,-40.34,-232.38,379.07,263.15,-272.19,-335.75,-321.61,-266.18
146,-190.55,-328.68,-138.14,259.59,-26.20,-233.43,363.97,261.13,-252.04,-314.55,-304.45,-256.08
147,-172.37,-324.64,-152.27,248.48,-10.05,-238.48,353.88,259.11,-231.90,-291.37,-278.25,-230.89
148,-160.30,-325.65,-165.35,242.95,2.50,-245.50,350.85,254.06,-217.76,-277.24,-269.16,-229.88
149,-152.22,-318.59,-166.36,235.40,7.07,-242.47,332.72,236.90,-212.71,-269.16,-260.12,-227.86
150,-142.13,-311.52,-169.39,226.80,13.61,-240.45,320.60,228.87,-202.61,-257.09,-249.01,-216.75
151,-135.06,-310.51,-175.45,222.76,20.19,-243.00,325.65,242.95,-180.45,-238.91,-235.89,-208.67
152,-122.99,-301.47,-178.48,212.23,27.74,-239.97,321.61,241.94,-163.33,-220.79,-217.76,-198.62
153,-109.87,-282.28,-172.42,196.07,31.25,-227.38,312.53,241.94,-139.10,-194.58,-192.56,-173.38
154,-91.74,-270.17,-178.43,180.93,43.32,-224.30,307.48,249.01,-121.98,-180.45,-180.45,-164.34
155,-81.64,-265.17,-183.53,173.38,50.92,-224.35,301.47,243.96,-109.87,-167.37,-172.37,-173.38
156,-80.63,-252.04,-171.41,166.31,45.39,-211.75,295.41,238.91,-89.72,-147.18,-156.26,-162.32
157,-69.53,-222.81,-153.28,146.17,41.88,-188.05,293.39,243.96,-65.53,-125.01,-138.09,-144.15
158,-61.50,-210.69,-149.20,136.07,43.85,-179.97,292.38,252.04,-39.28,-99.82,-116.93,-137.08
159,-51.40,-203.62,-152.22,127.51,50.39,-177.95,289.35,253.05,-23.18,-83.66,-104.82,-131.07
160,-46.35,-178.43,-132.08,112.37,42.84,-155.25,288.34,260.12,3.99,-55.44,-76.59,-101.79
161,-48.37,-177.42,-129.05,112.89,40.34,-153.23,282.28,258.10,17.12,-43.32,-65.53,-99.82
162,-48.37,-166.36,-117.99,107.37,34.81,-142.18,278.25,258.10,32.26,-27.21,-55.44,-93.76
163,-58.47,-151.22,-92.75,104.82,17.12,-121.98,281.27,265.17,54.43,-5.00,-35.24,-70.53
164,-55.44,-155.25,-99.82,105.35,22.17,-127.56,271.18,256.08,56.45,-5.00,-40.29,-88.71
165,-31.25,-130.06,-98.81,80.63,33.75,-114.43,257.09,248.00,66.54,7.02,-31.25,-84.67
166,-35.24,-122.99,-87.75,79.09,26.25,-105.39,244.97,234.92,74.57,15.10,-21.16,-71.54
167,-37.26,-117.94,-80.68,77.60,21.68,-99.34,228.87,218.77,84.67,29.23,-6.01,-59.48
168,-23.18,-99.82,-76.64,61.50,26.73,-88.23,208.67,206.65,95.78,43.32,3.99,-54.43
169,-22.17,-86.69,-64.52,54.43,21.16,-75.63,183.48,184.49,101.79,53.42,12.07,-47.36
170,-14.09,-69.53,-55.44,41.78,20.67,-62.51,154.24,160.30,107.85,65.53,26.20,-32.26
171,-14.09,-57.46,-43.37,35.77,14.62,-50.44,129.05,142.13,115.92,76.59,35.24,-31.25
172,-14.09,-47.36,-33.27,30.72,9.57,-40.34,107.85,124.00,120.97,84.67,42.31,-25.19
173,-3.99,-41.30,-37.31,22.65,16.64,-39.33,92.75,108.86,122.99,86.69,46.35,-18.13
174,2.98,-33.27,-36.25,15.15,19.62,-34.76,79.62,98.81,126.02,91.74,49.38,-13.08
175,5.00,-31.25,-36.25,13.13,20.63,-33.75,73.56,91.74,128.04,93.76,51.40,-13.08
176,2.98,-30.24,-33.22,13.61,18.08,-31.73,72.55,91.74,134.10,99.82,57.46,-9.04
177,2.98,-20.15,-23.13,8.56,13.03,-21.64,69.53,89.72,137.08,103.81,60.49,-2.98
178,8.03,-17.12,-25.15,4.52,16.59,-21.11,71.54,91.74,141.12,108.86,64.52,0.96
179,15.10,-19.14,-34.23,2.02,24.67,-26.69,65.53,82.65,141.12,109.87,66.54,0.00
180,18.13,-15.10,-33.22,-1.49,25.68,-24.14,63.52,83.66,145.16,114.91,73.56,6.01
181,19.14,-8.03,-27.17,-5.53,23.13,-17.60,69.53,97.80,154.24,124.00,82.65,15.10
182,18.13,-3.99,-22.12,-7.07,20.10,-13.03,66.54,89.72,152.22,122.99,82.65,13.08
183,17.12,-6.01,-23.13,-5.53,20.10,-14.57,62.51,83.66,148.19,118.95,78.61,8.03
184,21.16,-5.00,-26.16,-8.08,23.66,-15.58,54.43,79.62,145.16,115.92,74.57,1.97
185,26.20,9.04,-17.16,-17.60,21.68,-4.04,56.45,78.61,151.22,121.98,81.64,9.04
186,12.07,-8.03,-20.10,-2.02,16.06,-14.04,52.41,75.58,145.16,116.93,77.60,7.02
187,-3.99,-29.23,-25.24,16.59,10.63,-27.26,45.34,68.52,141.12,111.88,72.55,0.00
188,-0.96,-18.13,-17.16,9.52,8.08,-17.65,45.34,68.52,144.15,116.93,77.60,6.01
189,5.00,-14.09,-19.09,4.52,12.02,-16.59,47.36,68.52,145.16,119.96,79.62,0.00
190,8.03,-8.03,-16.06,0.00,12.02,-12.02,43.32,68.52,148.19,122.99,81.64,1.97
191,10.05,-0.96,-11.01,-4.52,10.53,-5.96,40.29,64.52,149.20,125.01,86.69,12.07
192,10.05,-3.99,-14.04,-3.03,12.02,-8.99,43.32,66.54,152.22,126.02,86.69,6.01
193,2.98,-13.08,-16.06,5.05,9.52,-14.57,44.33,66.54,151.22,125.01,85.68,0.00
194,12.07,-8.03,-20.10,-2.02,16.06,-14.04,44.33,67.51,153.23,130.06,92.75,8.03
195,26.20,0.96,-25.24,-13.56,25.72,-12.12,44.33,69.53,156.26,131.07,95.78,15.10
196,21.16,-5.00,-26.16,-8.08,23.66,-15.58,44.33,66.54,156.26,130.06,93.76,15.10
197,26.20,5.00,-21.20,-15.58,23.70,-8.08,46.35,68.52,158.28,134.10,96.79,16.11
198,25.19,1.97,-23.22,-13.56,24.23,-10.63,42.31,64.52,157.27,133.09,94.77,12.07
199,17.12,-14.09,-31.20,-1.49,24.14,-22.65,31.25,58.47,148.19,122.99,87.70,7.02
200,23.18,0.00,-23.18,-11.59,23.18,-11.59,38.27,60.49,152.22,127.03,93.76,11.06
201,28.22,7.02,-21.20,-17.60,24.71,-7.07,41.30,60.49,155.25,131.07,97.80,15.10
202,21.16,0.96,-20.19,-11.06,20.67,-9.62,37.26,58.47,150.21,126.02,91.74,13.08
203,16.11,-1.97,-18.08,-7.07,17.07,-10.00,34.23,54.43,147.18,124.00,87.70,10.05
204,19.14,3.99,-15.15,-11.54,17.16,-5.58,33.27,56.45,150.21,128.04,92.75,20.15
205,19.14,8.03,-11.11,-13.56,15.15,-1.54,34.23,57.46,151.22,131.07,94.77,18.13
206,27.21,9.04,-18.17,-18.13,22.69,-4.57,31.25,56.45,149.20,130.06,94.77,14.09
207,32.26,13.08,-19.18,-22.65,25.72,-3.03,33.27,61.50,155.25,134.10,100.83,22.17
208,31.25,14.09,-17.16,-22.65,24.23,-1.54,33.27,59.48,153.23,132.08,97.80,19.14
209,28.22,15.10,-13.13,-21.64,20.67,1.01,34.23,60.49,152.22,134.10,99.82,21.16
210,18.13,15.10,-3.03,-16.59,10.58,6.06,35.24,62.51,156.26,139.10,103.81,24.18
211,28.22,23.18,-5.05,-25.68,16.64,9.09,34.23,61.50,156.26,138.09,102.80,24.18
212,32.26,23.18,-9.09,-27.69,20.67,7.07,31.25,59.48,155.25,138.09,103.81,22.17
213,17.12,10.05,-7.07,-13.56,12.12,1.49,33.27,58.47,153.23,134.10,100.83,16.11
214,24.18,10.05,-14.14,-17.12,19.18,-2.02,32.26,58.47,152.22,131.07,100.83,18.13
215,25.19,13.08,-12.12,-19.14,18.66,0.48,29.23,56.45,152.22,134.10,104.82,24.18
216,20.15,9.04,-11.11,-14.57,15.63,-1.01,31.25,56.45,154.24,132.08,105.83,23.18
217,28.22,13.08,-15.15,-20.63,21.68,-1.01,24.18,47.36,148.19,126.02,101.79,20.15
218,31.25,16.11,-15.15,-23.66,23.22,0.48,22.17,50.39,152.22,132.08,107.85,31.25
219,25.19,15.10,-10.10,-20.15,17.65,2.50,29.23,58.47,158.28,136.07,112.89,38.27
220,15.10,9.04,-6.06,-12.07,10.58,1.49,29.23,54.43,156.26,133.09,108.86,32.26
221,23.18,14.09,-9.09,-18.61,16.16,2.50,25.19,53.42,156.26,134.10,109.87,30.24
222,29.23,21.16,-8.08,-25.19,18.66,6.54,22.17,53.42,154.24,133.09,111.88,32.26
223,25.19,16.11,-9.09,-20.63,17.16,3.51,20.15,49.38,151.22,131.07,106.84,29.23
224,20.15,15.10,-5.05,-17.60,12.60,5.05,20.15,49.38,151.22,129.05,103.81,23.18
225,20.15,18.13,-2.02,-19.14,11.11,8.08,21.16,48.37,152.22,130.06,105.83,24.18
226,26.20,23.18,-3.03,-24.67,14.62,10.10,23.18,49.38,152.22,133.09,108.86,29.23
227,26.20,22.17,-4.04,-24.18,15.15,9.09,25.19,53.42,156.26,134.10,108.86,29.23
228,25.19,20.15,-5.05,-22.65,15.15,7.55,21.16,49.38,153.23,129.05,104.82,31.25
229,29.23,23.18,-6.06,-26.20,17.65,8.56,25.19,52.41,155.25,132.08,107.85,31.25
230,39.28,29.23,-10.05,-34.23,24.67,9.62,21.16,51.40,155.25,132.08,107.85,31.25
231,27.21,22.17,-5.05,-24.67,16.16,8.56,19.14,48.37,152.22,130.06,104.82,32.26
232,24.18,27.21,3.03,-25.68,10.58,15.15,30.24,56.45,156.26,135.06,109.87,31.25
233,38.27,35.24,-3.03,-36.73,20.67,16.11,16.11,46.35,153.23,134.10,111.88,38.27
234,26.20,18.13,-8.08,-22.17,17.16,5.05,11.06,41.30,150.21,133.09,112.89,39.28
235,10.05,14.09,4.04,-12.07,3.03,9.09,17.12,42.31,150.21,134.10,113.90,40.29
236,2.98,8.03,5.05,-5.48,-1.01,6.54,14.09,41.30,147.18,131.07,109.87,34.23
237,9.04,9.04,0.00,-9.04,4.52,4.52,17.12,42.31,145.16,129.05,104.82,26.20
238,16.11,14.09,-2.02,-15.10,9.09,6.06,11.06,34.23,140.11,128.04,102.80,27.21
239,16.11,17.12,1.01,-16.59,7.55,9.09,14.09,41.30,143.14,131.07,107.85,32.26
240,22.17,29.23,7.07,-25.68,7.55,18.17,26.20,50.39,148.19,136.07,111.88,35.24
241,29.23,35.24,6.01,-32.21,11.64,20.63,18.13,39.28,146.17,139.10,113.90,41.30
242,37.26,38.27,1.01,-37.74,18.13,19.67,10.05,36.25,144.15,137.08,112.89,38.27
243,23.18,34.23,11.06,-28.70,6.06,22.65,6.01,34.23,139.10,132.08,110.87,35.24
244,6.01,28.22,22.21,-17.12,-8.08,25.24,3.99,30.24,138.09,134.10,113.90,49.38
245,9.04,20.15,11.11,-14.57,-1.01,15.63,3.99,28.22,136.07,130.06,110.87,42.31
246,14.09,23.18,9.09,-18.61,2.50,16.16,0.00,27.21,133.09,126.02,105.83,26.20
247,15.10,28.22,13.13,-21.64,1.01,20.67,5.00,31.25,136.07,128.04,106.84,28.22
248,23.18,37.26,14.09,-30.19,4.57,25.68,5.00,31.25,137.08,130.06,111.88,37.26
249,23.18,34.23,11.06,-28.70,6.06,22.65,2.98,28.22,135.06,129.05,112.89,36.25
250,22.17,30.24,8.08,-26.20,7.07,19.18,8.03,31.25,135.06,126.02,109.87,31.25
251,22.17,39.28,17.12,-30.72,2.55,28.22,-0.96,26.20,130.06,124.00,109.87,33.27
252,16.11,39.28,23.18,-27.69,-3.51,31.25,-9.04,20.15,126.02,120.97,107.85,33.27
253,9.04,43.32,34.28,-26.16,-12.60,38.80,0.00,25.19,129.05,124.00,109.87,36.25
254,12.07,40.29,28.22,-26.16,-8.08,34.28,-3.99,22.17,129.05,126.02,113.90,46.35
255,16.11,39.28,23.18,-27.69,-3.51,31.25,-10.05,19.14,127.03,122.99,110.87,44.33
256,10.05,39.28,29.23,-24.67,-9.57,34.28,-8.03,23.18,131.07,121.98,109.87,39.28
257,13.08,41.30,28.22,-27.17,-7.55,34.76,-9.04,18.13,124.00,118.95,107.85,37.26
258,14.09,45.34,31.25,-29.71,-8.56,38.32,-6.01,18.13,120.97,118.95,106.84,40.29
259,17.12,51.40,34.28,-34.23,-8.56,42.84,-3.99,20.15,122.99,120.97,111.88,47.36
260,19.14,48.37,29.23,-33.75,-5.05,38.80,-10.05,18.13,120.97,114.91,109.87,41.30
261,14.09,39.28,25.19,-26.69,-5.53,32.26,-17.12,11.06,112.89,107.85,101.79,32.26
262,14.09,40.29,26.20,-27.17,-6.06,33.27,-21.16,7.02,108.86,105.83,98.81,32.26
263,21.16,52.41,31.25,-36.78,-5.05,41.83,-22.17,8.03,113.90,109.87,104.82,41.30
264,29.23,61.50,32.26,-45.34,-1.49,46.88,-22.17,7.02,110.87,107.85,101.79,40.29
265,20.15,57.46,37.31,-38.80,-8.56,47.41,-18.13,6.01,107.85,101.79,96.79,35.24
266,18.13,62.51,44.38,-40.29,-13.13,53.47,-19.14,6.01,105.83,99.82,95.78,37.26
267,20.15,64.52,44.38,-42.31,-12.12,54.48,-19.14,6.01,105.83,101.79,98.81,43.32
268,22.17,68.52,46.35,-45.34,-12.07,57.46,-22.17,0.00,102.80,98.81,99.82,43.32
269,22.17,67.51,45.34,-44.81,-11.59,56.45,-26.20,-2.98,97.80,93.76,94.77,39.28
270,22.17,64.52,42.36,-43.32,-10.10,53.47,-29.23,-7.02,96.79,94.77,95.78,42.31
271,12.07,64.52,52.46,-38.27,-20.19,58.51,-30.24,-12.07,91.74,93.76,92.75,37.26
272,0.96,54.43,53.47,-27.69,-26.25,53.95,-34.23,-11.06,88.71,89.72,91.74,36.25
273,6.01,53.42,47.41,-29.71,-20.67,50.44,-42.31,-21.16,82.65,87.70,91.74,41.30
274,14.09,64.52,50.44,-39.28,-18.17,57.50,-40.29,-19.14,82.65,88.71,90.73,39.28
275,24.18,69.53,45.34,-46.83,-10.58,57.46,-38.27,-14.09,80.63,88.71,89.72,41.30
276,14.09,69.53,55.44,-41.78,-20.67,62.51,-39.28,-17.12,78.61,87.70,88.71,43.32
277,6.01,68.52,62.51,-37.26,-28.22,65.53,-43.32,-25.19,73.56,83.66,84.67,39.28
278,3.99,62.51,58.51,-33.22,-27.26,60.53,-52.41,-31.25,65.53,75.58,79.62,35.24
279,0.96,68.52,67.55,-34.71,-33.27,68.03,-49.38,-29.23,67.51,76.59,82.65,39.28
280,10.05,71.54,61.50,-40.77,-25.72,66.54,-49.38,-35.24,64.52,72.55,81.64,39.28
281,12.07,72.55,60.49,-42.31,-24.18,66.54,-54.43,-33.27,61.50,69.53,78.61,39.28
282,0.00,72.55,72.55,-36.25,-36.25,72.55,-60.49,-40.29,56.45,67.51,77.60,40.29
283,-2.98,71.54,74.53,-34.28,-38.75,73.04,-62.51,-50.39,47.36,59.48,72.55,37.26
284,9.04,81.64,72.60,-45.34,-31.78,77.12,-66.54,-50.39,43.32,56.45,69.53,39.28
285,14.09,80.63,66.54,-47.36,-26.20,73.61,-70.53,-55.44,38.27,51.40,64.52,35.24
286,-5.00,77.60,82.60,-36.30,-43.80,80.10,-63.52,-53.42,37.26,51.40,65.53,33.27
287,-13.08,81.64,94.72,-34.28,-53.90,88.18,-64.52,-51.40,40.29,56.45,71.54,39.28
288,-12.07,88.71,100.78,-38.32,-56.40,94.72,-70.53,-56.45,35.24,54.43,71.54,48.37
289,-10.05,92.75,102.80,-41.35,-56.40,97.75,-74.57,-64.52,24.18,45.34,62.51,41.30
290,-1.97,91.74,93.71,-44.86,-47.84,92.70,-76.59,-72.55,18.13,40.29,55.44,26.20
291,-3.99,86.69,90.68,-41.35,-47.31,88.66,-85.68,-80.63,9.04,34.23,53.42,29.23
292,-14.09,86.69,100.78,-36.30,-57.41,93.71,-92.75,-84.67,5.00,31.25,53.42,33.27
293,-20.15,84.67,104.82,-32.26,-62.46,94.72,-91.74,-86.69,0.00,28.22,50.39,29.23
294,-20.15,86.69,106.84,-33.27,-63.47,96.74,-98.81,-94.77,-5.00,24.18,48.37,33.27
295,-24.18,88.71,112.89,-32.26,-68.52,100.78,-102.80,-101.79,-11.06,20.15,46.35,35.24
296,-28.22,85.68,113.90,-28.70,-71.06,99.77,-108.86,-111.88,-16.11,16.11,46.35,36.25
297,-31.25,97.80,129.05,-33.27,-80.15,113.42,-109.87,-115.92,-19.14,15.10,46.35,34.23
298,-34.23,94.77,129.00,-30.24,-81.59,111.88,-102.80,-105.83,-26.20,6.01,35.24,21.16
299,-25.19,92.75,117.94,-33.75,-71.54,105.35,-106.84,-107.85,-31.25,1.97,30.24,24.18
300,-19.14,107.85,126.98,-44.33,-73.04,117.41,-114.91,-118.95,-37.26,0.96,35.24,31.25
301,-24.18,112.89,137.08,-44.33,-80.63,124.96,-113.90,-121.98,-43.32,-2.98,33.27,34.23
302,-19.14,118.95,138.09,-49.91,-78.61,128.52,-116.93,-122.99,-51.40,-12.07,21.16,28.22
303,-26.20,118.95,145.16,-46.35,-85.68,132.03,-128.04,-133.09,-59.48,-17.12,19.14,25.19
304,-39.28,119.96,159.24,-40.34,-99.24,139.58,-125.01,-138.09,-62.51,-18.13,20.15,32.26
305,-24.18,135.06,159.24,-55.44,-91.69,147.13,-125.01,-138.09,-66.54,-19.14,22.17,34.23
306,-17.12,139.10,156.22,-60.97,-86.64,147.66,-141.12,-151.22,-78.61,-27.21,12.07,27.21
307,-26.20,130.06,156.26,-51.93,-91.21,143.14,-142.13,-154.24,-87.70,-38.27,3.99,22.17
308,-22.17,139.10,161.26,-58.47,-91.69,150.16,-150.21,-163.33,-94.77,-43.32,1.97,25.19
309,-23.18,149.20,172.37,-62.99,-97.75,160.78,-153.23,-171.36,-100.83,-46.35,-0.96,24.18
310,-34.23,141.12,175.35,-53.42,-104.77,158.23,-149.20,-168.33,-105.83,-47.36,0.96,26.20
311,-34.23,136.07,170.30,-50.92,-102.27,153.19,-160.30,-179.44,-119.96,-60.49,-10.05,15.10
312,-29.23,146.17,175.40,-58.47,-102.32,160.78,-165.35,-187.52,-131.07,-68.52,-18.13,13.08
313,-35.24,148.19,183.43,-56.45,-109.34,165.78,-169.34,-193.57,-138.09,-72.55,-17.12,27.21
314,-38.27,149.20,187.47,-55.44,-112.85,168.33,-170.35,-195.59,-144.15,-77.60,-22.17,17.12
315,-41.30,151.22,192.52,-54.96,-116.89,171.84,-172.37,-199.63,-153.23,-84.67,-31.25,9.04
316,-53.42,145.16,198.57,-45.87,-125.97,171.84,-182.47,-209.68,-164.34,-92.75,-37.26,10.05
317,-50.39,155.25,205.64,-52.41,-127.99,180.45,-186.51,-214.73,-170.35,-96.79,-39.28,9.04
318,-51.40,154.24,205.64,-51.40,-128.52,179.92,-194.58,-226.85,-180.45,-103.81,-41.30,14.09
319,-48.37,157.27,205.64,-54.43,-126.98,181.46,-199.63,-235.89,-189.54,-112.89,-45.34,12.07
320,-40.29,169.34,209.63,-64.52,-124.96,189.49,-196.60,-229.88,-191.56,-114.91,-46.35,15.10
321,-50.39,162.32,212.71,-55.97,-131.55,187.52,-204.63,-239.92,-203.62,-125.01,-54.43,10.05
322,-70.53,153.23,223.77,-41.35,-147.13,188.48,-212.71,-254.06,-221.80,-140.11,-67.51,-1.97
323,-70.53,167.37,237.91,-48.42,-154.20,202.61,-212.71,-258.10,-228.87,-143.14,-66.54,3.99
324,-66.54,173.38,239.92,-53.42,-153.23,206.65,-219.78,-269.16,-239.92,-151.22,-72.55,0.96
325,-66.54,176.41,242.95,-54.91,-154.72,209.68,-224.83,-278.25,-250.02,-160.30,-77.60,0.00
326,-64.52,184.49,249.01,-59.96,-156.74,216.75,-230.89,-286.32,-260.12,-167.37,-81.64,-0.96
327,-68.52,180.45,248.96,-55.97,-158.72,214.68,-239.92,-294.40,-270.17,-176.41,-89.72,-6.01
328,-72.55,187.52,260.07,-57.46,-166.31,223.77,-240.93,-299.45,-280.26,-182.47,-93.76,-3.99
329,-68.52,188.53,257.04,-60.01,-162.75,222.76,-251.03,-309.50,-294.40,-194.58,-105.83,-8.03
330,-71.54,182.47,254.01,-55.44,-162.75,218.24,-256.08,-316.57,-303.44,-203.62,-111.88,-10.05
331,-68.52,193.57,262.09,-62.51,-165.30,227.81,-255.07,-313.54,-308.49,-204.63,-112.89,-6.01
332,-75.58,194.58,270.17,-59.48,-172.85,232.38,-267.19,-330.70,-318.59,-211.70,-117.94,-5.00
333,-80.63,191.56,272.19,-55.44,-176.41,231.85,-270.17,-336.71,-331.71,-222.81,-127.03,-14.09
334,-79.62,188.53,268.15,-54.43,-173.86,228.34,-274.21,-336.71,-343.78,-232.90,-135.06,-21.16
335,-95.78,175.40,271.18,-39.81,-183.48,223.29,-284.30,-351.86,-357.92,-244.97,-141.12,-16.11
336,-84.67,189.54,274.21,-52.41,-179.44,231.85,-281.27,-348.83,-358.93,-243.96,-141.12,-15.10
337,-83.66,200.64,284.30,-58.47,-183.96,242.47,-285.31,-356.91,-367.00,-250.02,-146.17,-18.13
338,-94.77,192.56,287.33,-48.90,-191.03,239.92,-291.37,-365.99,-382.10,-262.14,-156.26,-22.17
339,-97.80,189.54,287.33,-45.87,-192.56,238.43,-298.44,-376.04,-393.21,-271.18,-164.34,-27.21
340,-100.83,189.54,290.36,-44.33,-195.59,239.92,-309.50,-392.20,-405.28,-281.27,-169.34,-27.21
341,-95.78,199.63,295.41,-51.93,-195.59,247.52,-310.51,-389.17,-412.34,-283.29,-169.34,-21.16
342,-102.80,206.65,309.45,-51.93,-206.12,258.05,-311.52,-392.20,-421.43,-290.36,-176.41,-24.18
343,-107.85,210.69,318.54,-51.40,-213.19,264.59,-317.58,-406.29,-433.55,-300.46,-183.48,-27.21
344,-103.81,210.69,314.50,-53.42,-209.15,262.57,-319.59,-413.35,-442.59,-306.47,-189.54,-28.22
345,-105.83,205.64,311.47,-49.91,-208.62,258.53,-323.63,-412.34,-449.65,-315.56,-198.62,-35.24
346,-111.88,210.69,322.58,-49.38,-217.23,266.61,-328.68,-419.41,-459.75,-322.62,-203.62,-33.27
347,-107.85,211.70,319.55,-51.93,-213.67,265.60,-327.67,-420.42,-463.79,-325.65,-205.64,-30.24
348,-100.83,219.78,320.60,-59.48,-210.69,270.17,-332.72,-423.45,-472.83,-331.71,-208.67,-27.21
349,-102.80,220.79,323.59,-59.00,-213.19,272.19,-341.76,-433.55,-488.98,-344.79,-218.77,-38.27
350,-110.87,213.72,324.60,-51.40,-217.71,269.16,-340.75,-437.54,-496.05,-351.86,-226.85,-48.37
351,-112.89,214.73,327.62,-50.92,-220.26,271.18,-342.77,-446.63,-503.12,-356.91,-227.86,-47.36
352,-101.79,219.78,321.57,-59.00,-211.65,270.65,-348.83,-453.69,-509.13,-362.96,-231.90,-46.35
353,-102.80,222.81,325.61,-60.01,-214.20,274.21,-351.86,-455.71,-516.20,-368.01,-232.90,-42.31
354,-106.84,220.79,327.62,-56.98,-217.23,274.21,-351.86,-457.73,-522.26,-370.99,-232.90,-43.32
355,-109.87,217.76,327.62,-53.95,-218.72,272.67,-353.88,-461.77,-531.34,-378.06,-238.91,-43.32
356,-121.98,207.66,329.64,-42.84,-225.79,268.63,-365.99,-478.89,-544.42,-389.17,-245.98,-44.33
357,-124.00,207.66,331.66,-41.83,-227.81,269.64,-372.00,-486.97,-553.51,-396.24,-255.07,-52.41
358,-130.06,201.65,331.71,-35.77,-230.89,266.66,-365.99,-475.86,-557.55,-401.28,-259.11,-51.40
359,-140.11,194.58,334.69,-27.21,-237.38,264.64,-365.99,-479.90,-560.58,-404.27,-260.12,-45.34
360,-134.10,199.63,333.73,-32.74,-233.91,266.66,-365.99,-483.94,-566.64,-408.30,-264.16,-46.35
361,-126.02,204.63,330.65,-39.28,-228.34,267.62,-364.98,-482.93,-569.66,-411.33,-268.20,-56.45
362,-122.99,207.66,330.65,-42.31,-226.80,269.16,-372.00,-487.97,-576.68,-417.39,-275.22,-62.51
363,-124.00,202.61,326.61,-39.28,-225.31,264.59,-370.99,-487.97,-581.73,-424.46,-280.26,-60.49
364,-121.98,205.64,327.62,-41.83,-224.78,266.61,-365.99,-484.95,-579.71,-425.47,-280.26,-60.49
365,-119.96,209.68,329.64,-44.86,-224.78,269.64,-363.97,-482.93,-579.71,-426.48,-281.27,-57.46
366,-122.99,207.66,330.65,-42.31,-226.80,269.16,-364.98,-482.93,-581.73,-427.49,-282.28,-58.47
367,-121.98,204.63,326.61,-41.30,-224.30,265.60,-363.97,-481.92,-583.75,-430.52,-283.29,-55.44
368,-119.96,203.62,323.59,-41.83,-221.75,263.58,-362.96,-479.90,-585.77,-434.56,-289.35,-61.50
369,-116.93,205.64,322.58,-44.33,-219.73,264.11,-360.94,-478.89,-584.76,-436.58,-293.39,-67.51
370,-127.03,193.57,320.60,-33.27,-223.82,257.09,-356.91,-473.84,-582.74,-437.54,-292.38,-66.54
371,-138.09,178.43,316.52,-20.15,-227.28,247.47,-355.90,-469.85,-580.72,-436.58,-292.38,-66.54
372,-137.08,172.37,309.45,-17.65,-223.24,240.89,-351.86,-464.80,-574.67,-431.53,-287.33,-60.49
373,-136.07,165.35,301.42,-14.62,-218.72,233.39,-348.83,-460.76,-575.67,-433.55,-294.40,-68.52
374,-133.09,167.37,300.46,-17.12,-216.75,233.91,-342.77,-455.71,-572.65,-432.54,-295.41,-73.56
375,-133.09,167.37,300.46,-17.12,-216.75,233.91,-336.71,-447.63,-564.62,-425.47,-289.35,-66.54
376,-124.00,162.32,286.32,-19.14,-205.16,224.30,-339.74,-450.66,-564.62,-428.50,-296.42,-76.59
377,-109.87,166.36,276.23,-28.22,-193.05,221.27,-341.76,-447.63,-564.62,-429.51,-300.46,-85.68
378,-115.92,159.29,275.22,-21.68,-195.55,217.23,-329.69,-437.54,-556.54,-424.46,-295.41,-78.61
379,-118.95,152.22,271.18,-16.64,-195.06,211.70,-319.59,-433.55,-549.47,-420.42,-296.42,-83.66
380,-118.95,148.19,267.14,-14.62,-193.05,207.66,-318.59,-424.46,-543.41,-419.41,-298.44,-87.70
381,-124.00,141.12,265.12,-8.56,-194.54,203.09,-317.58,-425.47,-539.37,-419.41,-297.43,-85.68
382,-120.97,143.14,264.11,-11.06,-192.52,203.62,-312.53,-421.43,-533.36,-415.37,-294.40,-86.69
383,-125.01,137.08,262.09,-6.01,-193.53,199.58,-302.48,-409.31,-522.26,-408.30,-288.34,-82.65
384,-122.99,125.01,248.00,-1.01,-185.50,186.51,-296.42,-400.28,-516.20,-406.29,-287.33,-81.64
385,-116.93,125.01,241.94,-4.04,-179.44,183.48,-290.36,-393.21,-508.12,-402.29,-286.32,-80.63
386,-114.91,125.01,239.92,-5.05,-177.42,182.47,-285.31,-385.13,-499.08,-397.25,-286.32,-89.72
387,-112.89,114.91,227.81,-1.01,-170.35,171.36,-283.29,-377.05,-491.00,-394.22,-287.33,-95.78
388,-111.88,113.90,225.79,-1.01,-168.81,169.82,-272.19,-367.00,-479.90,-386.14,-280.26,-87.70
389,-104.82,113.90,218.72,-4.52,-161.74,166.31,-261.13,-355.90,-468.84,-381.09,-277.24,-85.68
390,-110.87,101.79,212.66,4.52,-161.74,157.23,-258.10,-347.82,-458.74,-375.03,-275.22,-85.68
391,-115.92,96.79,212.71,9.57,-164.29,154.72,-253.05,-335.75,-443.60,-363.97,-268.20,-83.66
392,-100.83,94.77,195.59,3.03,-148.19,145.16,-241.94,-323.63,-431.53,-353.88,-262.14,-78.61
393,-92.75,91.74,184.49,0.48,-138.62,138.09,-234.92,-315.56,-423.45,-347.82,-263.15,-88.71
394,-93.76,87.70,181.46,3.03,-137.61,134.58,-228.87,-308.49,-412.34,-337.72,-255.07,-82.65
395,-100.83,80.63,181.46,10.10,-141.12,131.02,-221.80,-299.45,-398.26,-325.65,-244.97,-75.58
396,-93.76,77.60,171.36,8.08,-132.56,124.48,-212.71,-289.35,-387.15,-319.59,-244.97,-83.66
397,-74.57,83.66,158.23,-4.52,-116.40,120.92,-200.64,-277.24,-374.02,-308.49,-239.92,-81.64
398,-83.66,71.54,155.21,6.06,-119.43,113.38,-191.56,-264.16,-359.94,-298.44,-233.91,-84.67
399,-87.70,60.49,148.19,13.61,-117.94,104.34,-184.49,-254.06,-349.84,-290.36,-226.85,-77.60
400,-85.68,55.44,141.12,15.10,-113.38,98.28,-176.41,-243.96,-337.72,-281.27,-220.79,-77.60
401,-89.72,49.38,139.10,20.15,-114.38,94.24,-175.40,-239.92,-327.67,-273.20,-215.74,-77.60
402,-91.74,40.29,132.03,25.72,-111.88,86.16,-170.35,-228.87,-317.58,-266.18,-211.70,-76.59
403,-86.69,42.31,129.00,22.17,-107.85,85.63,-154.24,-205.64,-297.43,-252.04,-203.62,-70.53
404,-73.56,52.41,125.97,10.58,-99.77,89.19,-146.17,-195.59,-283.29,-239.92,-194.58,-56.45
405,-68.52,44.33,112.85,12.07,-90.68,78.56,-148.19,-192.56,-277.24,-234.92,-191.56,-59.48
406,-66.54,42.31,108.86,12.12,-87.70,75.58,-142.13,-186.51,-267.19,-227.86,-190.55,-70.53
407,-68.52,33.27,101.79,17.60,-85.15,67.51,-134.10,-181.46,-256.08,-219.78,-186.51,-76.59
408,-60.49,38.27,98.76,11.11,-79.62,68.52,-118.95,-163.33,-235.89,-203.62,-170.35,-65.53
409,-56.45,37.26,93.71,9.57,-75.05,65.49,-110.87,-148.19,-223.82,-196.60,-165.35,-65.53
410,-56.45,23.18,79.62,16.64,-68.03,51.40,-107.85,-145.16,-218.77,-192.56,-165.35,-71.54
411,-52.41,21.16,73.56,15.63,-62.99,47.36,-100.83,-133.09,-200.64,-177.42,-151.22,-61.50
412,-58.47,13.08,71.54,22.69,-65.01,42.31,-95.78,-128.04,-188.53,-167.37,-144.15,-60.49
413,-55.44,7.02,62.46,24.18,-58.95,34.71,-90.73,-121.98,-178.43,-159.29,-136.07,-61.50
414,-52.41,6.01,58.42,23.18,-55.39,32.21,-84.67,-111.88,-166.36,-150.21,-127.03,-55.44
415,-52.41,10.05,62.46,21.16,-57.41,36.25,-72.55,-99.82,-156.26,-143.14,-125.01,-62.51
416,-48.37,5.00,53.37,21.68,-50.87,29.19,-65.53,-88.71,-146.17,-134.10,-119.96,-64.52
417,-33.27,14.09,47.36,9.57,-40.29,30.72,-63.52,-80.63,-133.09,-122.99,-111.88,-55.44
418,-31.25,12.07,43.32,9.57,-37.26,27.69,-57.46,-74.57,-121.98,-114.91,-105.83,-49.38
419,-33.27,1.97,35.24,15.63,-34.23,18.61,-54.43,-71.54,-113.90,-108.86,-102.80,-52.41
420,-32.26,11.06,43.32,10.58,-37.79,27.17,-44.33,-59.48,-99.82,-94.77,-91.74,-45.34
421,-39.28,-1.97,37.31,20.63,-38.32,17.65,-40.29,-52.41,-91.74,-90.73,-88.71,-45.34
422,-44.33,-8.03,36.30,26.16,-40.34,14.14,-38.27,-49.38,-87.70,-88.71,-90.73,-53.42
423,-37.26,-0.96,36.30,19.09,-36.78,17.65,-31.25,-41.30,-73.56,-76.59,-81.64,-45.34
424,-27.21,-1.97,25.24,14.57,-26.25,11.64,-29.23,-37.26,-66.54,-73.56,-81.64,-43.32
425,-30.24,-3.99,26.25,17.12,-28.27,11.11,-25.19,-31.25,-58.47,-67.51,-78.61,-44.33
426,-21.16,0.00,21.16,10.58,-21.16,10.58,-23.18,-27.21,-49.38,-61.50,-69.53,-40.29
427,-14.09,-1.97,12.12,8.03,-13.13,5.05,-17.12,-19.14,-40.29,-54.43,-62.51,-35.24
428,-17.12,-3.99,13.13,10.53,-15.15,4.57,-12.07,-12.07,-30.24,-45.34,-60.49,-39.28
429,-13.08,-3.99,9.09,8.51,-11.11,2.55,-9.04,-10.05,-26.20,-43.32,-61.50,-41.30
430,-18.13,-11.06,7.07,14.57,-12.60,-2.02,-6.01,-2.98,-19.14,-37.26,-55.44,-41.30
431,-18.13,-1.97,16.16,10.05,-17.16,7.07,-2.98,2.98,-10.05,-27.21,-44.33,-39.28
432,-21.16,-12.07,9.09,16.59,-15.15,-1.49,1.97,8.03,-5.00,-22.17,-42.31,-25.19
433,-19.14,-26.20,-7.07,22.65,-6.06,-16.64,2.98,12.07,1.97,-18.13,-45.34,-25.19
434,-14.09,-20.15,-6.06,17.12,-4.04,-13.13,7.02,17.12,11.06,-11.06,-38.27,-26.20
435,-12.07,-19.14,-7.07,15.58,-2.50,-13.13,9.04,21.16,18.13,-8.03,-33.27,-24.18
436,-11.06,-24.18,-13.13,17.60,1.01,-18.66,13.08,24.18,23.18,-3.99,-32.26,-30.24
437,-15.10,-21.16,-6.06,18.13,-4.52,-13.61,19.14,31.25,29.23,2.98,-25.19,-23.18
438,-12.07,-21.16,-9.09,16.59,-1.49,-15.15,19.14,37.26,38.27,12.07,-19.14,-21.16
439,-9.04,-27.21,-18.17,18.13,4.57,-22.69,19.14,39.28,41.30,13.08,-18.13,-26.20
440,-9.04,-22.17,-13.13,15.58,2.02,-17.65,20.15,39.28,48.37,21.16,-12.07,-20.15
441,-16.11,-28.22,-12.12,22.17,-2.02,-20.19,21.16,35.24,51.40,24.18,-10.05,-24.18
442,-17.12,-32.26,-15.15,24.67,-1.01,-23.70,23.18,42.31,52.41,25.19,-9.04,-22.17
443,-0.96,-16.11,-15.15,8.51,7.07,-15.63,32.26,56.45,65.53,37.26,-0.96,-22.17
444,2.98,-12.07,-15.05,4.52,8.99,-13.56,38.27,60.49,72.55,42.31,3.99,-17.12
445,2.98,-12.07,-15.05,4.52,8.99,-13.56,36.25,58.47,77.60,48.37,9.04,-6.01
446,9.04,-3.99,-13.03,-2.50,11.01,-8.51,36.25,61.50,77.60,48.37,5.00,-21.16
447,12.07,-10.05,-22.12,-1.01,17.07,-16.06,41.30,68.52,82.65,53.42,11.06,-17.12
448,10.05,-6.01,-16.06,-2.02,13.03,-11.01,46.35,73.56,91.74,60.49,21.16,-2.98
449,5.00,-13.08,-18.08,4.04,11.54,-15.58,44.33,71.54,89.72,56.45,18.13,-10.05
450,9.04,-27.21,-36.25,9.09,22.65,-31.73,40.29,68.52,91.74,57.46,15.10,-16.11
451,10.05,-22.17,-32.21,6.06,21.11,-27.17,42.31,73.56,95.78,61.50,18.13,-13.08
452,13.08,-26.20,-39.28,6.54,26.16,-32.74,47.36,78.61,100.83,64.52,21.16,-13.08
453,12.07,-30.24,-42.31,9.09,27.17,-36.25,48.37,79.62,103.81,66.54,22.17,-10.05
454,-1.97,-30.24,-28.27,16.11,13.13,-29.28,47.36,78.61,108.86,69.53,26.20,-3.99
455,6.01,-24.18,-30.19,9.09,18.08,-27.17,49.38,79.62,113.90,71.54,27.21,-5.00
456,12.07,-22.17,-34.23,5.05,23.13,-28.18,48.37,79.62,113.90,70.53,22.17,-10.05
457,14.09,-19.14,-33.22,2.50,23.66,-26.16,51.40,83.66,117.94,75.58,25.19,-9.04
458,16.11,-23.18,-39.28,3.51,27.69,-31.20,50.39,86.69,119.96,77.60,29.23,-7.02
459,6.01,-34.23,-40.24,14.09,23.13,-37.21,54.43,87.70,122.99,78.61,29.23,-7.02
460,8.03,-29.23,-37.26,10.58,22.65,-33.22,57.46,90.73,126.02,82.65,33.27,-2.98
461,7.02,-26.20,-33.22,9.57,20.10,-29.71,55.44,89.72,126.02,83.66,33.27,-5.00
462,3.99,-26.20,-30.19,11.11,17.07,-28.18,62.51,96.79,131.07,87.70,37.26,-1.97
463,7.02,-20.15,-27.17,6.54,17.07,-23.66,63.52,95.78,134.10,90.73,40.29,0.96
464,10.05,-19.14,-29.19,4.52,19.62,-24.14,65.53,97.80,136.07,91.74,44.33,6.01
465,12.07,-21.16,-33.22,4.52,22.65,-27.17,64.52,98.81,140.11,94.77,45.34,5.00
466,8.03,-20.15,-28.18,6.06,18.08,-24.14,61.50,91.74,139.10,94.77,42.31,-6.01
467,9.04,-24.18,-33.22,7.55,21.11,-28.70,67.51,101.79,141.12,95.78,45.34,-1.97
468,11.06,-25.19,-36.25,7.07,23.66,-30.72,65.53,100.83,141.12,93.76,44.33,-2.98
469,2.98,-22.17,-25.15,9.57,14.04,-23.66,61.50,98.81,141.12,97.80,47.36,0.00
470,12.07,-24.18,-36.25,6.06,24.14,-30.19,66.54,103.81,148.19,101.79,50.39,0.00
471,18.13,-22.17,-40.29,2.02,29.19,-31.20,69.53,107.85,150.21,101.79,48.37,-6.01
472,14.09,-24.18,-38.27,5.05,26.16,-31.20,67.51,106.84,151.22,106.84,54.43,2.98
473,18.13,-28.22,-46.35,5.05,32.21,-37.26,67.51,102.80,149.20,106.84,56.45,1.97
474,13.08,-21.16,-34.23,4.04,23.66,-27.69,72.55,106.84,153.23,107.85,59.48,-0.96
475,7.02,-19.14,-26.16,6.06,16.59,-22.65,79.62,110.87,157.27,110.87,60.49,0.00
476,15.10,-20.15,-35.24,2.50,25.15,-27.69,75.58,106.84,155.25,112.89,60.49,1.97
477,26.20,-14.09,-40.29,-6.06,33.22,-27.17,70.53,103.81,158.28,113.90,62.51,3.99
478,19.14,-26.20,-45.34,3.51,32.21,-35.77,77.60,108.86,158.28,112.89,58.47,-3.99
479,8.03,-38.27,-46.30,15.10,27.17,-42.26,72.55,105.83,158.28,112.89,60.49,-1.97
480,2.98,-37.26,-40.24,17.12,21.59,-38.75,70.53,104.82,158.28,112.89,59.48,-1.97
481,8.03,-37.26,-45.29,14.62,26.64,-41.25,68.52,106.84,160.30,111.88,60.49,0.96
482,11.06,-27.21,-38.27,8.08,24.67,-32.74,63.52,104.82,161.31,115.92,64.52,12.07
483,23.18,-19.14,-42.31,-2.02,32.74,-30.72,72.55,111.88,160.30,114.91,60.49,3.99
484,26.20,-21.16,-47.36,-2.50,36.78,-34.23,73.56,109.87,161.31,112.89,59.48,0.96
485,0.00,0.00,0.00,0.00,0.00,0.00,0.00,0.00,0.00,0.00,0.00,0.00
486,0.00,0.00,0.00,0.00,0.00,0.00,0.00,0.00,0.00,0.00,0.00,0.00
487,0.00,0.00,0.00,0.00,0.00,0.00,0.00,0.00,0.00,0.00,0.00,0.00
488,0.00,0.00,0.00,0.00,0.00,0.00,0.00,0.00,0.00,0.00,0.00,0.00
489,0.00,0.00,0.00,0.00,0.00,0.00,0.00,0.00,0.00,0.00,0.00,0.00
490,0.00,0.00,0.00,0.00,0.00,0.00,0.00,0.00,0.00,0.00,0.00,0.00
491,0.00,0.00,0.00,0.00,0.00,0.00,0.00,0.00,0.00,0.00,0.00,0.00
492,0.00,0.00,0.00,0.00,0.00,0.00,0.00,0.00,0.00,0.00,0.00,0.00
493,0.00,0.00,0.00,0.00,0.00,0.00,0.00,0.00,0.00,0.00,0.00,0.00
494,0.00,0.00,0.00,0.00,0.00,0.00,0.00,0.00,0.00,0.00,0.00,0.00
495,0.00,0.00,0.00,0.00,0.00,0.00,0.00,0.00,0.00,0.00,0.00,0.00
496,0.00,0.00,0.00,0.00,0.00,0.00,0.00,0.00,0.00,0.00,0.00,0.00
497,0.00,0.00,0.00,0.00,0.00,0.00,0.00,0.00,0.00,0.00,0.00,0.00
498,0.00,0.00,0.00,0.00,0.00,0.00,0.00,0.00,0.00,0.00,0.00,0.00
499,0.00,0.00,0.00,0.00,0.00,0.00,0.00,0.00,0.00,0.00,0.00,0.00
500,0.00,0.00,0.00,0.00,0.00,0.00,0.00,0.00,0.00,0.00,0.00,0.00
501,0.00,0.00,0.00,0.00,0.00,0.00,0.00,0.00,0.00,0.00,0.00,0.00
502,0.00,0.00,0.00,0.00,0.00,0.00,0.00,0.00,0.00,0.00,0.00,0.00
503,0.00,0.00,0.00,0.00,0.00,0.00,0.00,0.00,0.00,0.00,0.00,0.00
504,0.00,0.00,0.00,0.00,0.00,0.00,0.00,0.00,0.00,0.00,0.00,0.00
505,0.00,0.00,0.00,0.00,0.00,0.00,0.00,0.00,0.00,0.00,0.00,0.00
506,0.00,0.00,0.00,0.00,0.00,0.00,0.00,0.00,0.00,0.00,0.00,0.00
507,0.00,0.00,0.00,0.00,0.00,0.00,0.00,0.00,0.00,0.00,0.00,0.00
508,0.00,0.00,0.00,0.00,0.00,0.00,0.00,0.00,0.00,0.00,0.00,0.00
509,0.00,0.00,0.00,0.00,0.00,0.00,0.00,0.00,0.00,0.00,0.00,0.00
510,0.00,0.00,0.00,0.00,0.00,0.00,0.00,0.00,0.00,0.00,0.00,0.00
511,0.00,0.00,0.00,0.00,0.00,0.00,0.00,0.00,0.00,0.00,0.00,0.00
512,0.00,0.00,0.00,0.00,0.00,0.00,0.00,0.00,0.00,0.00,0.00,0.00
513,0.00,0.00,0.00,0.00,0.00,0.00,0.00,0.00,0.00,0.00,0.00,0.00
514,0.00,0.00,0.00,0.00,0.00,0.00,0.00,0.00,0.00,0.00,0.00,0.00
515,0.00,0.00,0.00,0.00,0.00,0.00,0.00,0.00,0.00,0.00,0.00,0.00
516,0.00,0.00,0.00,0.00,0.00,0.00,0.00,0.00,0.00,0.00,0.00,0.00
517,0.00,0.00,0.00,0.00,0.00,0.00,0.00,0.00,0.00,0.00,0.00,0.00
518,0.00,0.00,0.00,0.00,0.00,0.00,0.00,0.00,0.00,0.00,0.00,0.00
519,0.00,0.00,0.00,0.00,0.00,0.00,0.00,0.00,0.00,0.00,0.00,0.00
520,0.00,0.00,0.00,0.00,0.00,0.00,0.00,0.00,0.00,0.00,0.00,0.00
521,0.00,0.00,0.00,0.00,0.00,0.00,0.00,0.00,0.00,0.00,0.00,0.00
522,0.00,0.00,0.00,0.00,0.00,0.00,0.00,0.00,0.00,0.00,0.00,0.00
523,0.00,0.00,0.00,0.00,0.00,0.00,0.00,0.00,0.00,0.00,0.00,0.00
524,0.00,0.00,0.00,0.00,0.00,0.00,0.00,0.00,0.00,0.00,0.00,0.00
525,0.00,0.00,0.00,0.00,0.00,0.00,0.00,0.00,0.00,0.00,0.00,0.00
526,0.00,0.00,0.00,0.00,0.00,0.00,0.00,0.00,0.00,0.00,0.00,0.00
527,0.00,0.00,0.00,0.00,0.00,0.00,0.00,0.00,0.00,0.00,0.00,0.00
528,0.00,0.00,0.00,0.00,0.00,0.00,0.00,0.00,0.00,0.00,0.00,0.00
529,0.00,0.00,0.00,0.00,0.00,0.00,0.00,0.00,0.00,0.00,0.00,0.00
530,0.00,0.00,0.00,0.00,0.00,0.00,0.00,0.00,0.00,0.00,0.00,0.00
531,0.00,0.00,0.00,0.00,0.00,0.00,0.00,0.00,0.00,0.00,0.00,0.00
532,0.00,0.00,0.00,0.00,0.00,0.00,0.00,0.00,0.00,0.00,0.00,0.00
533,0.00,0.00,0.00,0.00,0.00,0.00,0.00,0.00,0.00,0.00,0.00,0.00
534,0.00,0.00,0.00,0.00,0.00,0.00,0.00,0.00,0.00,0.00,0.00,0.00
535,0.00,0.00,0.00,0.00,0.00,0.00,0.00,0.00,0.00,0.00,0.00,0.00
536,0.00,0.00,0.00,0.00,0.00,0.00,0.00,0.00,0.00,0.00,0.00,0.00
537,0.00,0.00,0.00,0.00,0.00,0.00,0.00,0.00,0.00,0.00,0.00,0.00
538,0.00,0.00,0.00,0.00,0.00,0.00,0.00,0.00,0.00,0.00,0.00,0.00
539,0.00,0.00,0.00,0.00,0.00,0.00,0.00,0.00,0.00,0.00,0.00,0.00
540,0.00,0.00,0.00,0.00,0.00,0.00,0.00,0.00,0.00,0.00,0.00,0.00
541,0.00,0.00,0.00,0.00,0.00,0.00,0.00,0.00,0.00,0.00,0.00,0.00
542,0.00,0.00,0.00,0.00,0.00,0.00,0.00,0.00,0.00,0.00,0.00,0.00
543,0.00,0.00,0.00,0.00,0.00,0.00,0.00,0.00,0.00,0.00,0.00,0.00
544,0.00,0.00,0.00,0.00,0.00,0.00,0.00,0.00,0.00,0.00,0.00,0.00
545,0.00,0.00,0.00,0.00,0.00,0.00,0.00,0.00,0.00,0.00,0.00,0.00
546,0.00,0.00,0.00,0.00,0.00,0.00,0.00,0.00,0.00,0.00,0.00,0.00
547,0.00,0.00,0.00,0.00,0.00,0.00,0.00,0.00,0.00,0.00,0.00,0.00
548,0.00,0.00,0.00,0.00,0.00,0.00,0.00,0.00,0.00,0.00,0.00,0.00
549,0.00,0.00,0.00,0.00,0.00,0.00,0.00,0.00,0.00,0.00,0.00,0.00
550,0.00,0.00,0.00,0.00,0.00,0.00,0.00,0.00,0.00,0.00,0.00,0.00
551,0.00,0.00,0.00,0.00,0.00,0.00,0.00,0.00,0.00,0.00,0.00,0.00
552,0.00,0.00,0.00,0.00,0.00,0.00,0.00,0.00,0.00,0.00,0.00,0.00
553,0.00,0.00,0.00,0.00,0.00,0.00,0.00,0.00,0.00,0.00,0.00,0.00
554,0.00,0.00,0.00,0.00,0.00,0.00,0.00,0.00,0.00,0.00,0.00,0.00
555,0.00,0.00,0.00,0.00,0.00,0.00,0.00,0.00,0.00,0.00,0.00,0.00
556,0.00,0.00,0.00,0.00,0.00,0.00,0.00,0.00,0.00,0.00,0.00,0.00
557,0.00,0.00,0.00,0.00,0.00,0.00,0.00,0.00,0.00,0.00,0.00,0.00
558,0.00,0.00,0.00,0.00,0.00,0.00,0.00,0.00,0.00,0.00,0.00,0.00
559,0.00,0.00,0.00,0.00,0.00,0.00,0.00,0.00,0.00,0.00,0.00,0.00
560,0.00,0.00,0.00,0.00,0.00,0.00,0.00,0.00,0.00,0.00,0.00,0.00
561,0.00,0.00,0.00,0.00,0.00,0.00,0.00,0.00,0.00,0.00,0.00,0.00
562,0.00,0.00,0.00,0.00,0.00,0.00,0.00,0.00,0.00,0.00,0.00,0.00
563,0.00,0.00,0.00,0.00,0.00,0.00,0.00,0.00,0.00,0.00,0.00,0.00
564,0.00,0.00,0.00,0.00,0.00,0.00,0.00,0.00,0.00,0.00,0.00,0.00
565,0.00,0.00,0.00,0.00,0.00,0.00,0.00,0.00,0.00,0.00,0.00,0.00
566,0.00,0.00,0.00,0.00,0.00,0.00,0.00,0.00,0.00,0.00,0.00,0.00
567,0.00,0.00,0.00,0.00,0.00,0.00,0.00,0.00,0.00,0.00,0.00,0.00
568,0.00,0.00,0.00,0.00,0.00,0.00,0.00,0.00,0.00,0.00,0.00,0.00
569,0.00,0.00,0.00,0.00,0.00,0.00,0.00,0.00,0.00,0.00,0.00,0.00
570,0.00,0.00,0.00,0.00,0.00,0.00,0.00,0.00,0.00,0.00,0.00,0.00
571,0.00,0.00,0.00,0.00,0.00,0.00,0.00,0.00,0.00,0.00,0.00,0.00
572,0.00,0.00,0.00,0.00,0.00,0.00,0.00,0.00,0.00,0.00,0.00,0.00
573,0.00,0.00,0.00,0.00,0.00,0.00,0.00,0.00,0.00,0.00,0.00,0.00
574,0.00,0.00,0.00,0.00,0.00,0.00,0.00,0.00,0.00,0.00,0.00,0.00
575,0.00,0.00,0.00,0.00,0.00,0.00,0.00,0.00,0.00,0.00,0.00,0.00
576,0.00,0.00,0.00,0.00,0.00,0.00,0.00,0.00,0.00,0.00,0.00,0.00
577,0.00,0.00,0.00,0.00,0.00,0.00,0.00,0.00,0.00,0.00,0.00,0.00
578,0.00,0.00,0.00,0.00,0.00,0.00,0.00,0.00,0.00,0.00,0.00,0.00
579,0.00,0.00,0.00,0.00,0.00,0.00,0.00,0.00,0.00,0.00,0.00,0.00
580,0.00,0.00,0.00,0.00,0.00,0.00,0.00,0.00,0.00,0.00,0.00,0.00
581,0.00,0.00,0.00,0.00,0.00,0.00,0.00,0.00,0.00,0.00,0.00,0.00
582,0.00,0.00,0.00,0.00,0.00,0.00,0.00,0.00,0.00,0.00,0.00,0.00
583,0.00,0.00,0.00,0.00,0.00,0.00,0.00,0.00,0.00,0.00,0.00,0.00
584,0.00,0.00,0.00,0.00,0.00,0.00,0.00,0.00,0.00,0.00,0.00,0.00
585,0.00,0.00,0.00,0.00,0.00,0.00,0.00,0.00,0.00,0.00,0.00,0.00
586,0.00,0.00,0.00,0.00,0.00,0.00,0.00,0.00,0.00,0.00,0.00,0.00
587,0.00,0.00,0.00,0.00,0.00,0.00,0.00,0.00,0.00,0.00,0.00,0.00
588,0.00,0.00,0.00,0.00,0.00,0.00,0.00,0.00,0.00,0.00,0.00,0.00
589,0.00,0.00,0.00,0.00,0.00,0.00,0.00,0.00,0.00,0.00,0.00,0.00
590,0.00,0.00,0.00,0.00,0.00,0.00,0.00,0.00,0.00,0.00,0.00,0.00
591,0.00,0.00,0.00,0.00,0.00,0.00,0.00,0.00,0.00,0.00,0.00,0.00
592,0.00,0.00,0.00,0.00,0.00,0.00,0.00,0.00,0.00,0.00,0.00,0.00
593,0.00,0.00,0.00,0.00,0.00,0.00,0.00,0.00,0.00,0.00,0.00,0.00
594,0.00,0.00,0.00,0.00,0.00,0.00,0.00,0.00,0.00,0.00,0.00,0.00
595,0.00,0.00,0.00,0.00,0.00,0.00,0.00,0.00,0.00,0.00,0.00,0.00
596,0.00,0.00,0.00,0.00,0.00,0.00,0.00,0.00,0.00,0.00,0.00,0.00
597,0.00,0.00,0.00,0.00,0.00,0.00,0.00,0.00,0.00,0.00,0.00,0.00
598,0.00,0.00,0.00,0.00,0.00,0.00,0.00,0.00,0.00,0.00,0.00,0.00
599,0.00,0.00,0.00,0.00,0.00,0.00,0.00,0.00,0.00,0.00,0.00,0.00
600,0.00,0.00,0.00,0.00,0.00,0.00,0.00,0.00,0.00,0.00,0.00,0.00
601,0.00,0.00,0.00,0.00,0.00,0.00,0.00,0.00,0.00,0.00,0.00,0.00
602,0.00,0.00,0.00,0.00,0.00,0.00,0.00,0.00,0.00,0.00,0.00,0.00
603,0.00,0.00,0.00,0.00,0.00,0.00,0.00,0.00,0.00,0.00,0.00,0.00
604,0.00,0.00,0.00,0.00,0.00,0.00,0.00,0.00,0.00,0.00,0.00,0.00
605,0.00,0.00,0.00,0.00,0.00,0.00,0.00,0.00,0.00,0.00,0.00,0.00
606,0.00,0.00,0.00,0.00,0.00,0.00,0.00,0.00,0.00,0.00,0.00,0.00
607,0.00,0.00,0.00,0.00,0.00,0.00,0.00,0.00,0.00,0.00,0.00,0.00
608,0.00,0.00,0.00,0.00,0.00,0.00,0.00,0.00,0.00,0.00,0.00,0.00
609,0.00,0.00,0.00,0.00,0.00,0.00,0.00,0.00,0.00,0.00,0.00,0.00
610,0.00,0.00,0.00,0.00,0.00,0.00,0.00,0.00,0.00,0.00,0.00,0.00
611,0.00,0.00,0.00,0.00,0.00,0.00,0.00,0.00,0.00,0.00,0.00,0.00
612,0.00,0.00,0.00,0.00,0.00,0.00,0.00,0.00,0.00,0.00,0.00,0.00
613,0.00,0.00,0.00,0.00,0.00,0.00,0.00,0.00,0.00,0.00,0.00,0.00
614,0.00,0.00,0.00,0.00,0.00,0.00,0.00,0.00,0.00,0.00,0.00,0.00
615,0.00,0.00,0.00,0.00,0.00,0.00,0.00,0.00,0.00,0.00,0.00,0.00
616,0.00,0.00,0.00,0.00,0.00,0.00,0.00,0.00,0.00,0.00,0.00,0.00
617,0.00,0.00,0.00,0.00,0.00,0.00,0.00,0.00,0.00,0.00,0.00,0.00
618,0.00,0.00,0.00,0.00,0.00,0.00,0.00,0.00,0.00,0.00,0.00,0.00
619,0.00,0.00,0.00,0.00,0.00,0.00,0.00,0.00,0.00,0.00,0.00,0.00
620,0.00,0.00,0.00,0.00,0.00,0.00,0.00,0.00,0.00,0.00,0.00,0.00
621,0.00,0.00,0.00,0.00,0.00,0.00,0.00,0.00,0.00,0.00,0.00,0.00
622,0.00,0.00,0.00,0.00,0.00,0.00,0.00,0.00,0.00,0.00,0.00,0.00
623,0.00,0.00,0.00,0.00,0.00,0.00,0.00,0.00,0.00,0.00,0.00,0.00
624,0.00,0.00,0.00,0.00,0.00,0.00,0.00,0.00,0.00,0.00,0.00,0.00
625,0.00,0.00,0.00,0.00,0.00,0.00,0.00,0.00,0.00,0.00,0.00,0.00
626,0.00,0.00,0.00,0.00,0.00,0.00,0.00,0.00,0.00,0.00,0.00,0.00
627,0.00,0.00,0.00,0.00,0.00,0.00,0.00,0.00,0.00,0.00,0.00,0.00
628,0.00,0.00,0.00,0.00,0.00,0.00,0.00,0.00,0.00,0.00,0.00,0.00
629,0.00,0.00,0.00,0.00,0.00,0.00,0.00,0.00,0.00,0.00,0.00,0.00
630,0.00,0.00,0.00,0.00,0.00,0.00,0.00,0.00,0.00,0.00,0.00,0.00
631,0.00,0.00,0.00,0.00,0.00,0.00,0.00,0.00,0.00,0.00,0.00,0.00
632,0.00,0.00,0.00,0.00,0.00,0.00,0.00,0.00,0.00,0.00,0.00,0.00
633,0.00,0.00,0.00,0.00,0.00,0.00,0.00,0.00,0.00,0.00,0.00,0.00
634,0.00,0.00,0.00,0.00,0.00,0.00,0.00,0.00,0.00,0.00,0.00,0.00
635,0.00,0.00,0.00,0.00,0.00,0.00,0.00,0.00,0.00,0.00,0.00,0.00
636,0.00,0.00,0.00,0.00,0.00,0.00,0.00,0.00,0.00,0.00,0.00,0.00
637,0.00,0.00,0.00,0.00,0.00,0.00,0.00,0.00,0.00,0.00,0.00,0.00
638,0.00,0.00,0.00,0.00,0.00,0.00,0.00,0.00,0.00,0.00,0.00,0.00
639,0.00,0.00,0.00,0.00,0.00,0.00,0.00,0.00,0.00,0.00,0.00,0.00
640,0.00,0.00,0.00,0.00,0.00,0.00,0.00,0.00,0.00,0.00,0.00,0.00
641,0.00,0.00,0.00,0.00,0.00,0.00,0.00,0.00,0.00,0.00,0.00,0.00
642,0.00,0.00,0.00,0.00,0.00,0.00,0.00,0.00,0.00,0.00,0.00,0.00
643,0.00,0.00,0.00,0.00,0.00,0.00,0.00,0.00,0.00,0.00,0.00,0.00
644,0.00,0.00,0.00,0.00,0.00,0.00,0.00,0.00,0.00,0.00,0.00,0.00
645,0.00,0.00,0.00,0.00,0.00,0.00,0.00,0.00,0.00,0.00,0.00,0.00
646,0.00,0.00,0.00,0.00,0.00,0.00,0.00,0.00,0.00,0.00,0.00,0.00
647,0.00,0.00,0.00,0.00,0.00,0.00,0.00,0.00,0.00,0.00,0.00,0.00
648,0.00,0.00,0.00,0.00,0.00,0.00,0.00,0.00,0.00,0.00,0.00,0.00
649,0.00,0.00,0.00,0.00,0.00,0.00,0.00,0.00,0.00,0.00,0.00,0.00
650,0.00,0.00,0.00,0.00,0.00,0.00,0.00,0.00,0.00,0.00,0.00,0.00
651,0.00,0.00,0.00,0.00,0.00,0.00,0.00,0.00,0.00,0.00,0.00,0.00
652,0.00,0.00,0.00,0.00,0.00,0.00,0.00,0.00,0.00,0.00,0.00,0.00
653,0.00,0.00,0.00,0.00,0.00,0.00,0.00,0.00,0.00,0.00,0.00,0.00
654,0.00,0.00,0.00,0.00,0.00,0.00,0.00,0.00,0.00,0.00,0.00,0.00
655,0.00,0.00,0.00,0.00,0.00,0.00,0.00,0.00,0.00,0.00,0.00,0.00
656,0.00,0.00,0.00,0.00,0.00,0.00,0.00,0.00,0.00,0.00,0.00,0.00
657,0.00,0.00,0.00,0.00,0.00,0.00,0.00,0.00,0.00,0.00,0.00,0.00
658,0.00,0.00,0.00,0.00,0.00,0.00,0.00,0.00,0.00,0.00,0.00,0.00
659,0.00,0.00,0.00,0.00,0.00,0.00,0.00,0.00,0.00,0.00,0.00,0.00
660,0.00,0.00,0.00,0.00,0.00,0.00,0.00,0.00,0.00,0.00,0.00,0.00
661,0.00,0.00,0.00,0.00,0.00,0.00,0.00,0.00,0.00,0.00,0.00,0.00
662,0.00,0.00,0.00,0.00,0.00,0.00,0.00,0.00,0.00,0.00,0.00,0.00
663,0.00,0.00,0.00,0.00,0.00,0.00,0.00,0.00,0.00,0.00,0.00,0.00
664,0.00,0.00,0.00,0.00,0.00,0.00,0.00,0.00,0.00,0.00,0.00,0.00
665,0.00,0.00,0.00,0.00,0.00,0.00,0.00,0.00,0.00,0.00,0.00,0.00
666,0.00,0.00,0.00,0.00,0.00,0.00,0.00,0.00,0.00,0.00,0.00,0.00
667,0.00,0.00,0.00,0.00,0.00,0.00,0.00,0.00,0.00,0.00,0.00,0.00
668,0.00,0.00,0.00,0.00,0.00,0.00,0.00,0.00,0.00,0.00,0.00,0.00
669,0.00,0.00,0.00,0.00,0.00,0.00,0.00,0.00,0.00,0.00,0.00,0.00
670,0.00,0.00,0.00,0.00,0.00,0.00,0.00,0.00,0.00,0.00,0.00,0.00
671,0.00,0.00,0.00,0.00,0.00,0.00,0.00,0.00,0.00,0.00,0.00,0.00
672,0.00,0.00,0.00,0.00,0.00,0.00,0.00,0.00,0.00,0.00,0.00,0.00
673,0.00,0.00,0.00,0.00,0.00,0.00,0.00,0.00,0.00,0.00,0.00,0.00
674,0.00,0.00,0.00,0.00,0.00,0.00,0.00,0.00,0.00,0.00,0.00,0.00
675,0.00,0.00,0.00,0.00,0.00,0.00,0.00,0.00,0.00,0.00,0.00,0.00
676,0.00,0.00,0.00,0.00,0.00,0.00,0.00,0.00,0.00,0.00,0.00,0.00
677,0.00,0.00,0.00,0.00,0.00,0.00,0.00,0.00,0.00,0.00,0.00,0.00
678,0.00,0.00,0.00,0.00,0.00,0.00,0.00,0.00,0.00,0.00,0.00,0.00
679,0.00,0.00,0.00,0.00,0.00,0.00,0.00,0.00,0.00,0.00,0.00,0.00
680,0.00,0.00,0.00,0.00,0.00,0.00,0.00,0.00,0.00,0.00,0.00,0.00
681,0.00,0.00,0.00,0.00,0.00,0.00,0.00,0.00,0.00,0.00,0.00,0.00
682,0.00,0.00,0.00,0.00,0.00,0.00,0.00,0.00,0.00,0.00,0.00,0.00
683,0.00,0.00,0.00,0.00,0.00,0.00,0.00,0.00,0.00,0.00,0.00,0.00
684,0.00,0.00,0.00,0.00,0.00,0.00,0.00,0.00,0.00,0.00,0.00,0.00
685,0.00,0.00,0.00,0.00,0.00,0.00,0.00,0.00,0.00,0.00,0.00,0.00
686,0.00,0.00,0.00,0.00,0.00,0.00,0.00,0.00,0.00,0.00,0.00,0.00
687,0.00,0.00,0.00,0.00,0.00,0.00,0.00,0.00,0.00,0.00,0.00,0.00
688,0.00,0.00,0.00,0.00,0.00,0.00,0.00,0.00,0.00,0.00,0.00,0.00
689,0.00,0.00,0.00,0.00,0.00,0.00,0.00,0.00,0.00,0.00,0.00,0.00
690,0.00,0.00,0.00,0.00,0.00,0.00,0.00,0.00,0.00,0.00,0.00,0.00
691,0.00,0.00,0.00,0.00,0.00,0.00,0.00,0.00,0.00,0.00,0.00,0.00
692,0.00,0.00,0.00,0.00,0.00,0.00,0.00,0.00,0.00,0.00,0.00,0.00
693,0.00,0.00,0.00,0.00,0.00,0.00,0.00,0.00,0.00,0.00,0.00,0.00
694,0.00,0.00,0.00,0.00,0.00,0.00,0.00,0.00,0.00,0.00,0.00,0.00
695,0.00,0.00,0.00,0.00,0.00,0.00,0.00,0.00,0.00,0.00,0.00,0.00
696,0.00,0.00,0.00,0.00,0.00,0.00,0.00,0.00,0.00,0.00,0.00,0.00
697,0.00,0.00,0.00,0.00,0.00,0.00,0.00,0.00,0.00,0.00,0.00,0.00
698,0.00,0.00,0.00,0.00,0.00,0.00,0.00,0.00,0.00,0.00,0.00,0.00
699,0.00,0.00,0.00,0.00,0.00,0.00,0.00,0.00,0.00,0.00,0.00,0.00
700,0.00,0.00,0.00,0.00,0.00,0.00,0.00,0.00,0.00,0.00,0.00,0.00
701,0.00,0.00,0.00,0.00,0.00,0.00,0.00,0.00,0.00,0.00,0.00,0.00
702,0.00,0.00,0.00,0.00,0.00,0.00,0.00,0.00,0.00,0.00,0.00,0.00
703,0.00,0.00,0.00,0.00,0.00,0.00,0.00,0.00,0.00,0.00,0.00,0.00
704,0.00,0.00,0.00,0.00,0.00,0.00,0.00,0.00,0.00,0.00,0.00,0.00
705,0.00,0.00,0.00,0.00,0.00,0.00,0.00,0.00,0.00,0.00,0.00,0.00
706,0.00,0.00,0.00,0.00,0.00,0.00,0.00,0.00,0.00,0.00,0.00,0.00
707,0.00,0.00,0.00,0.00,0.00,0.00,0.00,0.00,0.00,0.00,0.00,0.00
708,0.00,0.00,0.00,0.00,0.00,0.00,0.00,0.00,0.00,0.00,0.00,0.00
709,0.00,0.00,0.00,0.00,0.00,0.00,0.00,0.00,0.00,0.00,0.00,0.00
710,0.00,0.00,0.00,0.00,0.00,0.00,0.00,0.00,0.00,0.00,0.00,0.00
711,0.00,0.00,0.00,0.00,0.00,0.00,0.00,0.00,0.00,0.00,0.00,0.00
712,0.00,0.00,0.00,0.00,0.00,0.00,0.00,0.00,0.00,0.00,0.00,0.00
713,0.00,0.00,0.00,0.00,0.00,0.00,0.00,0.00,0.00,0.00,0.00,0.00
714,0.00,0.00,0.00,0.00,0.00,0.00,0.00,0.00,0.00,0.00,0.00,0.00
715,0.00,0.00,0.00,0.00,0.00,0.00,0.00,0.00,0.00,0.00,0.00,0.00
716,0.00,0.00,0.00,0.00,0.00,0.00,0.00,0.00,0.00,0.00,0.00,0.00
717,0.00,0.00,0.00,0.00,0.00,0.00,0.00,0.00,0.00,0.00,0.00,0.00
718,0.00,0.00,0.00,0.00,0.00,0.00,0.00,0.00,0.00,0.00,0.00,0.00
719,0.00,0.00,0.00,0.00,0.00,0.00,0.00,0.00,0.00,0.00,0.00,0.00
720,0.00,0.00,0.00,0.00,0.00,0.00,0.00,0.00,0.00,0.00,0.00,0.00
721,0.00,0.00,0.00,0.00,0.00,0.00,0.00,0.00,0.00,0.00,0.00,0.00
722,0.00,0.00,0.00,0.00,0.00,0.00,0.00,0.00,0.00,0.00,0.00,0.00
723,0.00,0.00,0.00,0.00,0.00,0.00,0.00,0.00,0.00,0.00,0.00,0.00
724,0.00,0.00,0.00,0.00,0.00,0.00,0.00,0.00,0.00,0.00,0.00,0.00
725,0.00,0.00,0.00,0.00,0.00,0.00,0.00,0.00,0.00,0.00,0.00,0.00
726,0.00,0.00,0.00,0.00,0.00,0.00,0.00,0.00,0.00,0.00,0.00,0.00
727,0.00,0.00,0.00,0.00,0.00,0.00,0.00,0.00,0.00,0.00,0.00,0.00
728,0.00,0.00,0.00,0.00,0.00,0.00,0.00,0.00,0.00,0.00,0.00,0.00
729,0.00,0.00,0.00,0.00,0.00,0.00,0.00,0.00,0.00,0.00,0.00,0.00
730,0.00,0.00,0.00,0.00,0.00,0.00,0.00,0.00,0.00,0.00,0.00,0.00
731,0.00,0.00,0.00,0.00,0.00,0.00,0.00,0.00,0.00,0.00,0.00,0.00
732,0.00,0.00,0.00,0.00,0.00,0.00,0.00,0.00,0.00,0.00,0.00,0.00
733,0.00,0.00,0.00,0.00,0.00,0.00,0.00,0.00,0.00,0.00,0.00,0.00
734,0.00,0.00,0.00,0.00,0.00,0.00,0.00,0.00,0.00,0.00,0.00,0.00
735,0.00,0.00,0.00,0.00,0.00,0.00,0.00,0.00,0.00,0.00,0.00,0.00
736,0.00,0.00,0.00,0.00,0.00,0.00,0.00,0.00,0.00,0.00,0.00,0.00
737,0.00,0.00,0.00,0.00,0.00,0.00,0.00,0.00,0.00,0.00,0.00,0.00
738,0.00,0.00,0.00,0.00,0.00,0.00,0.00,0.00,0.00,0.00,0.00,0.00
739,0.00,0.00,0.00,0.00,0.00,0.00,0.00,0.00,0.00,0.00,0.00,0.00
740,0.00,0.00,0.00,0.00,0.00,0.00,0.00,0.00,0.00,0.00,0.00,0.00
741,0.00,0.00,0.00,0.00,0.00,0.00,0.00,0.00,0.00,0.00,0.00,0.00
742,0.00,0.00,0.00,0.00,0.00,0.00,0.00,0.00,0.00,0.00,0.00,0.00
743,0.00,0.00,0.00,0.00,0.00,0.00,0.00,0.00,0.00,0.00,0.00,0.00
744,0.00,0.00,0.00,0.00,0.00,0.00,0.00,0.00,0.00,0.00,0.00,0.00
745,0.00,0.00,0.00,0.00,0.00,0.00,0.00,0.00,0.00,0.00,0.00,0.00
746,0.00,0.00,0.00,0.00,0.00,0.00,0.00,0.00,0.00,0.00,0.00,0.00
747,0.00,0.00,0.00,0.00,0.00,0.00,0.00,0.00,0.00,0.00,0.00,0.00
748,0.00,0.00,0.00,0.00,0.00,0.00,0.00,0.00,0.00,0.00,0.00,0.00
749,0.00,0.00,0.00,0.00,0.00,0.00,0.00,0.00,0.00,0.00,0.00,0.00
750,0.00,0.00,0.00,0.00,0.00,0.00,0.00,0.00,0.00,0.00,0.00,0.00
751,0.00,0.00,0.00,0.00,0.00,0.00,0.00,0.00,0.00,0.00,0.00,0.00
752,0.00,0.00,0.00,0.00,0.00,0.00,0.00,0.00,0.00,0.00,0.00,0.00
753,0.00,0.00,0.00,0.00,0.00,0.00,0.00,0.00,0.00,0.00,0.00,0.00
754,0.00,0.00,0.00,0.00,0.00,0.00,0.00,0.00,0.00,0.00,0.00,0.00
755,0.00,0.00,0.00,0.00,0.00,0.00,0.00,0.00,0.00,0.00,0.00,0.00
756,0.00,0.00,0.00,0.00,0.00,0.00,0.00,0.00,0.00,0.00,0.00,0.00
757,0.00,0.00,0.00,0.00,0.00,0.00,0.00,0.00,0.00,0.00,0.00,0.00
758,0.00,0.00,0.00,0.00,0.00,0.00,0.00,0.00,0.00,0.00,0.00,0.00
759,0.00,0.00,0.00,0.00,0.00,0.00,0.00,0.00,0.00,0.00,0.00,0.00
760,0.00,0.00,0.00,0.00,0.00,0.00,0.00,0.00,0.00,0.00,0.00,0.00
761,0.00,0.00,0.00,0.00,0.00,0.00,0.00,0.00,0.00,0.00,0.00,0.00
762,0.00,0.00,0.00,0.00,0.00,0.00,0.00,0.00,0.00,0.00,0.00,0.00
763,0.00,0.00,0.00,0.00,0.00,0.00,0.00,0.00,0.00,0.00,0.00,0.00
764,0.00,0.00,0.00,0.00,0.00,0.00,0.00,0.00,0.00,0.00,0.00,0.00
765,0.00,0.00,0.00,0.00,0.00,0.00,0.00,0.00,0.00,0.00,0.00,0.00
766,0.00,0.00,0.00,0.00,0.00,0.00,0.00,0.00,0.00,0.00,0.00,0.00
767,0.00,0.00,0.00,0.00,0.00,0.00,0.00,0.00,0.00,0.00,0.00,0.00
768,0.00,0.00,0.00,0.00,0.00,0.00,0.00,0.00,0.00,0.00,0.00,0.00
769,0.00,0.00,0.00,0.00,0.00,0.00,0.00,0.00,0.00,0.00,0.00,0.00
770,0.00,0.00,0.00,0.00,0.00,0.00,0.00,0.00,0.00,0.00,0.00,0.00
771,0.00,0.00,0.00,0.00,0.00,0.00,0.00,0.00,0.00,0.00,0.00,0.00
772,0.00,0.00,0.00,0.00,0.00,0.00,0.00,0.00,0.00,0.00,0.00,0.00
773,0.00,0.00,0.00,0.00,0.00,0.00,0.00,0.00,0.00,0.00,0.00,0.00
774,0.00,0.00,0.00,0.00,0.00,0.00,0.00,0.00,0.00,0.00,0.00,0.00
775,0.00,0.00,0.00,0.00,0.00,0.00,0.00,0.00,0.00,0.00,0.00,0.00
776,0.00,0.00,0.00,0.00,0.00,0.00,0.00,0.00,0.00,0.00,0.00,0.00
777,0.00,0.00,0.00,0.00,0.00,0.00,0.00,0.00,0.00,0.00,0.00,0.00
778,0.00,0.00,0.00,0.00,0.00,0.00,0.00,0.00,0.00,0.00,0.00,0.00
779,0.00,0.00,0.00,0.00,0.00,0.00,0.00,0.00,0.00,0.00,0.00,0.00
780,0.00,0.00,0.00,0.00,0.00,0.00,0.00,0.00,0.00,0.00,0.00,0.00
781,0.00,0.00,0.00,0.00,0.00,0.00,0.00,0.00,0.00,0.00,0.00,0.00
782,0.00,0.00,0.00,0.00,0.00,0.00,0.00,0.00,0.00,0.00,0.00,0.00
783,0.00,0.00,0.00,0.00,0.00,0.00,0.00,0.00,0.00,0.00,0.00,0.00
784,0.00,0.00,0.00,0.00,0.00,0.00,0.00,0.00,0.00,0.00,0.00,0.00
785,0.00,0.00,0.00,0.00,0.00,0.00,0.00,0.00,0.00,0.00,0.00,0.00
786,0.00,0.00,0.00,0.00,0.00,0.00,0.00,0.00,0.00,0.00,0.00,0.00
787,0.00,0.00,0.00,0.00,0.00,0.00,0.00,0.00,0.00,0.00,0.00,0.00
788,0.00,0.00,0.00,0.00,0.00,0.00,0.00,0.00,0.00,0.00,0.00,0.00
789,0.00,0.00,0.00,0.00,0.00,0.00,0.00,0.00,0.00,0.00,0.00,0.00
790,0.00,0.00,0.00,0.00,0.00,0.00,0.00,0.00,0.00,0.00,0.00,0.00
791,0.00,0.00,0.00,0.00,0.00,0.00,0.00,0.00,0.00,0.00,0.00,0.00
792,0.00,0.00,0.00,0.00,0.00,0.00,0.00,0.00,0.00,0.00,0.00,0.00
793,0.00,0.00,0.00,0.00,0.00,0.00,0.00,0.00,0.00,0.00,0.00,0.00
794,0.00,0.00,0.00,0.00,0.00,0.00,0.00,0.00,0.00,0.00,0.00,0.00
795,0.00,0.00,0.00,0.00,0.00,0.00,0.00,0.00,0.00,0.00,0.00,0.00
796,0.00,0.00,0.00,0.00,0.00,0.00,0.00,0.00,0.00,0.00,0.00,0.00
797,0.00,0.00,0.00,0.00,0.00,0.00,0.00,0.00,0.00,0.00,0.00,0.00
798,0.00,0.00,0.00,0.00,0.00,0.00,0.00,0.00,0.00,0.00,0.00,0.00
799,0.00,0.00,0.00,0.00,0.00,0.00,0.00,0.00,0.00,0.00,0.00,0.00
800,0.00,0.00,0.00,0.00,0.00,0.00,0.00,0.00,0.00,0.00,0.00,0.00
801,0.00,0.00,0.00,0.00,0.00,0.00,0.00,0.00,0.00,0.00,0.00,0.00
802,0.00,0.00,0.00,0.00,0.00,0.00,0.00,0.00,0.00,0.00,0.00,0.00
803,0.00,0.00,0.00,0.00,0.00,0.00,0.00,0.00,0.00,0.00,0.00,0.00
804,0.00,0.00,0.00,0.00,0.00,0.00,0.00,0.00,0.00,0.00,0.00,0.00
805,0.00,0.00,0.00,0.00,0.00,0.00,0.00,0.00,0.00,0.00,0.00,0.00
806,0.00,0.00,0.00,0.00,0.00,0.00,0.00,0.00,0.00,0.00,0.00,0.00
807,0.00,0.00,0.00,0.00,0.00,0.00,0.00,0.00,0.00,0.00,0.00,0.00
808,0.00,0.00,0.00,0.00,0.00,0.00,0.00,0.00,0.00,0.00,0.00,0.00
809,0.00,0.00,0.00,0.00,0.00,0.00,0.00,0.00,0.00,0.00,0.00,0.00
810,0.00,0.00,0.00,0.00,0.00,0.00,0.00,0.00,0.00,0.00,0.00,0.00
811,0.00,0.00,0.00,0.00,0.00,0.00,0.00,0.00,0.00,0.00,0.00,0.00
812,0.00,0.00,0.00,0.00,0.00,0.00,0.00,0.00,0.00,0.00,0.00,0.00
813,0.00,0.00,0.00,0.00,0.00,0.00,0.00,0.00,0.00,0.00,0.00,0.00
814,0.00,0.00,0.00,0.00,0.00,0.00,0.00,0.00,0.00,0.00,0.00,0.00
815,0.00,0.00,0.00,0.00,0.00,0.00,0.00,0.00,0.00,0.00,0.00,0.00
816,0.00,0.00,0.00,0.00,0.00,0.00,0.00,0.00,0.00,0.00,0.00,0.00
817,0.00,0.00,0.00,0.00,0.00,0.00,0.00,0.00,0.00,0.00,0.00,0.00
818,0.00,0.00,0.00,0.00,0.00,0.00,0.00,0.00,0.00,0.00,0.00,0.00
819,0.00,0.00,0.00,0.00,0.00,0.00,0.00,0.00,0.00,0.00,0.00,0.00
820,0.00,0.00,0.00,0.00,0.00,0.00,0.00,0.00,0.00,0.00,0.00,0.00
821,0.00,0.00,0.00,0.00,0.00,0.00,0.00,0.00,0.00,0.00,0.00,0.00
822,0.00,0.00,0.00,0.00,0.00,0.00,0.00,0.00,0.00,0.00,0.00,0.00
823,0.00,0.00,0.00,0.00,0.00,0.00,0.00,0.00,0.00,0.00,0.00,0.00
824,0.00,0.00,0.00,0.00,0.00,0.00,0.00,0.00,0.00,0.00,0.00,0.00
825,0.00,0.00,0.00,0.00,0.00,0.00,0.00,0.00,0.00,0.00,0.00,0.00
826,0.00,0.00,0.00,0.00,0.00,0.00,0.00,0.00,0.00,0.00,0.00,0.00
827,0.00,0.00,0.00,0.00,0.00,0.00,0.00,0.00,0.00,0.00,0.00,0.00
828,0.00,0.00,0.00,0.00,0.00,0.00,0.00,0.00,0.00,0.00,0.00,0.00
829,0.00,0.00,0.00,0.00,0.00,0.00,0.00,0.00,0.00,0.00,0.00,0.00
830,0.00,0.00,0.00,0.00,0.00,0.00,0.00,0.00,0.00,0.00,0.00,0.00
831,0.00,0.00,0.00,0.00,0.00,0.00,0.00,0.00,0.00,0.00,0.00,0.00
832,0.00,0.00,0.00,0.00,0.00,0.00,0.00,0.00,0.00,0.00,0.00,0.00
833,0.00,0.00,0.00,0.00,0.00,0.00,0.00,0.00,0.00,0.00,0.00,0.00
834,0.00,0.00,0.00,0.00,0.00,0.00,0.00,0.00,0.00,0.00,0.00,0.00
835,0.00,0.00,0.00,0.00,0.00,0.00,0.00,0.00,0.00,0.00,0.00,0.00
836,0.00,0.00,0.00,0.00,0.00,0.00,0.00,0.00,0.00,0.00,0.00,0.00
837,0.00,0.00,0.00,0.00,0.00,0.00,0.00,0.00,0.00,0.00,0.00,0.00
838,0.00,0.00,0.00,0.00,0.00,0.00,0.00,0.00,0.00,0.00,0.00,0.00
839,0.00,0.00,0.00,0.00,0.00,0.00,0.00,0.00,0.00,0.00,0.00,0.00
840,0.00,0.00,0.00,0.00,0.00,0.00,0.00,0.00,0.00,0.00,0.00,0.00
841,0.00,0.00,0.00,0.00,0.00,0.00,0.00,0.00,0.00,0.00,0.00,0.00
842,0.00,0.00,0.00,0.00,0.00,0.00,0.00,0.00,0.00,0.00,0.00,0.00
843,0.00,0.00,0.00,0.00,0.00,0.00,0.00,0.00,0.00,0.00,0.00,0.00
844,0.00,0.00,0.00,0.00,0.00,0.00,0.00,0.00,0.00,0.00,0.00,0.00
845,0.00,0.00,0.00,0.00,0.00,0.00,0.00,0.00,0.00,0.00,0.00,0.00
846,0.00,0.00,0.00,0.00,0.00,0.00,0.00,0.00,0.00,0.00,0.00,0.00
847,0.00,0.00,0.00,0.00,0.00,0.00,0.00,0.00,0.00,0.00,0.00,0.00
848,0.00,0.00,0.00,0.00,0.00,0.00,0.00,0.00,0.00,0.00,0.00,0.00
849,0.00,0.00,0.00,0.00,0.00,0.00,0.00,0.00,0.00,0.00,0.00,0.00
850,0.00,0.00,0.00,0.00,0.00,0.00,0.00,0.00,0.00,0.00,0.00,0.00
851,0.00,0.00,0.00,0.00,0.00,0.00,0.00,0.00,0.00,0.00,0.00,0.00
852,0.00,0.00,0.00,0.00,0.00,0.00,0.00,0.00,0.00,0.00,0.00,0.00
853,0.00,0.00,0.00,0.00,0.00,0.00,0.00,0.00,0.00,0.00,0.00,0.00
854,0.00,0.00,0.00,0.00,0.00,0.00,0.00,0.00,0.00,0.00,0.00,0.00
855,0.00,0.00,0.00,0.00,0.00,0.00,0.00,0.00,0.00,0.00,0.00,0.00
856,0.00,0.00,0.00,0.00,0.00,0.00,0.00,0.00,0.00,0.00,0.00,0.00
857,0.00,0.00,0.00,0.00,0.00,0.00,0.00,0.00,0.00,0.00,0.00,0.00
858,0.00,0.00,0.00,0.00,0.00,0.00,0.00,0.00,0.00,0.00,0.00,0.00
859,0.00,0.00,0.00,0.00,0.00,0.00,0.00,0.00,0.00,0.00,0.00,0.00
860,0.00,0.00,0.00,0.00,0.00,0.00,0.00,0.00,0.00,0.00,0.00,0.00
861,0.00,0.00,0.00,0.00,0.00,0.00,0.00,0.00,0.00,0.00,0.00,0.00
862,0.00,0.00,0.00,0.00,0.00,0.00,0.00,0.00,0.00,0.00,0.00,0.00
863,0.00,0.00,0.00,0.00,0.00,0.00,0.00,0.00,0.00,0.00,0.00,0.00
864,0.00,0.00,0.00,0.00,0.00,0.00,0.00,0.00,0.00,0.00,0.00,0.00
865,0.00,0.00,0.00,0.00,0.00,0.00,0.00,0.00,0.00,0.00,0.00,0.00
866,0.00,0.00,0.00,0.00,0.00,0.00,0.00,0.00,0.00,0.00,0.00,0.00
867,0.00,0.00,0.00,0.00,0.00,0.00,0.00,0.00,0.00,0.00,0.00,0.00
868,0.00,0.00,0.00,0.00,0.00,0.00,0.00,0.00,0.00,0.00,0.00,0.00
869,0.00,0.00,0.00,0.00,0.00,0.00,0.00,0.00,0.00,0.00,0.00,0.00
870,0.00,0.00,0.00,0.00,0.00,0.00,0.00,0.00,0.00,0.00,0.00,0.00
871,0.00,0.00,0.00,0.00,0.00,0.00,0.00,0.00,0.00,0.00,0.00,0.00
872,0.00,0.00,0.00,0.00,0.00,0.00,0.00,0.00,0.00,0.00,0.00,0.00
873,0.00,0.00,0.00,0.00,0.00,0.00,0.00,0.00,0.00,0.00,0.00,0.00
874,0.00,0.00,0.00,0.00,0.00,0.00,0.00,0.00,0.00,0.00,0.00,0.00
875,0.00,0.00,0.00,0.00,0.00,0.00,0.00,0.00,0.00,0.00,0.00,0.00
876,0.00,0.00,0.00,0.00,0.00,0.00,0.00,0.00,0.00,0.00,0.00,0.00
877,0.00,0.00,0.00,0.00,0.00,0.00,0.00,0.00,0.00,0.00,0.00,0.00
878,0.00,0.00,0.00,0.00,0.00,0.00,0.00,0.00,0.00,0.00,0.00,0.00
879,0.00,0.00,0.00,0.00,0.00,0.00,0.00,0.00,0.00,0.00,0.00,0.00
880,0.00,0.00,0.00,0.00,0.00,0.00,0.00,0.00,0.00,0.00,0.00,0.00
881,0.00,0.00,0.00,0.00,0.00,0.00,0.00,0.00,0.00,0.00,0.00,0.00
882,0.00,0.00,0.00,0.00,0.00,0.00,0.00,0.00,0.00,0.00,0.00,0.00
883,0.00,0.00,0.00,0.00,0.00,0.00,0.00,0.00,0.00,0.00,0.00,0.00
884,0.00,0.00,0.00,0.00,0.00,0.00,0.00,0.00,0.00,0.00,0.00,0.00
885,0.00,0.00,0.00,0.00,0.00,0.00,0.00,0.00,0.00,0.00,0.00,0.00
886,0.00,0.00,0.00,0.00,0.00,0.00,0.00,0.00,0.00,0.00,0.00,0.00
887,0.00,0.00,0.00,0.00,0.00,0.00,0.00,0.00,0.00,0.00,0.00,0.00
888,0.00,0.00,0.00,0.00,0.00,0.00,0.00,0.00,0.00,0.00,0.00,0.00
889,0.00,0.00,0.00,0.00,0.00,0.00,0.00,0.00,0.00,0.00,0.00,0.00
890,0.00,0.00,0.00,0.00,0.00,0.00,0.00,0.00,0.00,0.00,0.00,0.00
891,0.00,0.00,0.00,0.00,0.00,0.00,0.00,0.00,0.00,0.00,0.00,0.00
892,0.00,0.00,0.00,0.00,0.00,0.00,0.00,0.00,0.00,0.00,0.00,0.00
893,0.00,0.00,0.00,0.00,0.00,0.00,0.00,0.00,0.00,0.00,0.00,0.00
894,0.00,0.00,0.00,0.00,0.00,0.00,0.00,0.00,0.00,0.00,0.00,0.00
895,45.34,-37.26,-82.60,-4.04,63.95,-59.91,58.47,99.82,177.42,139.10,92.75,15.10
896,43.32,-30.24,-73.56,-6.54,58.42,-51.88,57.46,96.79,178.43,142.13,94.77,18.13
897,45.34,-26.20,-71.54,-9.57,58.42,-48.85,59.48,101.79,181.46,144.15,95.78,19.14
898,50.39,-25.19,-75.58,-12.60,62.99,-50.39,65.53,104.82,181.46,146.17,98.81,20.15
899,45.34,-21.16,-66.50,-12.07,55.92,-43.80,67.51,106.84,184.49,149.20,102.80,26.20
900,39.28,-25.19,-64.48,-7.02,51.88,-44.81,72.55,107.85,186.51,151.22,102.80,27.21
901,41.30,-26.20,-67.51,-7.55,54.38,-46.83,58.47,97.80,178.43,144.15,96.79,18.13
902,51.40,-24.18,-75.58,-13.61,63.47,-49.86,54.43,96.79,175.40,139.10,93.76,20.15
903,58.47,-18.13,-76.59,-20.15,67.51,-47.36,70.53,106.84,178.43,143.14,96.79,22.17
904,37.26,-31.25,-68.52,-2.98,52.89,-49.86,65.53,105.83,177.42,144.15,95.78,18.13
905,24.18,-39.28,-63.47,7.55,43.80,-51.35,65.53,103.81,174.39,141.12,91.74,14.09
906,32.26,-29.23,-61.50,-1.49,46.88,-45.34,61.50,100.83,170.35,139.10,88.71,11.06
907,28.22,-34.23,-62.46,2.98,45.34,-48.32,61.50,97.80,170.35,139.10,88.71,15.10
908,36.25,-25.19,-61.45,-5.53,48.85,-43.32,64.52,99.82,174.39,141.12,93.76,17.12
909,40.29,-22.17,-62.46,-9.04,51.35,-42.31,58.47,100.83,177.42,143.14,96.79,19.14
910,36.25,-23.18,-59.43,-6.54,47.84,-41.30,62.51,98.81,176.41,144.15,95.78,20.15
911,39.28,-31.25,-70.53,-3.99,54.91,-50.87,64.52,99.82,170.35,141.12,90.73,13.08
912,39.28,-40.29,-79.57,0.48,59.43,-59.91,62.51,101.79,170.35,140.11,90.73,12.07
913,48.37,-28.22,-76.59,-10.05,62.46,-52.41,63.52,102.80,174.39,143.14,94.77,15.10
914,55.44,-23.18,-78.61,-16.11,67.03,-50.87,64.52,106.84,175.40,144.15,95.78,16.11
915,62.51,-15.10,-77.60,-23.70,70.05,-46.35,66.54,106.84,179.44,148.19,97.80,24.18
916,58.47,-18.13,-76.59,-20.15,67.51,-47.36,66.54,106.84,181.46,149.20,97.80,21.16
917,38.27,-32.26,-70.53,-2.98,54.38,-51.40,61.50,101.79,170.35,140.11,88.71,5.00
918,33.27,-42.31,-75.58,4.52,54.43,-58.95,61.50,98.81,168.33,139.10,88.71,9.04
919,41.30,-39.28,-80.58,-1.01,60.92,-59.91,62.51,102.80,172.37,141.12,92.75,21.16
920,45.34,-31.25,-76.59,-7.02,60.97,-53.90,61.50,104.82,173.38,143.14,93.76,20.15
921,49.38,-25.19,-74.57,-12.07,61.98,-49.86,61.50,106.84,174.39,145.16,93.76,18.13
922,42.31,-31.25,-73.56,-5.53,57.94,-52.41,60.49,104.82,171.36,141.12,88.71,8.03
923,43.32,-30.24,-73.56,-6.54,58.42,-51.88,60.49,105.83,171.36,142.13,89.72,14.09
924,59.48,-17.12,-76.59,-21.16,68.03,-46.83,63.52,107.85,174.39,143.14,92.75,18.13
925,44.33,-30.24,-74.57,-7.02,59.43,-52.41,59.48,102.80,170.35,138.09,89.72,16.11
926,37.26,-35.24,-72.51,-1.01,54.86,-53.85,54.43,96.79,166.36,139.10,91.74,25.19
927,38.27,-32.26,-70.53,-2.98,54.38,-51.40,56.45,99.82,168.33,137.08,88.71,13.08
928,42.31,-21.16,-63.47,-10.58,52.89,-42.31,60.49,103.81,172.37,141.12,93.76,17.12
929,45.34,-25.19,-70.53,-10.05,57.94,-47.84,57.46,97.80,170.35,138.09,92.75,18.13
930,31.25,-41.30,-72.55,5.00,51.88,-56.93,57.46,100.83,167.37,133.09,85.68,10.05
931,37.26,-32.26,-69.53,-2.50,53.37,-50.87,58.47,106.84,172.37,139.10,94.77,23.18
932,33.27,-46.35,-79.62,6.54,56.45,-62.99,53.42,98.81,167.37,131.07,85.68,9.04
933,33.27,-45.34,-78.61,6.01,55.92,-61.98,54.43,98.81,166.36,132.08,83.66,10.05
934,47.36,-22.17,-69.53,-12.60,58.42,-45.82,57.46,103.81,174.39,142.13,96.79,27.21
935,45.34,-25.19,-70.53,-10.05,57.94,-47.84,60.49,102.80,173.38,139.10,93.76,17.12
936,38.27,-34.23,-72.51,-2.02,55.39,-53.37,62.51,103.81,170.35,135.06,87.70,5.00
937,35.24,-32.26,-67.51,-1.49,51.35,-49.86,63.52,105.83,170.35,135.06,88.71,9.04
938,35.24,-39.28,-74.53,2.02,54.86,-56.88,60.49,104.82,170.35,136.07,88.71,13.08
939,32.26,-41.30,-73.56,4.52,52.89,-57.41,61.50,103.81,169.34,135.06,86.69,12.07
940,27.21,-39.28,-66.50,6.01,46.83,-52.89,62.51,103.81,168.33,135.06,87.70,17.12
941,31.25,-37.26,-68.52,2.98,49.86,-52.89,59.48,103.81,166.36,134.10,87.70,14.09
942,41.30,-26.20,-67.51,-7.55,54.38,-46.83,62.51,105.83,168.33,138.09,90.73,15.10
943,44.33,-21.16,-65.49,-11.59,54.91,-43.32,61.50,105.83,170.35,136.07,89.72,17.12
944,42.31,-23.18,-65.49,-9.57,53.90,-44.33,62.51,105.83,170.35,135.06,88.71,13.08
945,40.29,-28.22,-68.52,-6.01,54.38,-48.37,64.52,107.85,173.38,137.08,89.72,10.05
946,36.25,-27.21,-63.47,-4.52,49.86,-45.34,64.52,107.85,173.38,139.10,93.76,14.09
947,36.25,-25.19,-61.45,-5.53,48.85,-43.32,69.53,109.87,174.39,141.12,95.78,14.09
948,45.34,-20.15,-65.49,-12.60,55.39,-42.79,69.53,107.85,174.39,138.09,90.73,9.04
949,48.37,-11.06,-59.43,-18.66,53.90,-35.24,60.49,104.82,173.38,143.14,93.76,18.13
950,50.39,0.96,-49.43,-25.68,49.91,-24.23,59.48,104.82,181.46,150.21,102.80,27.21
951,49.38,5.00,-44.38,-27.17,46.88,-19.67,59.48,102.80,188.53,155.25,106.84,24.18
952,50.39,2.98,-47.41,-26.69,48.90,-22.21,54.43,101.79,187.52,156.26,103.81,17.12
953,50.39,10.05,-40.34,-30.19,45.39,-15.15,60.49,104.82,195.59,163.33,112.89,26.20
954,50.39,7.02,-43.37,-28.70,46.88,-18.17,56.45,99.82,194.58,164.34,114.91,29.23
955,52.41,6.01,-46.40,-29.19,49.43,-20.19,54.43,97.80,191.56,161.31,109.87,27.21
956,44.33,11.06,-33.27,-27.69,38.80,-11.11,57.46,103.81,199.63,169.34,114.91,34.23
957,51.40,24.18,-27.21,-37.79,39.33,-1.49,53.42,97.80,199.63,170.35,115.92,36.25
958,56.45,29.23,-27.21,-42.84,41.83,1.01,55.44,95.78,201.65,173.38,119.96,40.29
959,50.39,26.20,-24.18,-38.27,37.31,1.01,56.45,94.77,202.61,174.39,119.96,38.27
960,49.38,34.23,-15.15,-41.78,32.26,9.57,57.46,95.78,205.64,179.44,125.01,42.31
961,55.44,41.30,-14.14,-48.37,34.81,13.61,54.43,96.79,211.70,186.51,132.08,52.41
962,59.48,43.32,-16.16,-51.40,37.84,13.61,49.38,93.76,208.67,182.47,126.02,43.32
963,58.47,49.38,-9.09,-53.90,33.80,20.15,45.34,92.75,209.68,184.49,130.06,44.33
964,64.52,58.47,-6.06,-61.50,35.29,26.20,49.38,94.77,213.72,190.55,137.08,50.39
965,62.51,54.43,-8.08,-58.47,35.29,23.18,49.38,97.80,213.72,187.52,135.06,46.35
966,58.47,48.37,-10.10,-53.42,34.28,19.14,49.38,100.83,217.76,192.56,138.09,52.41
967,69.53,59.48,-10.05,-64.48,39.81,24.71,56.45,105.83,226.85,200.64,146.17,59.48
968,88.71,71.54,-17.16,-80.10,52.94,27.21,52.41,101.79,223.82,195.59,142.13,54.43
969,68.52,45.34,-23.18,-56.93,45.87,11.11,47.36,99.82,219.78,189.54,138.09,49.38
970,60.49,44.33,-16.16,-52.41,38.32,14.09,41.30,95.78,218.77,192.56,141.12,54.43
971,77.60,57.46,-20.15,-67.51,48.90,18.66,42.31,93.76,219.78,191.56,136.07,49.38
972,77.60,54.43,-23.18,-66.02,50.39,15.63,45.34,100.83,223.82,193.57,137.08,51.40
973,77.60,55.44,-22.17,-66.50,49.91,16.64,32.26,94.77,219.78,195.59,142.13,58.47
974,71.54,49.38,-22.17,-60.44,46.88,13.61,25.19,87.70,219.78,194.58,142.13,55.44
975,73.56,57.46,-16.11,-65.49,44.86,20.67,25.19,88.71,226.85,200.64,148.19,59.48
976,77.60,61.50,-16.11,-69.53,46.88,22.69,23.18,86.69,227.86,202.61,148.19,61.50
977,72.55,67.51,-5.05,-70.01,38.80,31.25,18.13,83.66,229.88,204.63,151.22,64.52
978,75.58,73.56,-2.02,-74.57,38.80,35.77,13.08,79.62,230.89,210.69,159.29,72.55
979,84.67,86.69,2.02,-85.68,41.35,44.38,3.99,74.57,229.88,211.70,162.32,78.61
980,85.68,104.82,19.14,-95.25,33.27,61.98,-7.02,61.50,228.87,212.71,167.37,82.65
981,83.66,105.83,22.17,-94.72,30.77,64.00,-17.12,52.41,222.81,208.67,167.37,83.66
982,91.74,112.89,21.16,-102.32,35.29,67.03,-27.21,43.32,217.76,205.64,165.35,84.67
983,93.76,110.87,17.12,-102.32,38.32,64.00,-32.26,35.24,212.71,202.61,162.32,82.65
984,85.68,108.86,23.18,-97.27,31.25,66.02,-40.29,30.24,208.67,203.62,166.36,90.73
985,94.77,122.99,28.22,-108.86,33.27,75.63,-49.38,23.18,203.62,200.64,166.36,91.74
986,96.79,114.91,18.13,-105.83,39.33,66.54,-55.44,18.13,194.58,190.55,160.30,88.71
987,100.83,117.94,17.12,-109.38,41.88,67.55,-60.49,13.08,191.56,187.52,162.32,90.73
988,117.94,143.14,25.19,-130.54,46.40,84.19,-66.54,7.02,190.55,187.52,161.31,91.74
989,131.07,148.19,17.12,-139.63,56.98,82.65,-61.50,13.08,192.56,187.52,161.31,87.70
990,133.09,134.10,1.01,-133.57,66.06,67.55,-58.47,16.11,187.52,180.45,159.29,85.68
991,138.09,133.09,-5.00,-135.59,71.54,64.04,-52.41,21.16,186.51,179.44,161.31,91.74
992,147.18,121.98,-25.19,-134.58,86.21,48.42,-46.35,30.24,187.52,175.40,155.25,82.65
993,146.17,102.80,-43.37,-124.48,94.77,29.71,-47.36,33.27,182.47,167.37,148.19,78.61
994,147.18,104.82,-42.36,-125.97,94.77,31.25,-44.33,34.23,181.46,167.37,149.20,85.68
995,155.25,103.81,-51.45,-129.53,103.37,26.20,-44.33,37.26,179.44,165.35,146.17,83.66
996,167.37,111.88,-55.49,-139.63,111.45,28.22,-39.28,41.30,179.44,164.34,146.17,83.66
997,171.36,110.87,-60.49,-141.12,115.92,25.19,-39.28,44.33,181.46,162.32,145.16,83.66
998,176.41,100.83,-75.58,-138.62,126.02,12.65,-33.27,51.40,187.52,166.36,149.20,93.76
999,175.40,97.80,-77.60,-136.60,126.50,10.10,-23.18,59.48,194.58,171.36,156.26,103.81
1000,176.41,83.66,-92.75,-130.01,134.58,-4.52,-21.16,65.53,198.62,170.35,153.23,95.78
1001,169.34,63.52,-105.83,-116.40,137.61,-21.16,-15.10,67.51,191.56,165.35,147.18,86.69
1002,158.28,61.50,-96.79,-109.87,127.56,-17.65,-12.07,67.51,191.56,158.28,144.15,88.71
1003,162.32,68.52,-93.81,-115.39,128.09,-12.65,-2.98,76.59,200.64,165.35,153.23,104.82
1004,153.23,59.48,-93.76,-106.36,123.52,-17.12,0.96,78.61,199.63,165.35,151.22,93.76
1005,147.18,53.42,-93.76,-100.30,120.49,-20.15,-6.01,75.58,192.56,156.26,136.07,73.56
1006,142.13,49.38,-92.75,-95.73,117.46,-21.68,2.98,78.61,194.58,159.29,137.08,80.63
1007,130.06,42.31,-87.75,-86.16,108.90,-22.69,3.99,74.57,188.53,155.25,137.08,79.62
1008,132.08,47.36,-84.72,-89.72,108.42,-18.66,-6.01,61.50,174.39,144.15,127.03,71.54
1009,145.16,61.50,-83.66,-103.33,114.43,-11.06,-7.02,56.45,172.37,143.14,126.02,74.57
1010,143.14,57.46,-85.68,-100.30,114.43,-14.09,-10.05,55.44,168.33,139.10,125.01,73.56
1011,143.14,60.49,-82.65,-101.79,112.89,-11.06,-5.00,58.47,170.35,140.11,126.02,75.58
1012,140.11,64.52,-75.58,-102.32,107.85,-5.53,0.96,59.48,171.36,141.12,126.02,70.53
1013,115.92,41.30,-74.62,-78.61,95.30,-16.64,0.00,55.44,167.37,135.06,120.97,62.51
1014,105.83,28.22,-77.60,-67.03,91.74,-24.67,1.97,56.45,164.34,132.08,116.93,60.49
1015,90.73,19.14,-71.59,-54.91,81.16,-26.20,8.03,60.49,169.34,134.10,114.91,55.44
1016,78.61,9.04,-69.57,-43.80,74.09,-30.24,13.08,65.53,172.37,136.07,112.89,54.43
1017,78.61,9.04,-69.57,-43.80,74.09,-30.24,25.19,74.57,175.40,137.08,109.87,47.36
1018,60.49,2.98,-57.50,-31.73,59.00,-27.26,34.23,78.61,184.49,145.16,117.94,58.47
1019,46.35,-3.99,-50.34,-21.16,48.32,-27.17,37.26,80.63,186.51,146.17,117.94,60.49
1020,40.29,-13.08,-53.37,-13.61,46.83,-33.22,46.35,86.69,182.47,142.13,107.85,36.25
1021,36.25,-18.13,-54.38,-9.04,45.29,-36.25,48.37,86.69,181.46,139.10,103.81,29.23
1022,29.23,-25.19,-54.43,-2.02,41.83,-39.81,50.39,89.72,181.46,137.08,100.83,32.26
1023,28.22,-30.24,-58.47,1.01,43.32,-44.33,54.43,90.73,178.43,135.06,97.80,24.18
1024,28.22,-30.24,-58.47,1.01,43.32,-44.33,62.51,94.77,179.44,136.07,97.80,24.18
1025,25.19,-33.27,-58.47,4.04,41.83,-45.87,67.51,97.80,178.43,134.10,95.78,27.21
1026,24.18,-49.38,-73.56,12.60,48.85,-61.45,66.54,97.80,173.38,128.04,87.70,7.02
1027,21.16,-63.52,-84.67,21.16,52.89,-74.09,72.55,107.85,173.38,124.00,80.63,0.96
1028,22.17,-58.47,-80.63,18.13,51.40,-69.53,73.56,106.84,166.36,116.93,73.56,-0.96
1029,20.15,-62.51,-82.65,21.16,51.40,-72.55,72.55,101.79,161.31,111.88,68.52,-7.02
1030,16.11,-65.53,-81.64,24.71,48.85,-73.56,73.56,104.82,159.29,111.88,66.54,-8.03
1031,12.07,-65.53,-77.60,26.73,44.81,-71.54,73.56,103.81,159.29,112.89,67.51,-10.05
1032,14.09,-72.55,-86.64,29.23,50.34,-79.57,71.54,102.80,157.27,106.84,62.51,-11.06
1033,9.04,-78.61,-87.65,34.76,48.32,-83.13,68.52,96.79,153.23,102.80,57.46,-14.09
1034,16.11,-73.56,-89.67,28.70,52.89,-81.59,69.53,99.82,154.24,101.79,55.44,-13.08
1035,25.19,-77.60,-102.80,26.20,64.00,-90.20,64.52,96.79,146.17,96.79,49.38,-16.11
1036,8.03,-91.74,-99.77,41.83,53.90,-95.73,59.48,87.70,139.10,92.75,45.34,-20.15
1037,12.07,-75.58,-87.65,31.73,49.86,-81.59,70.53,100.83,148.19,98.81,52.41,-22.17
1038,12.07,-72.55,-84.62,30.24,48.32,-78.56,76.59,104.82,154.24,103.81,56.45,-18.13
1039,8.03,-85.68,-93.71,38.80,50.87,-89.67,69.53,97.80,148.19,96.79,48.37,-13.08
1040,7.02,-87.70,-94.72,40.34,50.87,-91.21,71.54,99.82,146.17,95.78,46.35,-13.08
1041,0.00,-88.71,-88.71,44.33,44.33,-88.71,72.55,98.81,142.13,91.74,43.32,-20.15
1042,5.00,-80.63,-85.63,37.79,45.29,-83.13,69.53,94.77,142.13,91.74,43.32,-19.14
1043,0.96,-81.64,-82.60,40.34,41.78,-82.12,69.53,92.75,143.14,91.74,44.33,-16.11
1044,3.99,-87.70,-91.69,41.83,47.84,-89.67,66.54,91.74,139.10,89.72,43.32,-19.14
1045,14.09,-72.55,-86.64,29.23,50.34,-79.57,74.57,98.81,145.16,94.77,46.35,-14.09
1046,15.10,-75.58,-90.68,30.24,52.89,-83.13,76.59,102.80,146.17,94.77,44.33,-22.17
1047,1.97,-85.68,-87.65,41.83,44.81,-86.64,70.53,94.77,141.12,95.78,49.38,-9.04
1048,3.99,-75.58,-79.57,35.77,41.78,-77.55,77.60,95.78,145.16,97.80,52.41,-5.00
1049,3.99,-83.66,-87.65,39.81,45.82,-85.63,72.55,95.78,144.15,92.75,45.34,-19.14
1050,8.03,-81.64,-89.67,36.78,48.85,-85.63,59.48,90.73,139.10,89.72,44.33,-18.13
1051,20.15,-77.60,-97.75,28.70,58.95,-87.65,63.52,94.77,140.11,91.74,44.33,-26.20
1052,11.06,-77.60,-88.66,33.27,49.86,-83.13,68.52,97.80,143.14,92.75,46.35,-25.19
1053,14.09,-74.57,-88.66,30.24,51.35,-81.59,71.54,98.81,143.14,96.79,51.40,-20.15
1054,15.10,-77.60,-92.70,31.25,53.90,-85.15,71.54,97.80,142.13,97.80,51.40,-20.15
1055,12.07,-78.61,-90.68,33.27,51.35,-84.62,70.53,96.79,144.15,98.81,52.41,-17.12
1056,12.07,-79.62,-91.69,33.75,51.88,-85.63,70.53,95.78,144.15,98.81,53.42,-10.05
1057,13.08,-78.61,-91.69,32.74,52.36,-85.15,69.53,94.77,141.12,95.78,47.36,-18.13
1058,6.01,-90.73,-96.74,42.36,51.35,-93.71,70.53,95.78,139.10,95.78,44.33,-28.22
1059,-0.96,-92.75,-91.79,46.83,45.39,-92.27,70.53,93.76,140.11,96.79,46.35,-24.18
1060,8.03,-81.64,-89.67,36.78,48.85,-85.63,72.55,96.79,141.12,97.80,47.36,-24.18
1061,14.09,-76.59,-90.68,31.25,52.36,-83.61,71.54,96.79,142.13,96.79,50.39,-19.14
1062,20.15,-68.52,-88.66,24.18,54.38,-78.56,70.53,93.76,143.14,99.82,50.39,-18.13
1063,33.27,-60.49,-93.76,13.61,63.52,-77.12,71.54,98.81,144.15,99.82,50.39,-21.16
1064,41.30,-54.43,-95.73,6.54,68.52,-75.05,73.56,100.83,146.17,101.79,54.43,-18.13
1065,25.19,-55.44,-80.63,15.10,52.89,-68.03,77.60,100.83,146.17,102.80,54.43,-21.16
1066,-2.98,-74.57,-71.59,38.75,34.28,-73.08,69.53,92.75,141.12,97.80,52.41,-14.09
1067,-8.03,-87.70,-79.67,47.84,35.82,-83.71,65.53,88.71,139.10,97.80,53.42,-14.09
1068,7.02,-69.53,-76.55,31.25,41.78,-73.04,68.52,90.73,141.12,97.80,53.42,-22.17
1069,19.14,-61.50,-80.63,21.16,49.86,-71.06,67.51,89.72,139.10,94.77,48.37,-26.20
1070,16.11,-64.52,-80.63,24.18,48.37,-72.55,68.52,91.74,142.13,99.82,50.39,-25.19
1071,15.10,-59.48,-74.57,22.17,44.81,-67.03,73.56,96.79,153.23,108.86,57.46,-16.11
1072,12.07,-65.53,-77.60,26.73,44.81,-71.54,78.61,103.81,159.29,111.88,57.46,-20.15
1073,-2.98,-82.65,-79.67,42.79,38.32,-81.16,87.70,110.87,164.34,112.89,52.41,-25.19
1074,-10.05,-84.67,-74.62,47.36,32.26,-79.67,100.83,124.00,175.40,118.95,51.40,-28.22
1075,-15.10,-82.65,-67.55,48.85,26.20,-75.10,112.89,137.08,185.50,124.00,47.36,-39.28
1076,-17.12,-82.65,-65.53,49.86,24.18,-74.09,130.06,155.25,207.66,136.07,48.37,-49.38
1077,-27.21,-92.75,-65.53,59.96,19.14,-79.14,140.11,168.33,218.77,141.12,51.40,-55.44
1078,-24.18,-91.74,-67.55,57.94,21.68,-79.67,152.22,179.44,220.79,141.12,47.36,-56.45
1079,-7.02,-78.61,-71.59,42.79,32.26,-75.10,160.30,189.54,221.80,142.13,44.33,-63.52
1080,0.00,-73.56,-73.56,36.78,36.78,-73.56,145.16,174.39,207.66,141.12,48.37,-56.45
1081,-0.96,-47.36,-46.40,24.14,22.69,-46.88,134.10,159.29,202.61,150.21,69.53,-34.23
1082,-5.00,-35.24,-30.24,20.10,12.60,-32.74,121.98,141.12,194.58,159.29,91.74,-23.18
1083,8.03,-14.09,-22.12,3.03,15.05,-18.08,95.78,111.88,187.52,176.41,119.96,-0.96
1084,14.09,1.97,-12.12,-8.03,13.13,-5.05,64.52,79.62,178.43,190.55,151.22,29.23
1085,15.10,8.03,-7.07,-11.54,11.11,0.48,35.24,46.35,160.30,196.60,176.41,52.41
1086,15.10,34.23,19.14,-24.67,-2.02,26.69,-0.96,0.00,132.08,200.64,202.61,80.63
1087,22.17,50.39,28.22,-36.25,-3.03,39.33,-34.23,-44.33,109.87,206.65,228.87,107.85
1088,31.25,72.55,41.30,-51.88,-5.00,56.93,-65.53,-87.70,84.67,206.65,249.01,131.07
1089,16.11,80.63,64.52,-48.37,-24.18,72.60,-100.83,-136.07,54.43,204.63,271.18,158.28
1090,19.14,86.69,67.55,-52.89,-24.18,77.12,-125.01,-166.36,50.39,220.79,304.45,192.56
1091,32.26,99.82,67.55,-66.02,-17.65,83.71,-143.14,-185.50,50.39,239.92,339.74,223.82
1092,39.28,100.83,61.54,-70.05,-11.11,81.21,-167.37,-213.72,18.13,231.90,359.94,252.04
1093,57.46,99.82,42.36,-78.61,7.55,71.11,-190.55,-239.92,-27.21,198.62,355.90,272.19
1094,74.57,95.78,21.20,-85.15,26.69,58.51,-201.65,-249.01,-55.44,174.39,349.84,285.31
1095,90.73,85.68,-5.05,-88.18,47.89,40.34,-210.69,-257.09,-87.70,144.15,338.73,302.48
1096,112.89,78.61,-34.28,-95.73,73.61,22.17,-215.74,-259.11,-116.93,112.89,318.59,310.51
1097,129.05,82.65,-46.40,-105.83,87.75,18.13,-218.77,-258.10,-145.16,78.61,290.36,311.52
1098,146.17,75.58,-70.58,-110.87,108.37,2.50,-226.85,-256.08,-170.35,45.34,269.16,326.66
1099,173.38,77.60,-95.78,-125.49,134.58,-9.09,-236.90,-253.05,-187.52,19.14,248.00,332.72
1100,190.55,85.68,-104.86,-138.09,147.71,-9.57,-228.87,-234.92,-191.56,-5.00,215.74,321.61
1101,194.58,84.67,-109.91,-139.63,152.27,-12.60,-224.83,-227.86,-207.66,-35.24,169.34,297.43
1102,179.44,79.62,-99.82,-129.53,139.63,-10.10,-228.87,-232.90,-252.04,-95.78,90.73,261.13
1103,171.36,105.83,-65.53,-138.57,118.47,20.15,-243.96,-255.07,-298.44,-142.13,42.31,254.06
1104,197.61,160.30,-37.31,-178.96,117.46,61.50,-295.41,-310.51,-369.02,-182.47,23.18,274.21
1105,208.67,194.58,-14.09,-201.60,111.40,90.25,-328.68,-348.83,-420.42,-218.77,1.97,282.28
1106,201.65,214.73,13.08,-208.19,94.29,113.90,-359.94,-385.13,-463.79,-235.89,0.96,299.45
1107,205.64,256.08,50.44,-230.84,77.60,153.28,-390.18,-422.44,-495.04,-226.85,28.22,337.72
1108,215.74,307.48,91.74,-261.61,62.02,199.63,-425.47,-466.82,-509.13,-205.64,63.52,374.02
1109,212.71,344.79,132.08,-278.73,40.34,238.43,-474.85,-523.27,-543.41,-204.63,84.67,406.29
1110,217.76,402.29,184.54,-310.03,16.64,293.44,-536.39,-598.90,-591.83,-196.60,112.89,443.60
1111,229.88,451.67,221.80,-340.75,4.04,336.76,-617.02,-695.69,-675.49,-223.82,114.91,468.84
1112,259.11,485.96,226.85,-372.53,16.16,356.43,-691.65,-788.43,-784.39,-294.40,80.63,489.99
1113,273.20,513.17,239.97,-393.16,16.64,376.57,-772.33,-893.30,-919.50,-396.24,11.06,495.04
1114,252.04,522.26,270.22,-387.15,-9.09,396.24,-824.73,-974.94,-1056.63,-518.22,-84.67,477.88
1115,230.89,485.96,255.07,-358.40,-12.07,370.51,-816.66,-991.10,-1150.39,-629.14,-194.58,429.51
1116,189.54,385.13,195.59,-287.33,-3.03,290.36,-767.28,-969.94,-1261.31,-793.48,-365.99,321.61
1117,132.08,285.31,153.23,-208.67,-10.58,219.30,-713.81,-945.71,-1395.41,-988.07,-568.66,202.61
1118,64.52,179.44,114.91,-121.98,-25.19,147.18,-627.12,-880.17,-1468.01,-1137.31,-743.05,77.60
1119,-3.99,99.82,103.81,-47.89,-53.90,101.79,-535.38,-795.50,-1478.11,-1221.98,-849.93,-11.06
1120,-87.70,36.25,123.95,25.72,-105.83,80.10,-483.94,-755.16,-1498.25,-1287.52,-926.57,-72.55
1121,-127.03,-50.39,76.64,88.71,-101.84,13.13,-406.29,-676.50,-1468.01,-1309.73,-962.87,-121.98
1122,-128.04,-94.77,33.27,111.40,-80.68,-30.77,-310.51,-566.64,-1365.17,-1254.24,-934.65,-138.09
1123,-148.19,-112.89,35.29,130.54,-91.74,-38.80,-242.95,-494.03,-1284.49,-1195.78,-899.36,-156.26
1124,-164.34,-106.84,57.50,135.59,-110.92,-24.67,-197.61,-437.54,-1203.85,-1123.17,-837.86,-147.18
1125,-200.64,-118.95,81.69,159.77,-141.17,-18.66,-135.06,-368.01,-1113.08,-1044.51,-784.39,-155.25
1126,-249.01,-152.22,96.79,200.59,-172.90,-27.74,-62.51,-295.41,-1027.40,-977.97,-749.10,-192.56
1127,-274.21,-171.36,102.85,222.76,-188.53,-34.28,9.04,-221.80,-937.68,-907.43,-716.84,-226.85
1128,-290.36,-204.63,85.73,247.47,-188.05,-59.48,91.74,-131.07,-850.94,-847.91,-694.68,-270.17
1129,-321.61,-250.02,71.59,285.79,-196.60,-89.24,166.36,-49.38,-779.35,-801.56,-679.53,-310.51
1130,-332.72,-284.30,48.42,308.49,-190.59,-117.94,243.96,32.26,-708.76,-752.13,-655.35,-331.71
1131,-316.57,-308.49,8.08,312.53,-162.32,-150.21,320.60,117.94,-633.18,-699.72,-620.05,-326.66
1132,-305.46,-336.71,-31.25,321.09,-137.13,-184.01,379.07,187.52,-576.68,-662.41,-600.92,-332.72
1133,-310.51,-357.92,-47.41,334.21,-131.55,-202.66,424.46,235.89,-536.39,-632.17,-580.72,-341.76
1134,-314.55,-369.98,-55.44,342.24,-129.58,-212.71,444.61,258.10,-514.18,-605.92,-559.57,-345.80
1135,-303.44,-357.92,-54.48,330.65,-124.48,-206.22,443.60,262.14,-501.10,-584.76,-537.40,-340.75
1136,-300.46,-352.87,-52.41,326.66,-124.05,-202.66,438.55,260.12,-487.97,-564.62,-516.20,-338.73
1137,-303.44,-358.93,-55.49,331.18,-124.00,-207.23,421.43,251.03,-475.86,-543.41,-498.07,-341.76
1138,-304.45,-355.90,-51.45,330.17,-126.50,-203.67,409.31,248.00,-455.71,-517.21,-470.81,-333.73
1139,-294.40,-356.91,-62.51,325.65,-115.97,-209.73,416.38,262.14,-423.45,-484.95,-443.60,-324.64
1140,-275.22,-352.87,-77.65,314.02,-98.81,-215.26,419.41,277.24,-389.17,-452.68,-414.36,-311.52
1141,-265.17,-353.88,-88.71,309.50,-88.23,-221.32,416.38,283.29,-359.94,-426.48,-395.23,-301.47
1142,-246.99,-347.82,-100.83,297.38,-73.08,-224.35,406.29,279.25,-339.74,-405.28,-381.09,-301.47
1143,-228.87,-342.77,-113.90,285.79,-57.50,-228.34,398.26,275.22,-317.58,-383.11,-361.95,-290.36
1144,-220.79,-340.75,-119.96,280.75,-50.44,-230.36,392.20,271.18,-291.37,-355.90,-335.75,-267.19
1145,-208.67,-336.71,-128.04,272.67,-40.34,-232.38,379.07,263.15,-272.19,-335.75,-321.61,-266.18
1146,-190.55,-328.68,-138.14,259.59,-26.20,-233.43,363.97,261.13,-252.04,-314.55,-304.45,-256.08
1147,-172.37,-324.64,-152.27,248.48,-10.05,-238.48,353.88,259.11,-231.90,-291.37,-278.25,-230.89
1148,-160.30,-325.65,-165.35,242.95,2.50,-245.50,350.85,254.06,-217.76,-277.24,-269.16,-229.88
1149,-152.22,-318.59,-166.36,235.40,7.07,-242.47,332.72,236.90,-212.71,-269.16,-260.12,-227.86
1150,-142.13,-311.52,-169.39,226.80,13.61,-240.45,320.60,228.87,-202.61,-257.09,-249.01,-216.75
1151,-135.06,-310.51,-175.45,222.76,20.19,-243.00,325.65,242.95,-180.45,-238.91,-235.89,-208.67
1152,-122.99,-301.47,-178.48,212.23,27.74,-239.97,321.61,241.94,-163.33,-220.79,-217.76,-198.62
1153,-109.87,-282.28,-172.42,196.07,31.25,-227.38,312.53,241.94,-139.10,-194.58,-192.56,-173.38
1154,-91.74,-270.17,-178.43,180.93,43.32,-224.30,307.48,249.01,-121.98,-180.45,-180.45,-164.34
1155,-81.64,-265.17,-183.53,173.38,50.92,-224.35,301.47,243.96,-109.87,-167.37,-172.37,-173.38
1156,-80.63,-252.04,-171.41,166.31,45.39,-211.75,295.41,238.91,-89.72,-147.18,-156.26,-162.32
1157,-69.53,-222.81,-153.28,146.17,41.88,-188.05,293.39,243.96,-65.53,-125.01,-138.09,-144.15
1158,-61.50,-210.69,-149.20,136.07,43.85,-179.97,292.38,252.04,-39.28,-99.82,-116.93,-137.08
1159,-51.40,-203.62,-152.22,127.51,50.39,-177.95,289.35,253.05,-23.18,-83.66,-104.82,-131.07
1160,-46.35,-178.43,-132.08,112.37,42.84,-155.25,288.34,260.12,3.99,-55.44,-76.59,-101.79
1161,-48.37,-177.42,-129.05,112.89,40.34,-153.23,282.28,258.10,17.12,-43.32,-65.53,-99.82
1162,-48.37,-166.36,-117.99,107.37,34.81,-142.18,278.25,258.10,32.26,-27.21,-55.44,-93.76
1163,-58.47,-151.22,-92.75,104.82,17.12,-121.98,281.27,265.17,54.43,-5.00,-35.24,-70.53
1164,-55.44,-155.25,-99.82,105.35,22.17,-127.56,271.18,256.08,56.45,-5.00,-40.29,-88.71
1165,-31.25,-130.06,-98.81,80.63,33.75,-114.43,257.09,248.00,66.54,7.02,-31.25,-84.67
1166,-35.24,-122.99,-87.75,79.09,26.25,-105.39,244.97,234.92,74.57,15.10,-21.16,-71.54
1167,-37.26,-117.94,-80.68,77.60,21.68,-99.34,228.87,218.77,84.67,29.23,-6.01,-59.48
1168,-23.18,-99.82,-76.64,61.50,26.73,-88.23,208.67,206.65,95.78,43.32,3.99,-54.43
1169,-22.17,-86.69,-64.52,54.43,21.16,-75.63,183.48,184.49,101.79,53.42,12.07,-47.36
1170,-14.09,-69.53,-55.44,41.78,20.67,-62.51,154.24,160.30,107.85,65.53,26.20,-32.26
1171,-14.09,-57.46,-43.37,35.77,14.62,-50.44,129.05,142.13,115.92,76.59,35.24,-31.25
1172,-14.09,-47.36,-33.27,30.72,9.57,-40.34,107.85,124.00,120.97,84.67,42.31,-25.19
1173,-3.99,-41.30,-37.31,22.65,16.64,-39.33,92.75,108.86,122.99,86.69,46.35,-18.13
1174,2.98,-33.27,-36.25,15.15,19.62,-34.76,79.62,98.81,126.02,91.74,49.38,-13.08
1175,5.00,-31.25,-36.25,13.13,20.63,-33.75,73.56,91.74,128.04,93.76,51.40,-13.08
1176,2.98,-30.24,-33.22,13.61,18.08,-31.73,72.55,91.74,134.10,99.82,57.46,-9.04
1177,2.98,-20.15,-23.13,8.56,13.03,-21.64,69.53,89.72,137.08,103.81,60.49,-2.98
1178,8.03,-17.12,-25.15,4.52,16.59,-21.11,71.54,91.74,141.12,108.86,64.52,0.96
1179,15.10,-19.14,-34.23,2.02,24.67,-26.69,65.53,82.65,141.12,109.87,66.54,0.00
1180,18.13,-15.10,-33.22,-1.49,25.68,-24.14,63.52,83.66,145.16,114.91,73.56,6.01
1181,19.14,-8.03,-27.17,-5.53,23.13,-17.60,69.53,97.80,154.24,124.00,82.65,15.10
1182,18.13,-3.99,-22.12,-7.07,20.10,-13.03,66.54,89.72,152.22,122.99,82.65,13.08
1183,17.12,-6.01,-23.13,-5.53,20.10,-14.57,62.51,83.66,148.19,118.95,78.61,8.03
1184,21.16,-5.00,-26.16,-8.08,23.66,-15.58,54.43,79.62,145.16,115.92,74.57,1.97
1185,26.20,9.04,-17.16,-17.60,21.68,-4.04,56.45,78.61,151.22,121.98,81.64,9.04
1186,12.07,-8.03,-20.10,-2.02,16.06,-14.04,52.41,75.58,145.16,116.93,77.60,7.02
1187,-3.99,-29.23,-25.24,16.59,10.63,-27.26,45.34,68.52,141.12,111.88,72.55,0.00
1188,-0.96,-18.13,-17.16,9.52,8.08,-17.65,45.34,68.52,144.15,116.93,77.60,6.01
1189,5.00,-14.09,-19.09,4.52,12.02,-16.59,47.36,68.52,145.16,119.96,79.62,0.00
1190,8.03,-8.03,-16.06,0.00,12.02,-12.02,43.32,68.52,148.19,122.99,81.64,1.97
1191,10.05,-0.96,-11.01,-4.52,10.53,-5.96,40.29,64.52,149.20,125.01,86.69,12.07
1192,10.05,-3.99,-14.04,-3.03,12.02,-8.99,43.32,66.54,152.22,126.02,86.69,6.01
1193,2.98,-13.08,-16.06,5.05,9.52,-14.57,44.33,66.54,151.22,125.01,85.68,0.00
1194,12.07,-8.03,-20.10,-2.02,16.06,-14.04,44.33,67.51,153.23,130.06,92.75,8.03
1195,26.20,0.96,-25.24,-13.56,25.72,-12.12,44.33,69.53,156.26,131.07,95.78,15.10
1196,21.16,-5.00,-26.16,-8.08,23.66,-15.58,44.33,66.54,156.26,130.06,93.76,15.10
1197,26.20,5.00,-21.20,-15.58,23.70,-8.08,46.35,68.52,158.28,134.10,96.79,16.11
1198,25.19,1.97,-23.22,-13.56,24.23,-10.63,42.31,64.52,157.27,133.09,94.77,12.07
1199,17.12,-14.09,-31.20,-1.49,24.14,-22.65,31.25,58.47,148.19,122.99,87.70,7.02
1200,23.18,0.00,-23.18,-11.59,23.18,-11.59,38.27,60.49,152.22,127.03,93.76,11.06
1201,28.22,7.02,-21.20,-17.60,24.71,-7.07,41.30,60.49,155.25,131.07,97.80,15.10
1202,21.16,0.96,-20.19,-11.06,20.67,-9.62,37.26,58.47,150.21,126.02,91.74,13.08
1203,16.11,-1.97,-18.08,-7.07,17.07,-10.00,34.23,54.43,147.18,124.00,87.70,10.05
1204,19.14,3.99,-15.15,-11.54,17.16,-5.58,33.27,56.45,150.21,128.04,92.75,20.15
1205,19.14,8.03,-11.11,-13.56,15.15,-1.54,34.23,57.46,151.22,131.07,94.77,18.13
1206,27.21,9.04,-18.17,-18.13,22.69,-4.57,31.25,56.45,149.20,130.06,94.77,14.09
1207,32.26,13.08,-19.18,-22.65,25.72,-3.03,33.27,61.50,155.25,134.10,100.83,22.17
1208,31.25,14.09,-17.16,-22.65,24.23,-1.54,33.27,59.48,153.23,132.08,97.80,19.14
1209,28.22,15.10,-13.13,-21.64,20.67,1.01,34.23,60.49,152.22,134.10,99.82,21.16
1210,18.13,15.10,-3.03,-16.59,10.58,6.06,35.24,62.51,156.26,139.10,103.81,24.18
1211,28.22,23.18,-5.05,-25.68,16.64,9.09,34.23,61.50,156.26,138.09,102.80,24.18
1212,32.26,23.18,-9.09,-27.69,20.67,7.07,31.25,59.48,155.25,138.09,103.81,22.17
1213,17.12,10.05,-7.07,-13.56,12.12,1.49,33.27,58.47,153.23,134.10,100.83,16.11
1214,24.18,10.05,-14.14,-17.12,19.18,-2.02,32.26,58.47,152.22,131.07,100.83,18.13
1215,25.19,13.08,-12.12,-19.14,18.66,0.48,29.23,56.45,152.22,134.10,104.82,24.18
1216,20.15,9.04,-11.11,-14.57,15.63,-1.01,31.25,56.45,154.24,132.08,105.83,23.18
1217,28.22,13.08,-15.15,-20.63,21.68,-1.01,24.18,47.36,148.19,126.02,101.79,20.15
1218,31.25,16.11,-15.15,-23.66,23.22,0.48,22.17,50.39,152.22,132.08,107.85,31.25
1219,25.19,15.10,-10.10,-20.15,17.65,2.50,29.23,58.47,158.28,136.07,112.89,38.27
1220,15.10,9.04,-6.06,-12.07,10.58,1.49,29.23,54.43,156.26,133.09,108.86,32.26
1221,23.18,14.09,-9.09,-18.61,16.16,2.50,25.19,53.42,156.26,134.10,109.87,30.24
1222,29.23,21.16,-8.08,-25.19,18.66,6.54,22.17,53.42,154.24,133.09,111.88,32.26
1223,25.19,16.11,-9.09,-20.63,17.16,3.51,20.15,49.38,151.22,131.07,106.84,29.23
1224,20.15,15.10,-5.05,-17.60,12.60,5.05,20.15,49.38,151.22,129.05,103.81,23.18
1225,20.15,18.13,-2.02,-19.14,11.11,8.08,21.16,48.37,152.22,130.06,105.83,24.18
1226,26.20,23.18,-3.03,-24.67,14.62,10.10,23.18,49.38,152.22,133.09,108.86,29.23
1227,26.20,22.17,-4.04,-24.18,15.15,9.09,25.19,53.42,156.26,134.10,108.86,29.23
1228,25.19,20.15,-5.05,-22.65,15.15,7.55,21.16,49.38,153.23,129.05,104.82,31.25
1229,29.23,23.18,-6.06,-26.20,17.65,8.56,25.19,52.41,155.25,132.08,107.85,31.25
1230,39.28,29.23,-10.05,-34.23,24.67,9.62,21.16,51.40,155.25,132.08,107.85,31.25
1231,27.21,22.17,-5.05,-24.67,16.16,8.56,19.14,48.37,152.22,130.06,104.82,32.26
1232,24.18,27.21,3.03,-25.68,10.58,15.15,30.24,56.45,156.26,135.06,109.87,31.25
1233,38.27,35.24,-3.03,-36.73,20.67,16.11,16.11,46.35,153.23,134.10,111.88,38.27
1234,26.20,18.13,-8.08,-22.17,17.16,5.05,11.06,41.30,150.21,133.09,112.89,39.28
1235,10.05,14.09,4.04,-12.07,3.03,9.09,17.12,42.31,150.21,134.10,113.90,40.29
1236,2.98,8.03,5.05,-5.48,-1.01,6.54,14.09,41.30,147.18,131.07,109.87,34.23
1237,9.04,9.04,0.00,-9.04,4.52,4.52,17.12,42.31,145.16,129.05,104.82,26.20
1238,16.11,14.09,-2.02,-15.10,9.09,6.06,11.06,34.23,140.11,128.04,102.80,27.21
1239,16.11,17.12,1.01,-16.59,7.55,9.09,14.09,41.30,143.14,131.07,107.85,32.26
1240,22.17,29.23,7.07,-25.68,7.55,18.17,26.20,50.39,148.19,136.07,111.88,35.24
1241,29.23,35.24,6.01,-32.21,11.64,20.63,18.13,39.28,146.17,139.10,113.90,41.30
1242,37.26,38.27,1.01,-37.74,18.13,19.67,10.05,36.25,144.15,137.08,112.89,38.27
1243,23.18,34.23,11.06,-28.70,6.06,22.65,6.01,34.23,139.10,132.08,110.87,35.24
1244,6.01,28.22,22.21,-17.12,-8.08,25.24,3.99,30.24,138.09,134.10,113.90,49.38
1245,9.04,20.15,11.11,-14.57,-1.01,15.63,3.99,28.22,136.07,130.06,110.87,42.31
1246,14.09,23.18,9.09,-18.61,2.50,16.16,0.00,27.21,133.09,126.02,105.83,26.20
1247,15.10,28.22,13.13,-21.64,1.01,20.67,5.00,31.25,136.07,128.04,106.84,28.22
1248,23.18,37.26,14.09,-30.19,4.57,25.68,5.00,31.25,137.08,130.06,111.88,37.26
1249,23.18,34.23,11.06,-28.70,6.06,22.65,2.98,28.22,135.06,129.05,112.89,36.25
1250,22.17,30.24,8.08,-26.20,7.07,19.18,8.03,31.25,135.06,126.02,109.87,31.25
1251,22.17,39.28,17.12,-30.72,2.55,28.22,-0.96,26.20,130.06,124.00,109.87,33.27
1252,16.11,39.28,23.18,-27.69,-3.51,31.25,-9.04,20.15,126.02,120.97,107.85,33.27
1253,9.04,43.32,34.28,-26.16,-12.60,38.80,0.00,25.19,129.05,124.00,109.87,36.25
1254,12.07,40.29,28.22,-26.16,-8.08,34.28,-3.99,22.17,129.05,126.02,113.90,46.35
1255,16.11,39.28,23.18,-27.69,-3.51,31.25,-10.05,19.14,127.03,122.99,110.87,44.33
1256,10.05,39.28,29.23,-24.67,-9.57,34.28,-8.03,23.18,131.07,121.98,109.87,39.28
1257,13.08,41.30,28.22,-27.17,-7.55,34.76,-9.04,18.13,124.00,118.95,107.85,37.26
1258,14.09,45.34,31.25,-29.71,-8.56,38.32,-6.01,18.13,120.97,118.95,106.84,40.29
1259,17.12,51.40,34.28,-34.23,-8.56,42.84,-3.99,20.15,122.99,120.97,111.88,47.36
1260,19.14,48.37,29.23,-33.75,-5.05,38.80,-10.05,18.13,120.97,114.91,109.87,41.30
1261,14.09,39.28,25.19,-26.69,-5.53,32.26,-17.12,11.06,112.89,107.85,101.79,32.26
1262,14.09,40.29,26.20,-27.17,-6.06,33.27,-21.16,7.02,108.86,105.83,98.81,32.26
1263,21.16,52.41,31.25,-36.78,-5.05,41.83,-22.17,8.03,113.90,109.87,104.82,41.30
1264,29.23,61.50,32.26,-45.34,-1.49,46.88,-22.17,7.02,110.87,107.85,101.79,40.29
1265,20.15,57.46,37.31,-38.80,-8.56,47.41,-18.13,6.01,107.85,101.79,96.79,35.24
1266,18.13,62.51,44.38,-40.29,-13.13,53.47,-19.14,6.01,105.83,99.82,95.78,37.26
1267,20.15,64.52,44.38,-42.31,-12.12,54.48,-19.14,6.01,105.83,101.79,98.81,43.32
1268,22.17,68.52,46.35,-45.34,-12.07,57.46,-22.17,0.00,102.80,98.81,99.82,43.32
1269,22.17,67.51,45.34,-44.81,-11.59,56.45,-26.20,-2.98,97.80,93.76,94.77,39.28
1270,22.17,64.52,42.36,-43.32,-10.10,53.47,-29.23,-7.02,96.79,94.77,95.78,42.31
1271,12.07,64.52,52.46,-38.27,-20.19,58.51,-30.24,-12.07,91.74,93.76,92.75,37.26
1272,0.96,54.43,53.47,-27.69,-26.25,53.95,-34.23,-11.06,88.71,89.72,91.74,36.25
1273,6.01,53.42,47.41,-29.71,-20.67,50.44,-42.31,-21.16,82.65,87.70,91.74,41.30
1274,14.09,64.52,50.44,-39.28,-18.17,57.50,-40.29,-19.14,82.65,88.71,90.73,39.28
1275,24.18,69.53,45.34,-46.83,-10.58,57.46,-38.27,-14.09,80.63,88.71,89.72,41.30
1276,14.09,69.53,55.44,-41.78,-20.67,62.51,-39.28,-17.12,78.61,87.70,88.71,43.32
1277,6.01,68.52,62.51,-37.26,-28.22,65.53,-43.32,-25.19,73.56,83.66,84.67,39.28
1278,3.99,62.51,58.51,-33.22,-27.26,60.53,-52.41,-31.25,65.53,75.58,79.62,35.24
1279,0.96,68.52,67.55,-34.71,-33.27,68.03,-49.38,-29.23,67.51,76.59,82.65,39.28
1280,10.05,71.54,61.50,-40.77,-25.72,66.54,-49.38,-35.24,64.52,72.55,81.64,39.28
1281,12.07,72.55,60.49,-42.31,-24.18,66.54,-54.43,-33.27,61.50,69.53,78.61,39.28
1282,0.00,72.55,72.55,-36.25,-36.25,72.55,-60.49,-40.29,56.45,67.51,77.60,40.29
1283,-2.98,71.54,74.53,-34.28,-38.75,73.04,-62.51,-50.39,47.36,59.48,72.55,37.26
1284,9.04,81.64,72.60,-45.34,-31.78,77.12,-66.54,-50.39,43.32,56.45,69.53,39.28
1285,14.09,80.63,66.54,-47.36,-26.20,73.61,-70.53,-55.44,38.27,51.40,64.52,35.24
1286,-5.00,77.60,82.60,-36.30,-43.80,80.10,-63.52,-53.42,37.26,51.40,65.53,33.27
1287,-13.08,81.64,94.72,-34.28,-53.90,88.18,-64.52,-51.40,40.29,56.45,71.54,39.28
1288,-12.07,88.71,100.78,-38.32,-56.40,94.72,-70.53,-56.45,35.24,54.43,71.54,48.37
1289,-10.05,92.75,102.80,-41.35,-56.40,97.75,-74.57,-64.52,24.18,45.34,62.51,41.30
1290,-1.97,91.74,93.71,-44.86,-47.84,92.70,-76.59,-72.55,18.13,40.29,55.44,26.20
1291,-3.99,86.69,90.68,-41.35,-47.31,88.66,-85.68,-80.63,9.04,34.23,53.42,29.23
1292,-14.09,86.69,100.78,-36.30,-57.41,93.71,-92.75,-84.67,5.00,31.25,53.42,33.27
1293,-20.15,84.67,104.82,-32.26,-62.46,94.72,-91.74,-86.69,0.00,28.22,50.39,29.23
1294,-20.15,86.69,106.84,-33.27,-63.47,96.74,-98.81,-94.77,-5.00,24.18,48.37,33.27
1295,-24.18,88.71,112.89,-32.26,-68.52,100.78,-102.80,-101.79,-11.06,20.15,46.35,35.24
1296,-28.22,85.68,113.90,-28.70,-71.06,99.77,-108.86,-111.88,-16.11,16.11,46.35,36.25
1297,-31.25,97.80,129.05,-33.27,-80.15,113.42,-109.87,-115.92,-19.14,15.10,46.35,34.23
1298,-34.23,94.77,129.00,-30.24,-81.59,111.88,-102.80,-105.83,-26.20,6.01,35.24,21.16
1299,-25.19,92.75,117.94,-33.75,-71.54,105.35,-106.84,-107.85,-31.25,1.97,30.24,24.18
1300,-19.14,107.85,126.98,-44.33,-73.04,117.41,-114.91,-118.95,-37.26,0.96,35.24,31.25
1301,-24.18,112.89,137.08,-44.33,-80.63,124.96,-113.90,-121.98,-43.32,-2.98,33.27,34.23
1302,-19.14,118.95,138.09,-49.91,-78.61,128.52,-116.93,-122.99,-51.40,-12.07,21.16,28.22
1303,-26.20,118.95,145.16,-46.35,-85.68,132.03,-128.04,-133.09,-59.48,-17.12,19.14,25.19
1304,-39.28,119.96,159.24,-40.34,-99.24,139.58,-125.01,-138.09,-62.51,-18.13,20.15,32.26
1305,-24.18,135.06,159.24,-55.44,-91.69,147.13,-125.01,-138.09,-66.54,-19.14,22.17,34.23
1306,-17.12,139.10,156.22,-60.97,-86.64,147.66,-141.12,-151.22,-78.61,-27.21,12.07,27.21
1307,-26.20,130.06,156.26,-51.93,-91.21,143.14,-142.13,-154.24,-87.70,-38.27,3.99,22.17
1308,-22.17,139.10,161.26,-58.47,-91.69,150.16,-150.21,-163.33,-94.77,-43.32,1.97,25.19
1309,-23.18,149.20,172.37,-62.99,-97.75,160.78,-153.23,-171.36,-100.83,-46.35,-0.96,24.18
1310,-34.23,141.12,175.35,-53.42,-104.77,158.23,-149.20,-168.33,-105.83,-47.36,0.96,26.20
1311,-34.23,136.07,170.30,-50.92,-102.27,153.19,-160.30,-179.44,-119.96,-60.49,-10.05,15.10
1312,-29.23,146.17,175.40,-58.47,-102.32,160.78,-165.35,-187.52,-131.07,-68.52,-18.13,13.08
1313,-35.24,148.19,183.43,-56.45,-109.34,165.78,-169.34,-193.57,-138.09,-72.55,-17.12,27.21
1314,-38.27,149.20,187.47,-55.44,-112.85,168.33,-170.35,-195.59,-144.15,-77.60,-22.17,17.12
1315,-41.30,151.22,192.52,-54.96,-116.89,171.84,-172.37,-199.63,-153.23,-84.67,-31.25,9.04
1316,-53.42,145.16,198.57,-45.87,-125.97,171.84,-182.47,-209.68,-164.34,-92.75,-37.26,10.05
1317,-50.39,155.25,205.64,-52.41,-127.99,180.45,-186.51,-214.73,-170.35,-96.79,-39.28,9.04
1318,-51.40,154.24,205.64,-51.40,-128.52,179.92,-194.58,-226.85,-180.45,-103.81,-41.30,14.09
1319,-48.37,157.27,205.64,-54.43,-126.98,181.46,-199.63,-235.89,-189.54,-112.89,-45.34,12.07
1320,-40.29,169.34,209.63,-64.52,-124.96,189.49,-196.60,-229.88,-191.56,-114.91,-46.35,15.10
1321,-50.39,162.32,212.71,-55.97,-131.55,187.52,-204.63,-239.92,-203.62,-125.01,-54.43,10.05
1322,-70.53,153.23,223.77,-41.35,-147.13,188.48,-212.71,-254.06,-221.80,-140.11,-67.51,-1.97
1323,-70.53,167.37,237.91,-48.42,-154.20,202.61,-212.71,-258.10,-228.87,-143.14,-66.54,3.99
1324,-66.54,173.38,239.92,-53.42,-153.23,206.65,-219.78,-269.16,-239.92,-151.22,-72.55,0.96
1325,-66.54,176.41,242.95,-54.91,-154.72,209.68,-224.83,-278.25,-250.02,-160.30,-77.60,0.00
1326,-64.52,184.49,249.01,-59.96,-156.74,216.75,-230.89,-286.32,-260.12,-167.37,-81.64,-0.96
1327,-68.52,180.45,248.96,-55.97,-158.72,214.68,-239.92,-294.40,-270.17,-176.41,-89.72,-6.01
1328,-72.55,187.52,260.07,-57.46,-166.31,223.77,-240.93,-299.45,-280.26,-182.47,-93.76,-3.99
1329,-68.52,188.53,257.04,-60.01,-162.75,222.76,-251.03,-309.50,-294.40,-194.58,-105.83,-8.03
1330,-71.54,182.47,254.01,-55.44,-162.75,218.24,-256.08,-316.57,-303.44,-203.62,-111.88,-10.05
1331,-68.52,193.57,262.09,-62.51,-165.30,227.81,-255.07,-313.54,-308.49,-204.63,-112.89,-6.01
1332,-75.58,194.58,270.17,-59.48,-172.85,232.38,-267.19,-330.70,-318.59,-211.70,-117.94,-5.00
1333,-80.63,191.56,272.19,-55.44,-176.41,231.85,-270.17,-336.71,-331.71,-222.81,-127.03,-14.09
1334,-79.62,188.53,268.15,-54.43,-173.86,228.34,-274.21,-336.71,-343.78,-232.90,-135.06,-21.16
1335,-95.78,175.40,271.18,-39.81,-183.48,223.29,-284.30,-351.86,-357.92,-244.97,-141.12,-16.11
1336,-84.67,189.54,274.21,-52.41,-179.44,231.85,-281.27,-348.83,-358.93,-243.96,-141.12,-15.10
1337,-83.66,200.64,284.30,-58.47,-183.96,242.47,-285.31,-356.91,-367.00,-250.02,-146.17,-18.13
1338,-94.77,192.56,287.33,-48.90,-191.03,239.92,-291.37,-365.99,-382.10,-262.14,-156.26,-22.17
1339,-97.80,189.54,287.33,-45.87,-192.56,238.43,-298.44,-376.04,-393.21,-271.18,-164.34,-27.21
1340,-100.83,189.54,290.36,-44.33,-195.59,239.92,-309.50,-392.20,-405.28,-281.27,-169.34,-27.21
1341,-95.78,199.63,295.41,-51.93,-195.59,247.52,-310.51,-389.17,-412.34,-283.29,-169.34,-21.16
1342,-102.80,206.65,309.45,-51.93,-206.12,258.05,-311.52,-392.20,-421.43,-290.36,-176.41,-24.18
1343,-107.85,210.69,318.54,-51.40,-213.19,264.59,-317.58,-406.29,-433.55,-300.46,-183.48,-27.21
1344,-103.81,210.69,314.50,-53.42,-209.15,262.57,-319.59,-413.35,-442.59,-306.47,-189.54,-28.22
1345,-105.83,205.64,311.47,-49.91,-208.62,258.53,-323.63,-412.34,-449.65,-315.56,-198.62,-35.24
1346,-111.88,210.69,322.58,-49.38,-217.23,266.61,-328.68,-419.41,-459.75,-322.62,-203.62,-33.27
1347,-107.85,211.70,319.55,-51.93,-213.67,265.60,-327.67,-420.42,-463.79,-325.65,-205.64,-30.24
1348,-100.83,219.78,320.60,-59.48,-210.69,270.17,-332.72,-423.45,-472.83,-331.71,-208.67,-27.21
1349,-102.80,220.79,323.59,-59.00,-213.19,272.19,-341.76,-433.55,-488.98,-344.79,-218.77,-38.27
1350,-110.87,213.72,324.60,-51.40,-217.71,269.16,-340.75,-437.54,-496.05,-351.86,-226.85,-48.37
1351,-112.89,214.73,327.62,-50.92,-220.26,271.18,-342.77,-446.63,-503.12,-356.91,-227.86,-47.36
1352,-101.79,219.78,321.57,-59.00,-211.65,270.65,-348.83,-453.69,-509.13,-362.96,-231.90,-46.35
1353,-102.80,222.81,325.61,-60.01,-214.20,274.21,-351.86,-455.71,-516.20,-368.01,-232.90,-42.31
1354,-106.84,220.79,327.62,-56.98,-217.23,274.21,-351.86,-457.73,-522.26,-370.99,-232.90,-43.32
1355,-109.87,217.76,327.62,-53.95,-218.72,272.67,-353.88,-461.77,-531.34,-378.06,-238.91,-43.32
1356,-121.98,207.66,329.64,-42.84,-225.79,268.63,-365.99,-478.89,-544.42,-389.17,-245.98,-44.33
1357,-124.00,207.66,331.66,-41.83,-227.81,269.64,-372.00,-486.97,-553.51,-396.24,-255.07,-52.41
1358,-130.06,201.65,331.71,-35.77,-230.89,266.66,-365.99,-475.86,-557.55,-401.28,-259.11,-51.40
1359,-140.11,194.58,334.69,-27.21,-237.38,264.64,-365.99,-479.90,-560.58,-404.27,-260.12,-45.34
1360,-134.10,199.63,333.73,-32.74,-233.91,266.66,-365.99,-483.94,-566.64,-408.30,-264.16,-46.35
1361,-126.02,204.63,330.65,-39.28,-228.34,267.62,-364.98,-482.93,-569.66,-411.33,-268.20,-56.45
1362,-122.99,207.66,330.65,-42.31,-226.80,269.16,-372.00,-487.97,-576.68,-417.39,-275.22,-62.51
1363,-124.00,202.61,326.61,-39.28,-225.31,264.59,-370.99,-487.97,-581.73,-424.46,-280.26,-60.49
1364,-121.98,205.64,327.62,-41.83,-224.78,266.61,-365.99,-484.95,-579.71,-425.47,-280.26,-60.49
1365,-119.96,209.68,329.64,-44.86,-224.78,269.64,-363.97,-482.93,-579.71,-426.48,-281.27,-57.46
1366,-122.99,207.66,330.65,-42.31,-226.80,269.16,-364.98,-482.93,-581.73,-427.49,-282.28,-58.47
1367,-121.98,204.63,326.61,-41.30,-224.30,265.60,-363.97,-481.92,-583.75,-430.52,-283.29,-55.44
1368,-119.96,203.62,323.59,-41.83,-221.75,263.58,-362.96,-479.90,-585.77,-434.56,-289.35,-61.50
1369,-116.93,205.64,322.58,-44.33,-219.73,264.11,-360.94,-478.89,-584.76,-436.58,-293.39,-67.51
1370,-127.03,193.57,320.60,-33.27,-223.82,257.09,-356.91,-473.84,-582.74,-437.54,-292.38,-66.54
1371,-138.09,178.43,316.52,-20.15,-227.28,247.47,-355.90,-469.85,-580.72,-436.58,-292.38,-66.54
1372,-137.08,172.37,309.45,-17.65,-223.24,240.89,-351.86,-464.80,-574.67,-431.53,-287.33,-60.49
1373,-136.07,165.35,301.42,-14.62,-218.72,233.39,-348.83,-460.76,-575.67,-433.55,-294.40,-68.52
1374,-133.09,167.37,300.46,-17.12,-216.75,233.91,-342.77,-455.71,-572.65,-432.54,-295.41,-73.56
1375,-133.09,167.37,300.46,-17.12,-216.75,233.91,-336.71,-447.63,-564.62,-425.47,-289.35,-66.54
1376,-124.00,162.32,286.32,-19.14,-205.16,224.30,-339.74,-450.66,-564.62,-428.50,-296.42,-76.59
1377,-109.87,166.36,276.23,-28.22,-193.05,221.27,-341.76,-447.63,-564.62,-429.51,-300.46,-85.68
1378,-115.92,159.29,275.22,-21.68,-195.55,217.23,-329.69,-437.54,-556.54,-424.46,-295.41,-78.61
1379,-118.95,152.22,271.18,-16.64,-195.06,211.70,-319.59,-433.55,-549.47,-420.42,-296.42,-83.66
1380,-118.95,148.19,267.14,-14.62,-193.05,207.66,-318.59,-424.46,-543.41,-419.41,-298.44,-87.70
1381,-124.00,141.12,265.12,-8.56,-194.54,203.09,-317.58,-425.47,-539.37,-419.41,-297.43,-85.68
1382,-120.97,143.14,264.11,-11.06,-192.52,203.62,-312.53,-421.43,-533.36,-415.37,-294.40,-86.69
1383,-125.01,137.08,262.09,-6.01,-193.53,199.58,-302.48,-409.31,-522.26,-408.30,-288.34,-82.65
1384,-122.99,125.01,248.00,-1.01,-185.50,186.51,-296.42,-400.28,-516.20,-406.29,-287.33,-81.64
1385,-116.93,125.01,241.94,-4.04,-179.44,183.48,-290.36,-393.21,-508.12,-402.29,-286.32,-80.63
1386,-114.91,125.01,239.92,-5.05,-177.42,182.47,-285.31,-385.13,-499.08,-397.25,-286.32,-89.72
1387,-112.89,114.91,227.81,-1.01,-170.35,171.36,-283.29,-377.05,-491.00,-394.22,-287.33,-95.78
1388,-111.88,113.90,225.79,-1.01,-168.81,169.82,-272.19,-367.00,-479.90,-386.14,-280.26,-87.70
1389,-104.82,113.90,218.72,-4.52,-161.74,166.31,-261.13,-355.90,-468.84,-381.09,-277.24,-85.68
1390,-110.87,101.79,212.66,4.52,-161.74,157.23,-258.10,-347.82,-458.74,-375.03,-275.22,-85.68
1391,-115.92,96.79,212.71,9.57,-164.29,154.72,-253.05,-335.75,-443.60,-363.97,-268.20,-83.66
1392,-100.83,94.77,195.59,3.03,-148.19,145.16,-241.94,-323.63,-431.53,-353.88,-262.14,-78.61
1393,-92.75,91.74,184.49,0.48,-138.62,138.09,-234.92,-315.56,-423.45,-347.82,-263.15,-88.71
1394,-93.76,87.70,181.46,3.03,-137.61,134.58,-228.87,-308.49,-412.34,-337.72,-255.07,-82.65
1395,-100.83,80.63,181.46,10.10,-141.12,131.02,-221.80,-299.45,-398.26,-325.65,-244.97,-75.58
1396,-93.76,77.60,171.36,8.08,-132.56,124.48,-212.71,-289.35,-387.15,-319.59,-244.97,-83.66
1397,-74.57,83.66,158.23,-4.52,-116.40,120.92,-200.64,-277.24,-374.02,-308.49,-239.92,-81.64
1398,-83.66,71.54,155.21,6.06,-119.43,113.38,-191.56,-264.16,-359.94,-298.44,-233.91,-84.67
1399,-87.70,60.49,148.19,13.61,-117.94,104.34,-184.49,-254.06,-349.84,-290.36,-226.85,-77.60
1400,-85.68,55.44,141.12,15.10,-113.38,98.28,-176.41,-243.96,-337.72,-281.27,-220.79,-77.60
1401,-89.72,49.38,139.10,20.15,-114.38,94.24,-175.40,-239.92,-327.67,-273.20,-215.74,-77.60
1402,-91.74,40.29,132.03,25.72,-111.88,86.16,-170.35,-228.87,-317.58,-266.18,-211.70,-76.59
1403,-86.69,42.31,129.00,22.17,-107.85,85.63,-154.24,-205.64,-297.43,-252.04,-203.62,-70.53
1404,-73.56,52.41,125.97,10.58,-99.77,89.19,-146.17,-195.59,-283.29,-239.92,-194.58,-56.45
1405,-68.52,44.33,112.85,12.07,-90.68,78.56,-148.19,-192.56,-277.24,-234.92,-191.56,-59.48
1406,-66.54,42.31,108.86,12.12,-87.70,75.58,-142.13,-186.51,-267.19,-227.86,-190.55,-70.53
1407,-68.52,33.27,101.79,17.60,-85.15,67.51,-134.10,-181.46,-256.08,-219.78,-186.51,-76.59
1408,-60.49,38.27,98.76,11.11,-79.62,68.52,-118.95,-163.33,-235.89,-203.62,-170.35,-65.53
1409,-56.45,37.26,93.71,9.57,-75.05,65.49,-110.87,-148.19,-223.82,-196.60,-165.35,-65.53
1410,-56.45,23.18,79.62,16.64,-68.03,51.40,-107.85,-145.16,-218.77,-192.56,-165.35,-71.54
1411,-52.41,21.16,73.56,15.63,-62.99,47.36,-100.83,-133.09,-200.64,-177.42,-151.22,-61.50
1412,-58.47,13.08,71.54,22.69,-65.01,42.31,-95.78,-128.04,-188.53,-167.37,-144.15,-60.49
1413,-55.44,7.02,62.46,24.18,-58.95,34.71,-90.73,-121.98,-178.43,-159.29,-136.07,-61.50
1414,-52.41,6.01,58.42,23.18,-55.39,32.21,-84.67,-111.88,-166.36,-150.21,-127.03,-55.44
1415,-52.41,10.05,62.46,21.16,-57.41,36.25,-72.55,-99.82,-156.26,-143.14,-125.01,-62.51
1416,-48.37,5.00,53.37,21.68,-50.87,29.19,-65.53,-88.71,-146.17,-134.10,-119.96,-64.52
1417,-33.27,14.09,47.36,9.57,-40.29,30.72,-63.52,-80.63,-133.09,-122.99,-111.88,-55.44
1418,-31.25,12.07,43.32,9.57,-37.26,27.69,-57.46,-74.57,-121.98,-114.91,-105.83,-49.38
1419,-33.27,1.97,35.24,15.63,-34.23,18.61,-54.43,-71.54,-113.90,-108.86,-102.80,-52.41
1420,-32.26,11.06,43.32,10.58,-37.79,27.17,-44.33,-59.48,-99.82,-94.77,-91.74,-45.34
1421,-39.28,-1.97,37.31,20.63,-38.32,17.65,-40.29,-52.41,-91.74,-90.73,-88.71,-45.34
1422,-44.33,-8.03,36.30,26.16,-40.34,14.14,-38.27,-49.38,-87.70,-88.71,-90.73,-53.42
1423,-37.26,-0.96,36.30,19.09,-36.78,17.65,-31.25,-41.30,-73.56,-76.59,-81.64,-45.34
1424,-27.21,-1.97,25.24,14.57,-26.25,11.64,-29.23,-37.26,-66.54,-73.56,-81.64,-43.32
1425,-30.24,-3.99,26.25,17.12,-28.27,11.11,-25.19,-31.25,-58.47,-67.51,-78.61,-44.33
1426,-21.16,0.00,21.16,10.58,-21.16,10.58,-23.18,-27.21,-49.38,-61.50,-69.53,-40.29
1427,-14.09,-1.97,12.12,8.03,-13.13,5.05,-17.12,-19.14,-40.29,-54.43,-62.51,-35.24
1428,-17.12,-3.99,13.13,10.53,-15.15,4.57,-12.07,-12.07,-30.24,-45.34,-60.49,-39.28
1429,-13.08,-3.99,9.09,8.51,-11.11,2.55,-9.04,-10.05,-26.20,-43.32,-61.50,-41.30
1430,-18.13,-11.06,7.07,14.57,-12.60,-2.02,-6.01,-2.98,-19.14,-37.26,-55.44,-41.30
1431,-18.13,-1.97,16.16,10.05,-17.16,7.07,-2.98,2.98,-10.05,-27.21,-44.33,-39.28
1432,-21.16,-12.07,9.09,16.59,-15.15,-1.49,1.97,8.03,-5.00,-22.17,-42.31,-25.19
1433,-19.14,-26.20,-7.07,22.65,-6.06,-16.64,2.98,12.07,1.97,-18.13,-45.34,-25.19
1434,-14.09,-20.15,-6.06,17.12,-4.04,-13.13,7.02,17.12,11.06,-11.06,-38.27,-26.20
1435,-12.07,-19.14,-7.07,15.58,-2.50,-13.13,9.04,21.16,18.13,-8.03,-33.27,-24.18
1436,-11.06,-24.18,-13.13,17.60,1.01,-18.66,13.08,24.18,23.18,-3.99,-32.26,-30.24
1437,-15.10,-21.16,-6.06,18.13,-4.52,-13.61,19.14,31.25,29.23,2.98,-25.19,-23.18
1438,-12.07,-21.16,-9.09,16.59,-1.49,-15.15,19.14,37.26,38.27,12.07,-19.14,-21.16
1439,-9.04,-27.21,-18.17,18.13,4.57,-22.69,19.14,39.28,41.30,13.08,-18.13,-26.20
1440,-9.04,-22.17,-13.13,15.58,2.02,-17.65,20.15,39.28,48.37,21.16,-12.07,-20.15
1441,-16.11,-28.22,-12.12,22.17,-2.02,-20.19,21.16,35.24,51.40,24.18,-10.05,-24.18
1442,-17.12,-32.26,-15.15,24.67,-1.01,-23.70,23.18,42.31,52.41,25.19,-9.04,-22.17
1443,-0.96,-16.11,-15.15,8.51,7.07,-15.63,32.26,56.45,65.53,37.26,-0.96,-22.17
1444,2.98,-12.07,-15.05,4.52,8.99,-13.56,38.27,60.49,72.55,42.31,3.99,-17.12
1445,2.98,-12.07,-15.05,4.52,8.99,-13.56,36.25,58.47,77.60,48.37,9.04,-6.01
1446,9.04,-3.99,-13.03,-2.50,11.01,-8.51,36.25,61.50,77.60,48.37,5.00,-21.16
1447,12.07,-10.05,-22.12,-1.01,17.07,-16.06,41.30,68.52,82.65,53.42,11.06,-17.12
1448,10.05,-6.01,-16.06,-2.02,13.03,-11.01,46.35,73.56,91.74,60.49,21.16,-2.98
1449,5.00,-13.08,-18.08,4.04,11.54,-15.58,44.33,71.54,89.72,56.45,18.13,-10.05
1450,9.04,-27.21,-36.25,9.09,22.65,-31.73,40.29,68.52,91.74,57.46,15.10,-16.11
1451,10.05,-22.17,-32.21,6.06,21.11,-27.17,42.31,73.56,95.78,61.50,18.13,-13.08
1452,13.08,-26.20,-39.28,6.54,26.16,-32.74,47.36,78.61,100.83,64.52,21.16,-13.08
1453,12.07,-30.24,-42.31,9.09,27.17,-36.25,48.37,79.62,103.81,66.54,22.17,-10.05
1454,-1.97,-30.24,-28.27,16.11,13.13,-29.28,47.36,78.61,108.86,69.53,26.20,-3.99
1455,6.01,-24.18,-30.19,9.09,18.08,-27.17,49.38,79.62,113.90,71.54,27.21,-5.00
1456,12.07,-22.17,-34.23,5.05,23.13,-28.18,48.37,79.62,113.90,70.53,22.17,-10.05
1457,14.09,-19.14,-33.22,2.50,23.66,-26.16,51.40,83.66,117.94,75.58,25.19,-9.04
1458,16.11,-23.18,-39.28,3.51,27.69,-31.20,50.39,86.69,119.96,77.60,29.23,-7.02
1459,6.01,-34.23,-40.24,14.09,23.13,-37.21,54.43,87.70,122.99,78.61,29.23,-7.02
1460,8.03,-29.23,-37.26,10.58,22.65,-33.22,57.46,90.73,126.02,82.65,33.27,-2.98
1461,7.02,-26.20,-33.22,9.57,20.10,-29.71,55.44,89.72,126.02,83.66,33.27,-5.00
1462,3.99,-26.20,-30.19,11.11,17.07,-28.18,62.51,96.79,131.07,87.70,37.26,-1.97
1463,7.02,-20.15,-27.17,6.54,17.07,-23.66,63.52,95.78,134.10,90.73,40.29,0.96
1464,10.05,-19.14,-29.19,4.52,19.62,-24.14,65.53,97.80,136.07,91.74,44.33,6.01
1465,12.07,-21.16,-33.22,4.52,22.65,-27.17,64.52,98.81,140.11,94.77,45.34,5.00
1466,8.03,-20.15,-28.18,6.06,18.08,-24.14,61.50,91.74,139.10,94.77,42.31,-6.01
1467,9.04,-24.18,-33.22,7.55,21.11,-28.70,67.51,101.79,141.12,95.78,45.34,-1.97
1468,11.06,-25.19,-36.25,7.07,23.66,-30.72,65.53,100.83,141.12,93.76,44.33,-2.98
1469,2.98,-22.17,-25.15,9.57,14.04,-23.66,61.50,98.81,141.12,97.80,47.36,0.00
1470,12.07,-24.18,-36.25,6.06,24.14,-30.19,66.54,103.81,148.19,101.79,50.39,0.00
1471,18.13,-22.17,-40.29,2.02,29.19,-31.20,69.53,107.85,150.21,101.79,48.37,-6.01
1472,14.09,-24.18,-38.27,5.05,26.16,-31.20,67.51,106.84,151.22,106.84,54.43,2.98
1473,18.13,-28.22,-46.35,5.05,32.21,-37.26,67.51,102.80,149.20,106.84,56.45,1.97
1474,13.08,-21.16,-34.23,4.04,23.66,-27.69,72.55,106.84,153.23,107.85,59.48,-0.96
1475,7.02,-19.14,-26.16,6.06,16.59,-22.65,79.62,110.87,157.27,110.87,60.49,0.00
1476,15.10,-20.15,-35.24,2.50,25.15,-27.69,75.58,106.84,155.25,112.89,60.49,1.97
1477,26.20,-14.09,-40.29,-6.06,33.22,-27.17,70.53,103.81,158.28,113.90,62.51,3.99
1478,19.14,-26.20,-45.34,3.51,32.21,-35.77,77.60,108.86,158.28,112.89,58.47,-3.99
1479,8.03,-38.27,-46.30,15.10,27.17,-42.26,72.55,105.83,158.28,112.89,60.49,-1.97
1480,2.98,-37.26,-40.24,17.12,21.59,-38.75,70.53,104.82,158.28,112.89,59.48,-1.97
1481,8.03,-37.26,-45.29,14.62,26.64,-41.25,68.52,106.84,160.30,111.88,60.49,0.96
1482,11.06,-27.21,-38.27,8.08,24.67,-32.74,63.52,104.82,161.31,115.92,64.52,12.07
1483,23.18,-19.14,-42.31,-2.02,32.74,-30.72,72.55,111.88,160.30,114.91,60.49,3.99
1484,26.20,-21.16,-47.36,-2.50,36.78,-34.23,73.56,109.87,161.31,112.89,59.48,0.96
1485,0.00,0.00,0.00,0.00,0.00,0.00,0.00,0.00,0.00,0.00,0.00,0.00
1486,0.00,0.00,0.00,0.00,0.00,0.00,0.00,0.00,0.00,0.00,0.00,0.00
1487,0.00,0.00,0.00,0.00,0.00,0.00,0.00,0.00,0.00,0.00,0.00,0.00
1488,0.00,0.00,0.00,0.00,0.00,0.00,0.00,0.00,0.00,0.00,0.00,0.00
1489,0.00,0.00,0.00,0.00,0.00,0.00,0.00,0.00,0.00,0.00,0.00,0.00
1490,0.00,0.00,0.00,0.00,0.00,0.00,0.00,0.00,0.00,0.00,0.00,0.00
1491,0.00,0.00,0.00,0.00,0.00,0.00,0.00,0.00,0.00,0.00,0.00,0.00
1492,0.00,0.00,0.00,0.00,0.00,0.00,0.00,0.00,0.00,0.00,0.00,0.00
1493,0.00,0.00,0.00,0.00,0.00,0.00,0.00,0.00,0.00,0.00,0.00,0.00
1494,0.00,0.00,0.00,0.00,0.00,0.00,0.00,0.00,0.00,0.00,0.00,0.00
1495,0.00,0.00,0.00,0.00,0.00,0.00,0.00,0.00,0.00,0.00,0.00,0.00
1496,0.00,0.00,0.00,0.00,0.00,0.00,0.00,0.00,0.00,0.00,0.00,0.00
1497,0.00,0.00,0.00,0.00,0.00,0.00,0.00,0.00,0.00,0.00,0.00,0.00
1498,0.00,0.00,0.00,0.00,0.00,0.00,0.00,0.00,0.00,0.00,0.00,0.00
1499,0.00,0.00,0.00,0.00,0.00,0.00,0.00,0.00,0.00,0.00,0.00,0.00
1500,0.00,0.00,0.00,0.00,0.00,0.00,0.00,0.00,0.00,0.00,0.00,0.00
1501,0.00,0.00,0.00,0.00,0.00,0.00,0.00,0.00,0.00,0.00,0.00,0.00
1502,0.00,0.00,0.00,0.00,0.00,0.00,0.00,0.00,0.00,0.00,0.00,0.00
1503,0.00,0.00,0.00,0.00,0.00,0.00,0.00,0.00,0.00,0.00,0.00,0.00
1504,0.00,0.00,0.00,0.00,0.00,0.00,0.00,0.00,0.00,0.00,0.00,0.00
1505,0.00,0.00,0.00,0.00,0.00,0.00,0.00,0.00,0.00,0.00,0.00,0.00
1506,0.00,0.00,0.00,0.00,0.00,0.00,0.00,0.00,0.00,0.00,0.00,0.00
1507,0.00,0.00,0.00,0.00,0.00,0.00,0.00,0.00,0.00,0.00,0.00,0.00
1508,0.00,0.00,0.00,0.00,0.00,0.00,0.00,0.00,0.00,0.00,0.00,0.00
1509,0.00,0.00,0.00,0.00,0.00,0.00,0.00,0.00,0.00,0.00,0.00,0.00
1510,0.00,0.00,0.00,0.00,0.00,0.00,0.00,0.00,0.00,0.00,0.00,0.00
1511,0.00,0.00,0.00,0.00,0.00,0.00,0.00,0.00,0.00,0.00,0.00,0.00
1512,0.00,0.00,0.00,0.00,0.00,0.00,0.00,0.00,0.00,0.00,0.00,0.00
1513,0.00,0.00,0.00,0.00,0.00,0.00,0.00,0.00,0.00,0.00,0.00,0.00
1514,0.00,0.00,0.00,0.00,0.00,0.00,0.00,0.00,0.00,0.00,0.00,0.00
1515,0.00,0.00,0.00,0.00,0.00,0.00,0.00,0.00,0.00,0.00,0.00,0.00
1516,0.00,0.00,0.00,0.00,0.00,0.00,0.00,0.00,0.00,0.00,0.00,0.00
1517,0.00,0.00,0.00,0.00,0.00,0.00,0.00,0.00,0.00,0.00,0.00,0.00
1518,0.00,0.00,0.00,0.00,0.00,0.00,0.00,0.00,0.00,0.00,0.00,0.00
1519,0.00,0.00,0.00,0.00,0.00,0.00,0.00,0.00,0.00,0.00,0.00,0.00
1520,0.00,0.00,0.00,0.00,0.00,0.00,0.00,0.00,0.00,0.00,0.00,0.00
1521,0.00,0.00,0.00,0.00,0.00,0.00,0.00,0.00,0.00,0.00,0.00,0.00
1522,0.00,0.00,0.00,0.00,0.00,0.00,0.00,0.00,0.00,0.00,0.00,0.00
1523,0.00,0.00,0.00,0.00,0.00,0.00,0.00,0.00,0.00,0.00,0.00,0.00
1524,0.00,0.00,0.00,0.00,0.00,0.00,0.00,0.00,0.00,0.00,0.00,0.00
1525,0.00,0.00,0.00,0.00,0.00,0.00,0.00,0.00,0.00,0.00,0.00,0.00
1526,0.00,0.00,0.00,0.00,0.00,0.00,0.00,0.00,0.00,0.00,0.00,0.00
1527,0.00,0.00,0.00,0.00,0.00,0.00,0.00,0.00,0.00,0.00,0.00,0.00
1528,0.00,0.00,0.00,0.00,0.00,0.00,0.00,0.00,0.00,0.00,0.00,0.00
1529,0.00,0.00,0.00,0.00,0.00,0.00,0.00,0.00,0.00,0.00,0.00,0.00
1530,0.00,0.00,0.00,0.00,0.00,0.00,0.00,0.00,0.00,0.00,0.00,0.00
1531,0.00,0.00,0.00,0.00,0.00,0.00,0.00,0.00,0.00,0.00,0.00,0.00
1532,0.00,0.00,0.00,0.00,0.00,0.00,0.00,0.00,0.00,0.00,0.00,0.00
1533,0.00,0.00,0.00,0.00,0.00,0.00,0.00,0.00,0.00,0.00,0.00,0.00
1534,0.00,0.00,0.00,0.00,0.00,0.00,0.00,0.00,0.00,0.00,0.00,0.00
1535,0.00,0.00,0.00,0.00,0.00,0.00,0.00,0.00,0.00,0.00,0.00,0.00
1536,0.00,0.00,0.00,0.00,0.00,0.00,0.00,0.00,0.00,0.00,0.00,0.00
1537,0.00,0.00,0.00,0.00,0.00,0.00,0.00,0.00,0.00,0.00,0.00,0.00
1538,0.00,0.00,0.00,0.00,0.00,0.00,0.00,0.00,0.00,0.00,0.00,0.00
1539,0.00,0.00,0.00,0.00,0.00,0.00,0.00,0.00,0.00,0.00,0.00,0.00
1540,0.00,0.00,0.00,0.00,0.00,0.00,0.00,0.00,0.00,0.00,0.00,0.00
1541,0.00,0.00,0.00,0.00,0.00,0.00,0.00,0.00,0.00,0.00,0.00,0.00
1542,0.00,0.00,0.00,0.00,0.00,0.00,0.00,0.00,0.00,0.00,0.00,0.00
1543,0.00,0.00,0.00,0.00,0.00,0.00,0.00,0.00,0.00,0.00,0.00,0.00
1544,0.00,0.00,0.00,0.00,0.00,0.00,0.00,0.00,0.00,0.00,0.00,0.00
1545,0.00,0.00,0.00,0.00,0.00,0.00,0.00,0.00,0.00,0.00,0.00,0.00
1546,0.00,0.00,0.00,0.00,0.00,0.00,0.00,0.00,0.00,0.00,0.00,0.00
1547,0.00,0.00,0.00,0.00,0.00,0.00,0.00,0.00,0.00,0.00,0.00,0.00
1548,0.00,0.00,0.00,0.00,0.00,0.00,0.00,0.00,0.00,0.00,0.00,0.00
1549,0.00,0.00,0.00,0.00,0.00,0.00,0.00,0.00,0.00,0.00,0.00,0.00
1550,0.00,0.00,0.00,0.00,0.00,0.00,0.00,0.00,0.00,0.00,0.00,0.00
1551,0.00,0.00,0.00,0.00,0.00,0.00,0.00,0.00,0.00,0.00,0.00,0.00
1552,0.00,0.00,0.00,0.00,0.00,0.00,0.00,0.00,0.00,0.00,0.00,0.00
1553,0.00,0.00,0.00,0.00,0.00,0.00,0.00,0.00,0.00,0.00,0.00,0.00
1554,0.00,0.00,0.00,0.00,0.00,0.00,0.00,0.00,0.00,0.00,0.00,0.00
1555,0.00,0.00,0.00,0.00,0.00,0.00,0.00,0.00,0.00,0.00,0.00,0.00
1556,0.00,0.00,0.00,0.00,0.00,0.00,0.00,0.00,0.00,0.00,0.00,0.00
1557,0.00,0.00,0.00,0.00,0.00,0.00,0.00,0.00,0.00,0.00,0.00,0.00
1558,0.00,0.00,0.00,0.00,0.00,0.00,0.00,0.00,0.00,0.00,0.00,0.00
1559,0.00,0.00,0.00,0.00,0.00,0.00,0.00,0.00,0.00,0.00,0.00,0.00
1560,0.00,0.00,0.00,0.00,0.00,0.00,0.00,0.00,0.00,0.00,0.00,0.00
1561,0.00,0.00,0.00,0.00,0.00,0.00,0.00,0.00,0.00,0.00,0.00,0.00
1562,0.00,0.00,0.00,0.00,0.00,0.00,0.00,0.00,0.00,0.00,0.00,0.00
1563,0.00,0.00,0.00,0.00,0.00,0.00,0.00,0.00,0.00,0.00,0.00,0.00
1564,0.00,0.00,0.00,0.00,0.00,0.00,0.00,0.00,0.00,0.00,0.00,0.00
1565,0.00,0.00,0.00,0.00,0.00,0.00,0.00,0.00,0.00,0.00,0.00,0.00
1566,0.00,0.00,0.00,0.00,0.00,0.00,0.00,0.00,0.00,0.00,0.00,0.00
1567,0.00,0.00,0.00,0.00,0.00,0.00,0.00,0.00,0.00,0.00,0.00,0.00
1568,0.00,0.00,0.00,0.00,0.00,0.00,0.00,0.00,0.00,0.00,0.00,0.00
1569,0.00,0.00,0.00,0.00,0.00,0.00,0.00,0.00,0.00,0.00,0.00,0.00
1570,0.00,0.00,0.00,0.00,0.00,0.00,0.00,0.00,0.00,0.00,0.00,0.00
1571,0.00,0.00,0.00,0.00,0.00,0.00,0.00,0.00,0.00,0.00,0.00,0.00
1572,0.00,0.00,0.00,0.00,0.00,0.00,0.00,0.00,0.00,0.00,0.00,0.00
1573,0.00,0.00,0.00,0.00,0.00,0.00,0.00,0.00,0.00,0.00,0.00,0.00
1574,0.00,0.00,0.00,0.00,0.00,0.00,0.00,0.00,0.00,0.00,0.00,0.00
1575,0.00,0.00,0.00,0.00,0.00,0.00,0.00,0.00,0.00,0.00,0.00,0.00
1576,0.00,0.00,0.00,0.00,0.00,0.00,0.00,0.00,0.00,0.00,0.00,0.00
1577,0.00,0.00,0.00,0.00,0.00,0.00,0.00,0.00,0.00,0.00,0.00,0.00
1578,0.00,0.00,0.00,0.00,0.00,0.00,0.00,0.00,0.00,0.00,0.00,0.00
1579,0.00,0.00,0.00,0.00,0.00,0.00,0.00,0.00,0.00,0.00,0.00,0.00
1580,0.00,0.00,0.00,0.00,0.00,0.00,0.00,0.00,0.00,0.00,0.00,0.00
1581,0.00,0.00,0.00,0.00,0.00,0.00,0.00,0.00,0.00,0.00,0.00,0.00
1582,0.00,0.00,0.00,0.00,0.00,0.00,0.00,0.00,0.00,0.00,0.00,0.00
1583,0.00,0.00,0.00,0.00,0.00,0.00,0.00,0.00,0.00,0.00,0.00,0.00
1584,0.00,0.00,0.00,0.00,0.00,0.00,0.00,0.00,0.00,0.00,0.00,0.00
1585,0.00,0.00,0.00,0.00,0.00,0.00,0.00,0.00,0.00,0.00,0.00,0.00
1586,0.00,0.00,0.00,0.00,0.00,0.00,0.00,0.00,0.00,0.00,0.00,0.00
1587,0.00,0.00,0.00,0.00,0.00,0.00,0.00,0.00,0.00,0.00,0.00,0.00
1588,0.00,0.00,0.00,0.00,0.00,0.00,0.00,0.00,0.00,0.00,0.00,0.00
1589,0.00,0.00,0.00,0.00,0.00,0.00,0.00,0.00,0.00,0.00,0.00,0.00
1590,0.00,0.00,0.00,0.00,0.00,0.00,0.00,0.00,0.00,0.00,0.00,0.00
1591,0.00,0.00,0.00,0.00,0.00,0.00,0.00,0.00,0.00,0.00,0.00,0.00
1592,0.00,0.00,0.00,0.00,0.00,0.00,0.00,0.00,0.00,0.00,0.00,0.00
1593,0.00,0.00,0.00,0.00,0.00,0.00,0.00,0.00,0.00,0.00,0.00,0.00
1594,0.00,0.00,0.00,0.00,0.00,0.00,0.00,0.00,0.00,0.00,0.00,0.00
1595,0.00,0.00,0.00,0.00,0.00,0.00,0.00,0.00,0.00,0.00,0.00,0.00
1596,0.00,0.00,0.00,0.00,0.00,0.00,0.00,0.00,0.00,0.00,0.00,0.00
1597,0.00,0.00,0.00,0.00,0.00,0.00,0.00,0.00,0.00,0.00,0.00,0.00
1598,0.00,0.00,0.00,0.00,0.00,0.00,0.00,0.00,0.00,0.00,0.00,0.00
1599,0.00,0.00,0.00,0.00,0.00,0.00,0.00,0.00,0.00,0.00,0.00,0.00
1600,0.00,0.00,0.00,0.00,0.00,0.00,0.00,0.00,0.00,0.00,0.00,0.00
1601,0.00,0.00,0.00,0.00,0.00,0.00,0.00,0.00,0.00,0.00,0.00,0.00
1602,0.00,0.00,0.00,0.00,0.00,0.00,0.00,0.00,0.00,0.00,0.00,0.00
1603,0.00,0.00,0.00,0.00,0.00,0.00,0.00,0.00,0.00,0.00,0.00,0.00
1604,0.00,0.00,0.00,0.00,0.00,0.00,0.00,0.00,0.00,0.00,0.00,0.00
1605,0.00,0.00,0.00,0.00,0.00,0.00,0.00,0.00,0.00,0.00,0.00,0.00
1606,0.00,0.00,0.00,0.00,0.00,0.00,0.00,0.00,0.00,0.00,0.00,0.00
1607,0.00,0.00,0.00,0.00,0.00,0.00,0.00,0.00,0.00,0.00,0.00,0.00
1608,0.00,0.00,0.00,0.00,0.00,0.00,0.00,0.00,0.00,0.00,0.00,0.00
1609,0.00,0.00,0.00,0.00,0.00,0.00,0.00,0.00,0.00,0.00,0.00,0.00
1610,0.00,0.00,0.00,0.00,0.00,0.00,0.00,0.00,0.00,0.00,0.00,0.00
1611,0.00,0.00,0.00,0.00,0.00,0.00,0.00,0.00,0.00,0.00,0.00,0.00
1612,0.00,0.00,0.00,0.00,0.00,0.00,0.00,0.00,0.00,0.00,0.00,0.00
1613,0.00,0.00,0.00,0.00,0.00,0.00,0.00,0.00,0.00,0.00,0.00,0.00
1614,0.00,0.00,0.00,0.00,0.00,0.00,0.00,0.00,0.00,0.00,0.00,0.00
1615,0.00,0.00,0.00,0.00,0.00,0.00,0.00,0.00,0.00,0.00,0.00,0.00
1616,0.00,0.00,0.00,0.00,0.00,0.00,0.00,0.00,0.00,0.00,0.00,0.00
1617,0.00,0.00,0.00,0.00,0.00,0.00,0.00,0.00,0.00,0.00,0.00,0.00
1618,0.00,0.00,0.00,0.00,0.00,0.00,0.00,0.00,0.00,0.00,0.00,0.00
1619,0.00,0.00,0.00,0.00,0.00,0.00,0.00,0.00,0.00,0.00,0.00,0.00
1620,0.00,0.00,0.00,0.00,0.00,0.00,0.00,0.00,0.00,0.00,0.00,0.00
1621,0.00,0.00,0.00,0.00,0.00,0.00,0.00,0.00,0.00,0.00,0.00,0.00
1622,0.00,0.00,0.00,0.00,0.00,0.00,0.00,0.00,0.00,0.00,0.00,0.00
1623,0.00,0.00,0.00,0.00,0.00,0.00,0.00,0.00,0.00,0.00,0.00,0.00
1624,0.00,0.00,0.00,0.00,0.00,0.00,0.00,0.00,0.00,0.00,0.00,0.00
1625,0.00,0.00,0.00,0.00,0.00,0.00,0.00,0.00,0.00,0.00,0.00,0.00
1626,0.00,0.00,0.00,0.00,0.00,0.00,0.00,0.00,0.00,0.00,0.00,0.00
1627,0.00,0.00,0.00,0.00,0.00,0.00,0.00,0.00,0.00,0.00,0.00,0.00
1628,0.00,0.00,0.00,0.00,0.00,0.00,0.00,0.00,0.00,0.00,0.00,0.00
1629,0.00,0.00,0.00,0.00,0.00,0.00,0.00,0.00,0.00,0.00,0.00,0.00
1630,0.00,0.00,0.00,0.00,0.00,0.00,0.00,0.00,0.00,0.00,0.00,0.00
1631,0.00,0.00,0.00,0.00,0.00,0.00,0.00,0.00,0.00,0.00,0.00,0.00
1632,0.00,0.00,0.00,0.00,0.00,0.00,0.00,0.00,0.00,0.00,0.00,0.00
1633,0.00,0.00,0.00,0.00,0.00,0.00,0.00,0.00,0.00,0.00,0.00,0.00
1634,0.00,0.00,0.00,0.00,0.00,0.00,0.00,0.00,0.00,0.00,0.00,0.00
1635,0.00,0.00,0.00,0.00,0.00,0.00,0.00,0.00,0.00,0.00,0.00,0.00
1636,0.00,0.00,0.00,0.00,0.00,0.00,0.00,0.00,0.00,0.00,0.00,0.00
1637,0.00,0.00,0.00,0.00,0.00,0.00,0.00,0.00,0.00,0.00,0.00,0.00
1638,0.00,0.00,0.00,0.00,0.00,0.00,0.00,0.00,0.00,0.00,0.00,0.00
1639,0.00,0.00,0.00,0.00,0.00,0.00,0.00,0.00,0.00,0.00,0.00,0.00
1640,0.00,0.00,0.00,0.00,0.00,0.00,0.00,0.00,0.00,0.00,0.00,0.00
1641,0.00,0.00,0.00,0.00,0.00,0.00,0.00,0.00,0.00,0.00,0.00,0.00
1642,0.00,0.00,0.00,0.00,0.00,0.00,0.00,0.00,0.00,0.00,0.00,0.00
1643,0.00,0.00,0.00,0.00,0.00,0.00,0.00,0.00,0.00,0.00,0.00,0.00
1644,0.00,0.00,0.00,0.00,0.00,0.00,0.00,0.00,0.00,0.00,0.00,0.00
1645,0.00,0.00,0.00,0.00,0.00,0.00,0.00,0.00,0.00,0.00,0.00,0.00
1646,0.00,0.00,0.00,0.00,0.00,0.00,0.00,0.00,0.00,0.00,0.00,0.00
1647,0.00,0.00,0.00,0.00,0.00,0.00,0.00,0.00,0.00,0.00,0.00,0.00
1648,0.00,0.00,0.00,0.00,0.00,0.00,0.00,0.00,0.00,0.00,0.00,0.00
1649,0.00,0.00,0.00,0.00,0.00,0.00,0.00,0.00,0.00,0.00,0.00,0.00
1650,0.00,0.00,0.00,0.00,0.00,0.00,0.00,0.00,0.00,0.00,0.00,0.00
1651,0.00,0.00,0.00,0.00,0.00,0.00,0.00,0.00,0.00,0.00,0.00,0.00
1652,0.00,0.00,0.00,0.00,0.00,0.00,0.00,0.00,0.00,0.00,0.00,0.00
1653,0.00,0.00,0.00,0.00,0.00,0.00,0.00,0.00,0.00,0.00,0.00,0.00
1654,0.00,0.00,0.00,0.00,0.00,0.00,0.00,0.00,0.00,0.00,0.00,0.00
1655,0.00,0.00,0.00,0.00,0.00,0.00,0.00,0.00,0.00,0.00,0.00,0.00
1656,0.00,0.00,0.00,0.00,0.00,0.00,0.00,0.00,0.00,0.00,0.00,0.00
1657,0.00,0.00,0.00,0.00,0.00,0.00,0.00,0.00,0.00,0.00,0.00,0.00
1658,0.00,0.00,0.00,0.00,0.00,0.00,0.00,0.00,0.00,0.00,0.00,0.00
1659,0.00,0.00,0.00,0.00,0.00,0.00,0.00,0.00,0.00,0.00,0.00,0.00
1660,0.00,0.00,0.00,0.00,0.00,0.00,0.00,0.00,0.00,0.00,0.00,0.00
1661,0.00,0.00,0.00,0.00,0.00,0.00,0.00,0.00,0.00,0.00,0.00,0.00
1662,0.00,0.00,0.00,0.00,0.00,0.00,0.00,0.00,0.00,0.00,0.00,0.00
1663,0.00,0.00,0.00,0.00,0.00,0.00,0.00,0.00,0.00,0.00,0.00,0.00
1664,0.00,0.00,0.00,0.00,0.00,0.00,0.00,0.00,0.00,0.00,0.00,0.00
1665,0.00,0.00,0.00,0.00,0.00,0.00,0.00,0.00,0.00,0.00,0.00,0.00
1666,0.00,0.00,0.00,0.00,0.00,0.00,0.00,0.00,0.00,0.00,0.00,0.00
1667,0.00,0.00,0.00,0.00,0.00,0.00,0.00,0.00,0.00,0.00,0.00,0.00
1668,0.00,0.00,0.00,0.00,0.00,0.00,0.00,0.00,0.00,0.00,0.00,0.00
1669,0.00,0.00,0.00,0.00,0.00,0.00,0.00,0.00,0.00,0.00,0.00,0.00
1670,0.00,0.00,0.00,0.00,0.00,0.00,0.00,0.00,0.00,0.00,0.00,0.00
1671,0.00,0.00,0.00,0.00,0.00,0.00,0.00,0.00,0.00,0.00,0.00,0.00
1672,0.00,0.00,0.00,0.00,0.00,0.00,0.00,0.00,0.00,0.00,0.00,0.00
1673,0.00,0.00,0.00,0.00,0.00,0.00,0.00,0.00,0.00,0.00,0.00,0.00
1674,0.00,0.00,0.00,0.00,0.00,0.00,0.00,0.00,0.00,0.00,0.00,0.00
1675,0.00,0.00,0.00,0.00,0.00,0.00,0.00,0.00,0.00,0.00,0.00,0.00
1676,0.00,0.00,0.00,0.00,0.00,0.00,0.00,0.00,0.00,0.00,0.00,0.00
1677,0.00,0.00,0.00,0.00,0.00,0.00,0.00,0.00,0.00,0.00,0.00,0.00
1678,0.00,0.00,0.00,0.00,0.00,0.00,0.00,0.00,0.00,0.00,0.00,0.00
1679,0.00,0.00,0.00,0.00,0.00,0.00,0.00,0.00,0.00,0.00,0.00,0.00
1680,0.00,0.00,0.00,0.00,0.00,0.00,0.00,0.00,0.00,0.00,0.00,0.00
1681,0.00,0.00,0.00,0.00,0.00,0.00,0.00,0.00,0.00,0.00,0.00,0.00
1682,0.00,0.00,0.00,0.00,0.00,0.00,0.00,0.00,0.00,0.00,0.00,0.00
1683,0.00,0.00,0.00,0.00,0.00,0.00,0.00,0.00,0.00,0.00,0.00,0.00
1684,0.00,0.00,0.00,0.00,0.00,0.00,0.00,0.00,0.00,0.00,0.00,0.00
1685,0.00,0.00,0.00,0.00,0.00,0.00,0.00,0.00,0.00,0.00,0.00,0.00
1686,0.00,0.00,0.00,0.00,0.00,0.00,0.00,0.00,0.00,0.00,0.00,0.00
1687,0.00,0.00,0.00,0.00,0.00,0.00,0.00,0.00,0.00,0.00,0.00,0.00
1688,0.00,0.00,0.00,0.00,0.00,0.00,0.00,0.00,0.00,0.00,0.00,0.00
1689,0.00,0.00,0.00,0.00,0.00,0.00,0.00,0.00,0.00,0.00,0.00,0.00
1690,0.00,0.00,0.00,0.00,0.00,0.00,0.00,0.00,0.00,0.00,0.00,0.00
1691,0.00,0.00,0.00,0.00,0.00,0.00,0.00,0.00,0.00,0.00,0.00,0.00
1692,0.00,0.00,0.00,0.00,0.00,0.00,0.00,0.00,0.00,0.00,0.00,0.00
1693,0.00,0.00,0.00,0.00,0.00,0.00,0.00,0.00,0.00,0.00,0.00,0.00
1694,0.00,0.00,0.00,0.00,0.00,0.00,0.00,0.00,0.00,0.00,0.00,0.00
1695,0.00,0.00,0.00,0.00,0.00,0.00,0.00,0.00,0.00,0.00,0.00,0.00
1696,0.00,0.00,0.00,0.00,0.00,0.00,0.00,0.00,0.00,0.00,0.00,0.00
1697,0.00,0.00,0.00,0.00,0.00,0.00,0.00,0.00,0.00,0.00,0.00,0.00
1698,0.00,0.00,0.00,0.00,0.00,0.00,0.00,0.00,0.00,0.00,0.00,0.00
1699,0.00,0.00,0.00,0.00,0.00,0.00,0.00,0.00,0.00,0.00,0.00,0.00
1700,0.00,0.00,0.00,0.00,0.00,0.00,0.00,0.00,0.00,0.00,0.00,0.00
1701,0.00,0.00,0.00,0.00,0.00,0.00,0.00,0.00,0.00,0.00,0.00,0.00
1702,0.00,0.00,0.00,0.00,0.00,0.00,0.00,0.00,0.00,0.00,0.00,0.00
1703,0.00,0.00,0.00,0.00,0.00,0.00,0.00,0.00,0.00,0.00,0.00,0.00
1704,0.00,0.00,0.00,0.00,0.00,0.00,0.00,0.00,0.00,0.00,0.00,0.00
1705,0.00,0.00,0.00,0.00,0.00,0.00,0.00,0.00,0.00,0.00,0.00,0.00
1706,0.00,0.00,0.00,0.00,0.00,0.00,0.00,0.00,0.00,0.00,0.00,0.00
1707,0.00,0.00,0.00,0.00,0.00,0.00,0.00,0.00,0.00,0.00,0.00,0.00
1708,0.00,0.00,0.00,0.00,0.00,0.00,0.00,0.00,0.00,0.00,0.00,0.00
1709,0.00,0.00,0.00,0.00,0.00,0.00,0.00,0.00,0.00,0.00,0.00,0.00
1710,0.00,0.00,0.00,0.00,0.00,0.00,0.00,0.00,0.00,0.00,0.00,0.00
1711,0.00,0.00,0.00,0.00,0.00,0.00,0.00,0.00,0.00,0.00,0.00,0.00
1712,0.00,0.00,0.00,0.00,0.00,0.00,0.00,0.00,0.00,0.00,0.00,0.00
1713,0.00,0.00,0.00,0.00,0.00,0.00,0.00,0.00,0.00,0.00,0.00,0.00
1714,0.00,0.00,0.00,0.00,0.00,0.00,0.00,0.00,0.00,0.00,0.00,0.00
1715,0.00,0.00,0.00,0.00,0.00,0.00,0.00,0.00,0.00,0.00,0.00,0.00
1716,0.00,0.00,0.00,0.00,0.00,0.00,0.00,0.00,0.00,0.00,0.00,0.00
1717,0.00,0.00,0.00,0.00,0.00,0.00,0.00,0.00,0.00,0.00,0.00,0.00
1718,0.00,0.00,0.00,0.00,0.00,0.00,0.00,0.00,0.00,0.00,0.00,0.00
1719,0.00,0.00,0.00,0.00,0.00,0.00,0.00,0.00,0.00,0.00,0.00,0.00
1720,0.00,0.00,0.00,0.00,0.00,0.00,0.00,0.00,0.00,0.00,0.00,0.00
1721,0.00,0.00,0.00,0.00,0.00,0.00,0.00,0.00,0.00,0.00,0.00,0.00
1722,0.00,0.00,0.00,0.00,0.00,0.00,0.00,0.00,0.00,0.00,0.00,0.00
1723,0.00,0.00,0.00,0.00,0.00,0.00,0.00,0.00,0.00,0.00,0.00,0.00
1724,0.00,0.00,0.00,0.00,0.00,0.00,0.00,0.00,0.00,0.00,0.00,0.00
1725,0.00,0.00,0.00,0.00,0.00,0.00,0.00,0.00,0.00,0.00,0.00,0.00
1726,0.00,0.00,0.00,0.00,0.00,0.00,0.00,0.00,0.00,0.00,0.00,0.00
1727,0.00,0.00,0.00,0.00,0.00,0.00,0.00,0.00,0.00,0.00,0.00,0.00
1728,0.00,0.00,0.00,0.00,0.00,0.00,0.00,0.00,0.00,0.00,0.00,0.00
1729,0.00,0.00,0.00,0.00,0.00,0.00,0.00,0.00,0.00,0.00,0.00,0.00
1730,0.00,0.00,0.00,0.00,0.00,0.00,0.00,0.00,0.00,0.00,0.00,0.00
1731,0.00,0.00,0.00,0.00,0.00,0.00,0.00,0.00,0.00,0.00,0.00,0.00
1732,0.00,0.00,0.00,0.00,0.00,0.00,0.00,0.00,0.00,0.00,0.00,0.00
1733,0.00,0.00,0.00,0.00,0.00,0.00,0.00,0.00,0.00,0.00,0.00,0.00
1734,0.00,0.00,0.00,0.00,0.00,0.00,0.00,0.00,0.00,0.00,0.00,0.00
1735,0.00,0.00,0.00,0.00,0.00,0.00,0.00,0.00,0.00,0.00,0.00,0.00
1736,0.00,0.00,0.00,0.00,0.00,0.00,0.00,0.00,0.00,0.00,0.00,0.00
1737,0.00,0.00,0.00,0.00,0.00,0.00,0.00,0.00,0.00,0.00,0.00,0.00
1738,0.00,0.00,0.00,0.00,0.00,0.00,0.00,0.00,0.00,0.00,0.00,0.00
1739,0.00,0.00,0.00,0.00,0.00,0.00,0.00,0.00,0.00,0.00,0.00,0.00
1740,0.00,0.00,0.00,0.00,0.00,0.00,0.00,0.00,0.00,0.00,0.00,0.00
1741,0.00,0.00,0.00,0.00,0.00,0.00,0.00,0.00,0.00,0.00,0.00,0.00
1742,0.00,0.00,0.00,0.00,0.00,0.00,0.00,0.00,0.00,0.00,0.00,0.00
1743,0.00,0.00,0.00,0.00,0.00,0.00,0.00,0.00,0.00,0.00,0.00,0.00
1744,0.00,0.00,0.00,0.00,0.00,0.00,0.00,0.00,0.00,0.00,0.00,0.00
1745,0.00,0.00,0.00,0.00,0.00,0.00,0.00,0.00,0.00,0.00,0.00,0.00
1746,0.00,0.00,0.00,0.00,0.00,0.00,0.00,0.00,0.00,0.00,0.00,0.00
1747,0.00,0.00,0.00,0.00,0.00,0.00,0.00,0.00,0.00,0.00,0.00,0.00
1748,0.00,0.00,0.00,0.00,0.00,0.00,0.00,0.00,0.00,0.00,0.00,0.00
1749,0.00,0.00,0.00,0.00,0.00,0.00,0.00,0.00,0.00,0.00,0.00,0.00
1750,0.00,0.00,0.00,0.00,0.00,0.00,0.00,0.00,0.00,0.00,0.00,0.00
1751,0.00,0.00,0.00,0.00,0.00,0.00,0.00,0.00,0.00,0.00,0.00,0.00
1752,0.00,0.00,0.00,0.00,0.00,0.00,0.00,0.00,0.00,0.00,0.00,0.00
1753,0.00,0.00,0.00,0.00,0.00,0.00,0.00,0.00,0.00,0.00,0.00,0.00
1754,0.00,0.00,0.00,0.00,0.00,0.00,0.00,0.00,0.00,0.00,0.00,0.00
1755,0.00,0.00,0.00,0.00,0.00,0.00,0.00,0.00,0.00,0.00,0.00,0.00
1756,0.00,0.00,0.00,0.00,0.00,0.00,0.00,0.00,0.00,0.00,0.00,0.00
1757,0.00,0.00,0.00,0.00,0.00,0.00,0.00,0.00,0.00,0.00,0.00,0.00
1758,0.00,0.00,0.00,0.00,0.00,0.00,0.00,0.00,0.00,0.00,0.00,0.00
1759,0.00,0.00,0.00,0.00,0.00,0.00,0.00,0.00,0.00,0.00,0.00,0.00
1760,0.00,0.00,0.00,0.00,0.00,0.00,0.00,0.00,0.00,0.00,0.00,0.00
1761,0.00,0.00,0.00,0.00,0.00,0.00,0.00,0.00,0.00,0.00,0.00,0.00
1762,0.00,0.00,0.00,0.00,0.00,0.00,0.00,0.00,0.00,0.00,0.00,0.00
1763,0.00,0.00,0.00,0.00,0.00,0.00,0.00,0.00,0.00,0.00,0.00,0.00
1764,0.00,0.00,0.00,0.00,0.00,0.00,0.00,0.00,0.00,0.00,0.00,0.00
1765,0.00,0.00,0.00,0.00,0.00,0.00,0.00,0.00,0.00,0.00,0.00,0.00
1766,0.00,0.00,0.00,0.00,0.00,0.00,0.00,0.00,0.00,0.00,0.00,0.00
1767,0.00,0.00,0.00,0.00,0.00,0.00,0.00,0.00,0.00,0.00,0.00,0.00
1768,0.00,0.00,0.00,0.00,0.00,0.00,0.00,0.00,0.00,0.00,0.00,0.00
1769,0.00,0.00,0.00,0.00,0.00,0.00,0.00,0.00,0.00,0.00,0.00,0.00
1770,0.00,0.00,0.00,0.00,0.00,0.00,0.00,0.00,0.00,0.00,0.00,0.00
1771,0.00,0.00,0.00,0.00,0.00,0.00,0.00,0.00,0.00,0.00,0.00,0.00
1772,0.00,0.00,0.00,0.00,0.00,0.00,0.00,0.00,0.00,0.00,0.00,0.00
1773,0.00,0.00,0.00,0.00,0.00,0.00,0.00,0.00,0.00,0.00,0.00,0.00
1774,0.00,0.00,0.00,0.00,0.00,0.00,0.00,0.00,0.00,0.00,0.00,0.00
1775,0.00,0.00,0.00,0.00,0.00,0.00,0.00,0.00,0.00,0.00,0.00,0.00
1776,0.00,0.00,0.00,0.00,0.00,0.00,0.00,0.00,0.00,0.00,0.00,0.00
1777,0.00,0.00,0.00,0.00,0.00,0.00,0.00,0.00,0.00,0.00,0.00,0.00
1778,0.00,0.00,0.00,0.00,0.00,0.00,0.00,0.00,0.00,0.00,0.00,0.00
1779,0.00,0.00,0.00,0.00,0.00,0.00,0.00,0.00,0.00,0.00,0.00,0.00
1780,0.00,0.00,0.00,0.00,0.00,0.00,0.00,0.00,0.00,0.00,0.00,0.00
1781,0.00,0.00,0.00,0.00,0.00,0.00,0.00,0.00,0.00,0.00,0.00,0.00
1782,0.00,0.00,0.00,0.00,0.00,0.00,0.00,0.00,0.00,0.00,0.00,0.00
1783,0.00,0.00,0.00,0.00,0.00,0.00,0.00,0.00,0.00,0.00,0.00,0.00
1784,0.00,0.00,0.00,0.00,0.00,0.00,0.00,0.00,0.00,0.00,0.00,0.00
1785,0.00,0.00,0.00,0.00,0.00,0.00,0.00,0.00,0.00,0.00,0.00,0.00
1786,0.00,0.00,0.00,0.00,0.00,0.00,0.00,0.00,0.00,0.00,0.00,0.00
1787,0.00,0.00,0.00,0.00,0.00,0.00,0.00,0.00,0.00,0.00,0.00,0.00
1788,0.00,0.00,0.00,0.00,0.00,0.00,0.00,0.00,0.00,0.00,0.00,0.00
1789,0.00,0.00,0.00,0.00,0.00,0.00,0.00,0.00,0.00,0.00,0.00,0.00
1790,0.00,0.00,0.00,0.00,0.00,0.00,0.00,0.00,0.00,0.00,0.00,0.00
1791,0.00,0.00,0.00,0.00,0.00,0.00,0.00,0.00,0.00,0.00,0.00,0.00
1792,0.00,0.00,0.00,0.00,0.00,0.00,0.00,0.00,0.00,0.00,0.00,0.00
1793,0.00,0.00,0.00,0.00,0.00,0.00,0.00,0.00,0.00,0.00,0.00,0.00
1794,0.00,0.00,0.00,0.00,0.00,0.00,0.00,0.00,0.00,0.00,0.00,0.00
1795,0.00,0.00,0.00,0.00,0.00,0.00,0.00,0.00,0.00,0.00,0.00,0.00
1796,0.00,0.00,0.00,0.00,0.00,0.00,0.00,0.00,0.00,0.00,0.00,0.00
1797,0.00,0.00,0.00,0.00,0.00,0.00,0.00,0.00,0.00,0.00,0.00,0.00
1798,0.00,0.00,0.00,0.00,0.00,0.00,0.00,0.00,0.00,0.00,0.00,0.00
1799,0.00,0.00,0.00,0.00,0.00,0.00,0.00,0.00,0.00,0.00,0.00,0.00
1800,0.00,0.00,0.00,0.00,0.00,0.00,0.00,0.00,0.00,0.00,0.00,0.00
1801,0.00,0.00,0.00,0.00,0.00,0.00,0.00,0.00,0.00,0.00,0.00,0.00
1802,0.00,0.00,0.00,0.00,0.00,0.00,0.00,0.00,0.00,0.00,0.00,0.00
1803,0.00,0.00,0.00,0.00,0.00,0.00,0.00,0.00,0.00,0.00,0.00,0.00
1804,0.00,0.00,0.00,0.00,0.00,0.00,0.00,0.00,0.00,0.00,0.00,0.00
1805,0.00,0.00,0.00,0.00,0.00,0.00,0.00,0.00,0.00,0.00,0.00,0.00
1806,0.00,0.00,0.00,0.00,0.00,0.00,0.00,0.00,0.00,0.00,0.00,0.00
1807,0.00,0.00,0.00,0.00,0.00,0.00,0.00,0.00,0.00,0.00,0.00,0.00
1808,0.00,0.00,0.00,0.00,0.00,0.00,0.00,0.00,0.00,0.00,0.00,0.00
1809,0.00,0.00,0.00,0.00,0.00,0.00,0.00,0.00,0.00,0.00,0.00,0.00
1810,0.00,0.00,0.00,0.00,0.00,0.00,0.00,0.00,0.00,0.00,0.00,0.00
1811,0.00,0.00,0.00,0.00,0.00,0.00,0.00,0.00,0.00,0.00,0.00,0.00
1812,0.00,0.00,0.00,0.00,0.00,0.00,0.00,0.00,0.00,0.00,0.00,0.00
1813,0.00,0.00,0.00,0.00,0.00,0.00,0.00,0.00,0.00,0.00,0.00,0.00
1814,0.00,0.00,0.00,0.00,0.00,0.00,0.00,0.00,0.00,0.00,0.00,0.00
1815,0.00,0.00,0.00,0.00,0.00,0.00,0.00,0.00,0.00,0.00,0.00,0.00
1816,0.00,0.00,0.00,0.00,0.00,0.00,0.00,0.00,0.00,0.00,0.00,0.00
1817,0.00,0.00,0.00,0.00,0.00,0.00,0.00,0.00,0.00,0.00,0.00,0.00
1818,0.00,0.00,0.00,0.00,0.00,0.00,0.00,0.00,0.00,0.00,0.00,0.00
1819,0.00,0.00,0.00,0.00,0.00,0.00,0.00,0.00,0.00,0.00,0.00,0.00
1820,0.00,0.00,0.00,0.00,0.00,0.00,0.00,0.00,0.00,0.00,0.00,0.00
1821,0.00,0.00,0.00,0.00,0.00,0.00,0.00,0.00,0.00,0.00,0.00,0.00
1822,0.00,0.00,0.00,0.00,0.00,0.00,0.00,0.00,0.00,0.00,0.00,0.00
1823,0.00,0.00,0.00,0.00,0.00,0.00,0.00,0.00,0.00,0.00,0.00,0.00
1824,0.00,0.00,0.00,0.00,0.00,0.00,0.00,0.00,0.00,0.00,0.00,0.00
1825,0.00,0.00,0.00,0.00,0.00,0.00,0.00,0.00,0.00,0.00,0.00,0.00
1826,0.00,0.00,0.00,0.00,0.00,0.00,0.00,0.00,0.00,0.00,0.00,0.00
1827,0.00,0.00,0.00,0.00,0.00,0.00,0.00,0.00,0.00,0.00,0.00,0.00
1828,0.00,0.00,0.00,0.00,0.00,0.00,0.00,0.00,0.00,0.00,0.00,0.00
1829,0.00,0.00,0.00,0.00,0.00,0.00,0.00,0.00,0.00,0.00,0.00,0.00
1830,0.00,0.00,0.00,0.00,0.00,0.00,0.00,0.00,0.00,0.00,0.00,0.00
1831,0.00,0.00,0.00,0.00,0.00,0.00,0.00,0.00,0.00,0.00,0.00,0.00
1832,0.00,0.00,0.00,0.00,0.00,0.00,0.00,0.00,0.00,0.00,0.00,0.00
1833,0.00,0.00,0.00,0.00,0.00,0.00,0.00,0.00,0.00,0.00,0.00,0.00
1834,0.00,0.00,0.00,0.00,0.00,0.00,0.00,0.00,0.00,0.00,0.00,0.00
1835,0.00,0.00,0.00,0.00,0.00,0.00,0.00,0.00,0.00,0.00,0.00,0.00
1836,0.00,0.00,0.00,0.00,0.00,0.00,0.00,0.00,0.00,0.00,0.00,0.00
1837,0.00,0.00,0.00,0.00,0.00,0.00,0.00,0.00,0.00,0.00,0.00,0.00
1838,0.00,0.00,0.00,0.00,0.00,0.00,0.00,0.00,0.00,0.00,0.00,0.00
1839,0.00,0.00,0.00,0.00,0.00,0.00,0.00,0.00,0.00,0.00,0.00,0.00
1840,0.00,0.00,0.00,0.00,0.00,0.00,0.00,0.00,0.00,0.00,0.00,0.00
1841,0.00,0.00,0.00,0.00,0.00,0.00,0.00,0.00,0.00,0.00,0.00,0.00
1842,0.00,0.00,0.00,0.00,0.00,0.00,0.00,0.00,0.00,0.00,0.00,0.00
1843,0.00,0.00,0.00,0.00,0.00,0.00,0.00,0.00,0.00,0.00,0.00,0.00
1844,0.00,0.00,0.00,0.00,0.00,0.00,0.00,0.00,0.00,0.00,0.00,0.00
1845,0.00,0.00,0.00,0.00,0.00,0.00,0.00,0.00,0.00,0.00,0.00,0.00
1846,0.00,0.00,0.00,0.00,0.00,0.00,0.00,0.00,0.00,0.00,0.00,0.00
1847,0.00,0.00,0.00,0.00,0.00,0.00,0.00,0.00,0.00,0.00,0.00,0.00
1848,0.00,0.00,0.00,0.00,0.00,0.00,0.00,0.00,0.00,0.00,0.00,0.00
1849,0.00,0.00,0.00,0.00,0.00,0.00,0.00,0.00,0.00,0.00,0.00,0.00
1850,0.00,0.00,0.00,0.00,0.00,0.00,0.00,0.00,0.00,0.00,0.00,0.00
1851,0.00,0.00,0.00,0.00,0.00,0.00,0.00,0.00,0.00,0.00,0.00,0.00
1852,0.00,0.00,0.00,0.00,0.00,0.00,0.00,0.00,0.00,0.00,0.00,0.00
1853,0.00,0.00,0.00,0.00,0.00,0.00,0.00,0.00,0.00,0.00,0.00,0.00
1854,0.00,0.00,0.00,0.00,0.00,0.00,0.00,0.00,0.00,0.00,0.00,0.00
1855,0.00,0.00,0.00,0.00,0.00,0.00,0.00,0.00,0.00,0.00,0.00,0.00
1856,0.00,0.00,0.00,0.00,0.00,0.00,0.00,0.00,0.00,0.00,0.00,0.00
1857,0.00,0.00,0.00,0.00,0.00,0.00,0.00,0.00,0.00,0.00,0.00,0.00
1858,0.00,0.00,0.00,0.00,0.00,0.00,0.00,0.00,0.00,0.00,0.00,0.00
1859,0.00,0.00,0.00,0.00,0.00,0.00,0.00,0.00,0.00,0.00,0.00,0.00
1860,0.00,0.00,0.00,0.00,0.00,0.00,0.00,0.00,0.00,0.00,0.00,0.00
1861,0.00,0.00,0.00,0.00,0.00,0.00,0.00,0.00,0.00,0.00,0.00,0.00
1862,0.00,0.00,0.00,0.00,0.00,0.00,0.00,0.00,0.00,0.00,0.00,0.00
1863,0.00,0.00,0.00,0.00,0.00,0.00,0.00,0.00,0.00,0.00,0.00,0.00
1864,0.00,0.00,0.00,0.00,0.00,0.00,0.00,0.00,0.00,0.00,0.00,0.00
1865,0.00,0.00,0.00,0.00,0.00,0.00,0.00,0.00,0.00,0.00,0.00,0.00
1866,0.00,0.00,0.00,0.00,0.00,0.00,0.00,0.00,0.00,0.00,0.00,0.00
1867,0.00,0.00,0.00,0.00,0.00,0.00,0.00,0.00,0.00,0.00,0.00,0.00
1868,0.00,0.00,0.00,0.00,0.00,0.00,0.00,0.00,0.00,0.00,0.00,0.00
1869,0.00,0.00,0.00,0.00,0.00,0.00,0.00,0.00,0.00,0.00,0.00,0.00
1870,0.00,0.00,0.00,0.00,0.00,0.00,0.00,0.00,0.00,0.00,0.00,0.00
1871,0.00,0.00,0.00,0.00,0.00,0.00,0.00,0.00,0.00,0.00,0.00,0.00
1872,0.00,0.00,0.00,0.00,0.00,0.00,0.00,0.00,0.00,0.00,0.00,0.00
1873,0.00,0.00,0.00,0.00,0.00,0.00,0.00,0.00,0.00,0.00,0.00,0.00
1874,0.00,0.00,0.00,0.00,0.00,0.00,0.00,0.00,0.00,0.00,0.00,0.00
1875,0.00,0.00,0.00,0.00,0.00,0.00,0.00,0.00,0.00,0.00,0.00,0.00
1876,0.00,0.00,0.00,0.00,0.00,0.00,0.00,0.00,0.00,0.00,0.00,0.00
1877,0.00,0.00,0.00,0.00,0.00,0.00,0.00,0.00,0.00,0.00,0.00,0.00
1878,0.00,0.00,0.00,0.00,0.00,0.00,0.00,0.00,0.00,0.00,0.00,0.00
1879,0.00,0.00,0.00,0.00,0.00,0.00,0.00,0.00,0.00,0.00,0.00,0.00
1880,0.00,0.00,0.00,0.00,0.00,0.00,0.00,0.00,0.00,0.00,0.00,0.00
1881,0.00,0.00,0.00,0.00,0.00,0.00,0.00,0.00,0.00,0.00,0.00,0.00
1882,0.00,0.00,0.00,0.00,0.00,0.00,0.00,0.00,0.00,0.00,0.00,0.00
1883,0.00,0.00,0.00,0.00,0.00,0.00,0.00,0.00,0.00,0.00,0.00,0.00
1884,0.00,0.00,0.00,0.00,0.00,0.00,0.00,0.00,0.00,0.00,0.00,0.00
1885,0.00,0.00,0.00,0.00,0.00,0.00,0.00,0.00,0.00,0.00,0.00,0.00
1886,0.00,0.00,0.00,0.00,0.00,0.00,0.00,0.00,0.00,0.00,0.00,0.00
1887,0.00,0.00,0.00,0.00,0.00,0.00,0.00,0.00,0.00,0.00,0.00,0.00
1888,0.00,0.00,0.00,0.00,0.00,0.00,0.00,0.00,0.00,0.00,0.00,0.00
1889,0.00,0.00,0.00,0.00,0.00,0.00,0.00,0.00,0.00,0.00,0.00,0.00
1890,0.00,0.00,0.00,0.00,0.00,0.00,0.00,0.00,0.00,0.00,0.00,0.00
1891,0.00,0.00,0.00,0.00,0.00,0.00,0.00,0.00,0.00,0.00,0.00,0.00
1892,0.00,0.00,0.00,0.00,0.00,0.00,0.00,0.00,0.00,0.00,0.00,0.00
1893,0.00,0.00,0.00,0.00,0.00,0.00,0.00,0.00,0.00,0.00,0.00,0.00
1894,0.00,0.00,0.00,0.00,0.00,0.00,0.00,0.00,0.00,0.00,0.00,0.00
1895,45.34,-37.26,-82.60,-4.04,63.95,-59.91,58.47,99.82,177.42,139.10,92.75,15.10
1896,43.32,-30.24,-73.56,-6.54,58.42,-51.88,57.46,96.79,178.43,142.13,94.77,18.13
1897,45.34,-26.20,-71.54,-9.57,58.42,-48.85,59.48,101.79,181.46,144.15,95.78,19.14
1898,50.39,-25.19,-75.58,-12.60,62.99,-50.39,65.53,104.82,181.46,146.17,98.81,20.15
1899,45.34,-21.16,-66.50,-12.07,55.92,-43.80,67.51,106.84,184.49,149.20,102.80,26.20
1900,39.28,-25.19,-64.48,-7.02,51.88,-44.81,72.55,107.85,186.51,151.22,102.80,27.21
1901,41.30,-26.20,-67.51,-7.55,54.38,-46.83,58.47,97.80,178.43,144.15,96.79,18.13
1902,51.40,-24.18,-75.58,-13.61,63.47,-49.86,54.43,96.79,175.40,139.10,93.76,20.15
1903,58.47,-18.13,-76.59,-20.15,67.51,-47.36,70.53,106.84,178.43,143.14,96.79,22.17
1904,37.26,-31.25,-68.52,-2.98,52.89,-49.86,65.53,105.83,177.42,144.15,95.78,18.13
1905,24.18,-39.28,-63.47,7.55,43.80,-51.35,65.53,103.81,174.39,141.12,91.74,14.09
1906,32.26,-29.23,-61.50,-1.49,46.88,-45.34,61.50,100.83,170.35,139.10,88.71,11.06
1907,28.22,-34.23,-62.46,2.98,45.34,-48.32,61.50,97.80,170.35,139.10,88.71,15.10
1908,36.25,-25.19,-61.45,-5.53,48.85,-43.32,64.52,99.82,174.39,141.12,93.76,17.12
1909,40.29,-22.17,-62.46,-9.04,51.35,-42.31,58.47,100.83,177.42,143.14,96.79,19.14
1910,36.25,-23.18,-59.43,-6.54,47.84,-41.30,62.51,98.81,176.41,144.15,95.78,20.15
1911,39.28,-31.25,-70.53,-3.99,54.91,-50.87,64.52,99.82,170.35,141.12,90.73,13.08
1912,39.28,-40.29,-79.57,0.48,59.43,-59.91,62.51,101.79,170.35,140.11,90.73,12.07
1913,48.37,-28.22,-76.59,-10.05,62.46,-52.41,63.52,102.80,174.39,143.14,94.77,15.10
1914,55.44,-23.18,-78.61,-16.11,67.03,-50.87,64.52,106.84,175.40,144.15,95.78,16.11
1915,62.51,-15.10,-77.60,-23.70,70.05,-46.35,66.54,106.84,179.44,148.19,97.80,24.18
1916,58.47,-18.13,-76.59,-20.15,67.51,-47.36,66.54,106.84,181.46,149.20,97.80,21.16
1917,38.27,-32.26,-70.53,-2.98,54.38,-51.40,61.50,101.79,170.35,140.11,88.71,5.00
1918,33.27,-42.31,-75.58,4.52,54.43,-58.95,61.50,98.81,168.33,139.10,88.71,9.04
1919,41.30,-39.28,-80.58,-1.01,60.92,-59.91,62.51,102.80,172.37,141.12,92.75,21.16
1920,45.34,-31.25,-76.59,-7.02,60.97,-53.90,61.50,104.82,173.38,143.14,93.76,20.15
1921,49.38,-25.19,-74.57,-12.07,61.98,-49.86,61.50,106.84,174.39,145.16,93.76,18.13
1922,42.31,-31.25,-73.56,-5.53,57.94,-52.41,60.49,104.82,171.36,141.12,88.71,8.03
1923,43.32,-30.24,-73.56,-6.54,58.42,-51.88,60.49,105.83,171.36,142.13,89.72,14.09
1924,59.48,-17.12,-76.59,-21.16,68.03,-46.83,63.52,107.85,174.39,143.14,92.75,18.13
1925,44.33,-30.24,-74.57,-7.02,59.43,-52.41,59.48,102.80,170.35,138.09,89.72,16.11
1926,37.26,-35.24,-72.51,-1.01,54.86,-53.85,54.43,96.79,166.36,139.10,91.74,25.19
1927,38.27,-32.26,-70.53,-2.98,54.38,-51.40,56.45,99.82,168.33,137.08,88.71,13.08
1928,42.31,-21.16,-63.47,-10.58,52.89,-42.31,60.49,103.81,172.37,141.12,93.76,17.12
1929,45.34,-25.19,-70.53,-10.05,57.94,-47.84,57.46,97.80,170.35,138.09,92.75,18.13
1930,31.25,-41.30,-72.55,5.00,51.88,-56.93,57.46,100.83,167.37,133.09,85.68,10.05
1931,37.26,-32.26,-69.53,-2.50,53.37,-50.87,58.47,106.84,172.37,139.10,94.77,23.18
1932,33.27,-46.35,-79.62,6.54,56.45,-62.99,53.42,98.81,167.37,131.07,85.68,9.04
1933,33.27,-45.34,-78.61,6.01,55.92,-61.98,54.43,98.81,166.36,132.08,83.66,10.05
1934,47.36,-22.17,-69.53,-12.60,58.42,-45.82,57.46,103.81,174.39,142.13,96.79,27.21
1935,45.34,-25.19,-70.53,-10.05,57.94,-47.84,60.49,102.80,173.38,139.10,93.76,17.12
1936,38.27,-34.23,-72.51,-2.02,55.39,-53.37,62.51,103.81,170.35,135.06,87.70,5.00
1937,35.24,-32.26,-67.51,-1.49,51.35,-49.86,63.52,105.83,170.35,135.06,88.71,9.04
1938,35.24,-39.28,-74.53,2.02,54.86,-56.88,60.49,104.82,170.35,136.07,88.71,13.08
1939,32.26,-41.30,-73.56,4.52,52.89,-57.41,61.50,103.81,169.34,135.06,86.69,12.07
1940,27.21,-39.28,-66.50,6.01,46.83,-52.89,62.51,103.81,168.33,135.06,87.70,17.12
1941,31.25,-37.26,-68.52,2.98,49.86,-52.89,59.48,103.81,166.36,134.10,87.70,14.09
1942,41.30,-26.20,-67.51,-7.55,54.38,-46.83,62.51,105.83,168.33,138.09,90.73,15.10
1943,44.33,-21.16,-65.49,-11.59,54.91,-43.32,61.50,105.83,170.35,136.07,89.72,17.12
1944,42.31,-23.18,-65.49,-9.57,53.90,-44.33,62.51,105.83,170.35,135.06,88.71,13.08
1945,40.29,-28.22,-68.52,-6.01,54.38,-48.37,64.52,107.85,173.38,137.08,89.72,10.05
1946,36.25,-27.21,-63.47,-4.52,49.86,-45.34,64.52,107.85,173.38,139.10,93.76,14.09
1947,36.25,-25.19,-61.45,-5.53,48.85,-43.32,69.53,109.87,174.39,141.12,95.78,14.09
1948,45.34,-20.15,-65.49,-12.60,55.39,-42.79,69.53,107.85,174.39,138.09,90.73,9.04
1949,48.37,-11.06,-59.43,-18.66,53.90,-35.24,60.49,104.82,173.38,143.14,93.76,18.13
1950,50.39,0.96,-49.43,-25.68,49.91,-24.23,59.48,104.82,181.46,150.21,102.80,27.21
1951,49.38,5.00,-44.38,-27.17,46.88,-19.67,59.48,102.80,188.53,155.25,106.84,24.18
1952,50.39,2.98,-47.41,-26.69,48.90,-22.21,54.43,101.79,187.52,156.26,103.81,17.12
1953,50.39,10.05,-40.34,-30.19,45.39,-15.15,60.49,104.82,195.59,163.33,112.89,26.20
1954,50.39,7.02,-43.37,-28.70,46.88,-18.17,56.45,99.82,194.58,164.34,114.91,29.23
1955,52.41,6.01,-46.40,-29.19,49.43,-20.19,54.43,97.80,191.56,161.31,109.87,27.21
1956,44.33,11.06,-33.27,-27.69,38.80,-11.11,57.46,103.81,199.63,169.34,114.91,34.23
1957,51.40,24.18,-27.21,-37.79,39.33,-1.49,53.42,97.80,199.63,170.35,115.92,36.25
1958,56.45,29.23,-27.21,-42.84,41.83,1.01,55.44,95.78,201.65,173.38,119.96,40.29
1959,50.39,26.20,-24.18,-38.27,37.31,1.01,56.45,94.77,202.61,174.39,119.96,38.27
1960,49.38,34.23,-15.15,-41.78,32.26,9.57,57.46,95.78,205.64,179.44,125.01,42.31
1961,55.44,41.30,-14.14,-48.37,34.81,13.61,54.43,96.79,211.70,186.51,132.08,52.41
1962,59.48,43.32,-16.16,-51.40,37.84,13.61,49.38,93.76,208.67,182.47,126.02,43.32
1963,58.47,49.38,-9.09,-53.90,33.80,20.15,45.34,92.75,209.68,184.49,130.06,44.33
1964,64.52,58.47,-6.06,-61.50,35.29,26.20,49.38,94.77,213.72,190.55,137.08,50.39
1965,62.51,54.43,-8.08,-58.47,35.29,23.18,49.38,97.80,213.72,187.52,135.06,46.35
1966,58.47,48.37,-10.10,-53.42,34.28,19.14,49.38,100.83,217.76,192.56,138.09,52.41
1967,69.53,59.48,-10.05,-64.48,39.81,24.71,56.45,105.83,226.85,200.64,146.17,59.48
1968,88.71,71.54,-17.16,-80.10,52.94,27.21,52.41,101.79,223.82,195.59,142.13,54.43
1969,68.52,45.34,-23.18,-56.93,45.87,11.11,47.36,99.82,219.78,189.54,138.09,49.38
1970,60.49,44.33,-16.16,-52.41,38.32,14.09,41.30,95.78,218.77,192.56,141.12,54.43
1971,77.60,57.46,-20.15,-67.51,48.90,18.66,42.31,93.76,219.78,191.56,136.07,49.38
1972,77.60,54.43,-23.18,-66.02,50.39,15.63,45.34,100.83,223.82,193.57,137.08,51.40
1973,77.60,55.44,-22.17,-66.50,49.91,16.64,32.26,94.77,219.78,195.59,142.13,58.47
1974,71.54,49.38,-22.17,-60.44,46.88,13.61,25.19,87.70,219.78,194.58,142.13,55.44
1975,73.56,57.46,-16.11,-65.49,44.86,20.67,25.19,88.71,226.85,200.64,148.19,59.48
1976,77.60,61.50,-16.11,-69.53,46.88,22.69,23.18,86.69,227.86,202.61,148.19,61.50
1977,72.55,67.51,-5.05,-70.01,38.80,31.25,18.13,83.66,229.88,204.63,151.22,64.52
1978,75.58,73.56,-2.02,-74.57,38.80,35.77,13.08,79.62,230.89,210.69,159.29,72.55
1979,84.67,86.69,2.02,-85.68,41.35,44.38,3.99,74.57,229.88,211.70,162.32,78.61
1980,85.68,104.82,19.14,-95.25,33.27,61.98,-7.02,61.50,228.87,212.71,167.37,82.65
1981,83.66,105.83,22.17,-94.72,30.77,64.00,-17.12,52.41,222.81,208.67,167.37,83.66
1982,91.74,112.89,21.16,-102.32,35.29,67.03,-27.21,43.32,217.76,205.64,165.35,84.67
1983,93.76,110.87,17.12,-102.32,38.32,64.00,-32.26,35.24,212.71,202.61,162.32,82.65
1984,85.68,108.86,23.18,-97.27,31.25,66.02,-40.29,30.24,208.67,203.62,166.36,90.73
1985,94.77,122.99,28.22,-108.86,33.27,75.63,-49.38,23.18,203.62,200.64,166.36,91.74
1986,96.79,114.91,18.13,-105.83,39.33,66.54,-55.44,18.13,194.58,190.55,160.30,88.71
1987,100.83,117.94,17.12,-109.38,41.88,67.55,-60.49,13.08,191.56,187.52,162.32,90.73
1988,117.94,143.14,25.19,-130.54,46.40,84.19,-66.54,7.02,190.55,187.52,161.31,91.74
1989,131.07,148.19,17.12,-139.63,56.98,82.65,-61.50,13.08,192.56,187.52,161.31,87.70
1990,133.09,134.10,1.01,-133.57,66.06,67.55,-58.47,16.11,187.52,180.45,159.29,85.68
1991,138.09,133.09,-5.00,-135.59,71.54,64.04,-52.41,21.16,186.51,179.44,161.31,91.74
1992,147.18,121.98,-25.19,-134.58,86.21,48.42,-46.35,30.24,187.52,175.40,155.25,82.65
1993,146.17,102.80,-43.37,-124.48,94.77,29.71,-47.36,33.27,182.47,167.37,148.19,78.61
1994,147.18,104.82,-42.36,-125.97,94.77,31.25,-44.33,34.23,181.46,167.37,149.20,85.68
1995,155.25,103.81,-51.45,-129.53,103.37,26.20,-44.33,37.26,179.44,165.35,146.17,83.66
1996,167.37,111.88,-55.49,-139.63,111.45,28.22,-39.28,41.30,179.44,164.34,146.17,83.66
1997,171.36,110.87,-60.49,-141.12,115.92,25.19,-39.28,44.33,181.46,162.32,145.16,83.66
1998,176.41,100.83,-75.58,-138.62,126.02,12.65,-33.27,51.40,187.52,166.36,149.20,93.76
1999,175.40,97.80,-77.60,-136.60,126.50,10.10,-23.18,59.48,194.58,171.36,156.26,103.81
2000,176.41,83.66,-92.75,-130.01,134.58,-4.52,-21.16,65.53,198.62,170.35,153.23,95.78
2001,169.34,63.52,-105.83,-116.40,137.61,-21.16,-15.10,67.51,191.56,165.35,147.18,86.69
2002,158.28,61.50,-96.79,-109.87,127.56,-17.65,-12.07,67.51,191.56,158.28,144.15,88.71
2003,162.32,68.52,-93.81,-115.39,128.09,-12.65,-2.98,76.59,200.64,165.35,153.23,104.82
2004,153.23,59.48,-93.76,-106.36,123.52,-17.12,0.96,78.61,199.63,165.35,151.22,93.76
2005,147.18,53.42,-93.76,-100.30,120.49,-20.15,-6.01,75.58,192.56,156.26,136.07,73.56
2006,142.13,49.38,-92.75,-95.73,117.46,-21.68,2.98,78.61,194.58,159.29,137.08,80.63
2007,130.06,42.31,-87.75,-86.16,108.90,-22.69,3.99,74.57,188.53,155.25,137.08,79.62
2008,132.08,47.36,-84.72,-89.72,108.42,-18.66,-6.01,61.50,174.39,144.15,127.03,71.54
2009,145.16,61.50,-83.66,-103.33,114.43,-11.06,-7.02,56.45,172.37,143.14,126.02,74.57
2010,143.14,57.46,-85.68,-100.30,114.43,-14.09,-10.05,55.44,168.33,139.10,125.01,73.56
2011,143.14,60.49,-82.65,-101.79,112.89,-11.06,-5.00,58.47,170.35,140.11,126.02,75.58
2012,140.11,64.52,-75.58,-102.32,107.85,-5.53,0.96,59.48,171.36,141.12,126.02,70.53
2013,115.92,41.30,-74.62,-78.61,95.30,-16.64,0.00,55.44,167.37,135.06,120.97,62.51
2014,105.83,28.22,-77.60,-67.03,91.74,-24.67,1.97,56.45,164.34,132.08,116.93,60.49
2015,90.73,19.14,-71.59,-54.91,81.16,-26.20,8.03,60.49,169.34,134.10,114.91,55.44
2016,78.61,9.04,-69.57,-43.80,74.09,-30.24,13.08,65.53,172.37,136.07,112.89,54.43
2017,78.61,9.04,-69.57,-43.80,74.09,-30.24,25.19,74.57,175.40,137.08,109.87,47.36
2018,60.49,2.98,-57.50,-31.73,59.00,-27.26,34.23,78.61,184.49,145.16,117.94,58.47
2019,46.35,-3.99,-50.34,-21.16,48.32,-27.17,37.26,80.63,186.51,146.17,117.94,60.49
2020,40.29,-13.08,-53.37,-13.61,46.83,-33.22,46.35,86.69,182.47,142.13,107.85,36.25
2021,36.25,-18.13,-54.38,-9.04,45.29,-36.25,48.37,86.69,181.46,139.10,103.81,29.23
2022,29.23,-25.19,-54.43,-2.02,41.83,-39.81,50.39,89.72,181.46,137.08,100.83,32.26
2023,28.22,-30.24,-58.47,1.01,43.32,-44.33,54.43,90.73,178.43,135.06,97.80,24.18
2024,28.22,-30.24,-58.47,1.01,43.32,-44.33,62.51,94.77,179.44,136.07,97.80,24.18
2025,25.19,-33.27,-58.47,4.04,41.83,-45.87,67.51,97.80,178.43,134.10,95.78,27.21
2026,24.18,-49.38,-73.56,12.60,48.85,-61.45,66.54,97.80,173.38,128.04,87.70,7.02
2027,21.16,-63.52,-84.67,21.16,52.89,-74.09,72.55,107.85,173.38,124.00,80.63,0.96
2028,22.17,-58.47,-80.63,18.13,51.40,-69.53,73.56,106.84,166.36,116.93,73.56,-0.96
2029,20.15,-62.51,-82.65,21.16,51.40,-72.55,72.55,101.79,161.31,111.88,68.52,-7.02
2030,16.11,-65.53,-81.64,24.71,48.85,-73.56,73.56,104.82,159.29,111.88,66.54,-8.03
2031,12.07,-65.53,-77.60,26.73,44.81,-71.54,73.56,103.81,159.29,112.89,67.51,-10.05
2032,14.09,-72.55,-86.64,29.23,50.34,-79.57,71.54,102.80,157.27,106.84,62.51,-11.06
2033,9.04,-78.61,-87.65,34.76,48.32,-83.13,68.52,96.79,153.23,102.80,57.46,-14.09
2034,16.11,-73.56,-89.67,28.70,52.89,-81.59,69.53,99.82,154.24,101.79,55.44,-13.08
2035,25.19,-77.60,-102.80,26.20,64.00,-90.20,64.52,96.79,146.17,96.79,49.38,-16.11
2036,8.03,-91.74,-99.77,41.83,53.90,-95.73,59.48,87.70,139.10,92.75,45.34,-20.15
2037,12.07,-75.58,-87.65,31.73,49.86,-81.59,70.53,100.83,148.19,98.81,52.41,-22.17
2038,12.07,-72.55,-84.62,30.24,48.32,-78.56,76.59,104.82,154.24,103.81,56.45,-18.13
2039,8.03,-85.68,-93.71,38.80,50.87,-89.67,69.53,97.80,148.19,96.79,48.37,-13.08
2040,7.02,-87.70,-94.72,40.34,50.87,-91.21,71.54,99.82,146.17,95.78,46.35,-13.08
2041,0.00,-88.71,-88.71,44.33,44.33,-88.71,72.55,98.81,142.13,91.74,43.32,-20.15
2042,5.00,-80.63,-85.63,37.79,45.29,-83.13,69.53,94.77,142.13,91.74,43.32,-19.14
2043,0.96,-81.64,-82.60,40.34,41.78,-82.12,69.53,92.75,143.14,91.74,44.33,-16.11
2044,3.99,-87.70,-91.69,41.83,47.84,-89.67,66.54,91.74,139.10,89.72,43.32,-19.14
2045,14.09,-72.55,-86.64,29.23,50.34,-79.57,74.57,98.81,145.16,94.77,46.35,-14.09
2046,15.10,-75.58,-90.68,30.24,52.89,-83.13,76.59,102.80,146.17,94.77,44.33,-22.17
2047,1.97,-85.68,-87.65,41.83,44.81,-86.64,70.53,94.77,141.12,95.78,49.38,-9.04
2048,3.99,-75.58,-79.57,35.77,41.78,-77.55,77.60,95.78,145.16,97.80,52.41,-5.00
2049,3.99,-83.66,-87.65,39.81,45.82,-85.63,72.55,95.78,144.15,92.75,45.34,-19.14
2050,8.03,-81.64,-89.67,36.78,48.85,-85.63,59.48,90.73,139.10,89.72,44.33,-18.13
2051,20.15,-77.60,-97.75,28.70,58.95,-87.65,63.52,94.77,140.11,91.74,44.33,-26.20
2052,11.06,-77.60,-88.66,33.27,49.86,-83.13,68.52,97.80,143.14,92.75,46.35,-25.19
2053,14.09,-74.57,-88.66,30.24,51.35,-81.59,71.54,98.81,143.14,96.79,51.40,-20.15
2054,15.10,-77.60,-92.70,31.25,53.90,-85.15,71.54,97.80,142.13,97.80,51.40,-20.15
2055,12.07,-78.61,-90.68,33.27,51.35,-84.62,70.53,96.79,144.15,98.81,52.41,-17.12
2056,12.07,-79.62,-91.69,33.75,51.88,-85.63,70.53,95.78,144.15,98.81,53.42,-10.05
2057,13.08,-78.61,-91.69,32.74,52.36,-85.15,69.53,94.77,141.12,95.78,47.36,-18.13
2058,6.01,-90.73,-96.74,42.36,51.35,-93.71,70.53,95.78,139.10,95.78,44.33,-28.22
2059,-0.96,-92.75,-91.79,46.83,45.39,-92.27,70.53,93.76,140.11,96.79,46.35,-24.18
2060,8.03,-81.64,-89.67,36.78,48.85,-85.63,72.55,96.79,141.12,97.80,47.36,-24.18
2061,14.09,-76.59,-90.68,31.25,52.36,-83.61,71.54,96.79,142.13,96.79,50.39,-19.14
2062,20.15,-68.52,-88.66,24.18,54.38,-78.56,70.53,93.76,143.14,99.82,50.39,-18.13
2063,33.27,-60.49,-93.76,13.61,63.52,-77.12,71.54,98.81,144.15,99.82,50.39,-21.16
2064,41.30,-54.43,-95.73,6.54,68.52,-75.05,73.56,100.83,146.17,101.79,54.43,-18.13
2065,25.19,-55.44,-80.63,15.10,52.89,-68.03,77.60,100.83,146.17,102.80,54.43,-21.16
2066,-2.98,-74.57,-71.59,38.75,34.28,-73.08,69.53,92.75,141.12,97.80,52.41,-14.09
2067,-8.03,-87.70,-79.67,47.84,35.82,-83.71,65.53,88.71,139.10,97.80,53.42,-14.09
2068,7.02,-69.53,-76.55,31.25,41.78,-73.04,68.52,90.73,141.12,97.80,53.42,-22.17
2069,19.14,-61.50,-80.63,21.16,49.86,-71.06,67.51,89.72,139.10,94.77,48.37,-26.20
2070,16.11,-64.52,-80.63,24.18,48.37,-72.55,68.52,91.74,142.13,99.82,50.39,-25.19
2071,15.10,-59.48,-74.57,22.17,44.81,-67.03,73.56,96.79,153.23,108.86,57.46,-16.11
2072,12.07,-65.53,-77.60,26.73,44.81,-71.54,78.61,103.81,159.29,111.88,57.46,-20.15
2073,-2.98,-82.65,-79.67,42.79,38.32,-81.16,87.70,110.87,164.34,112.89,52.41,-25.19
2074,-10.05,-84.67,-74.62,47.36,32.26,-79.67,100.83,124.00,175.40,118.95,51.40,-28.22
2075,-15.10,-82.65,-67.55,48.85,26.20,-75.10,112.89,137.08,185.50,124.00,47.36,-39.28
2076,-17.12,-82.65,-65.53,49.86,24.18,-74.09,130.06,155.25,207.66,136.07,48.37,-49.38
2077,-27.21,-92.75,-65.53,59.96,19.14,-79.14,140.11,168.33,218.77,141.12,51.40,-55.44
2078,-24.18,-91.74,-67.55,57.94,21.68,-79.67,152.22,179.44,220.79,141.12,47.36,-56.45
2079,-7.02,-78.61,-71.59,42.79,32.26,-75.10,160.30,189.54,221.80,142.13,44.33,-63.52
2080,0.00,-73.56,-73.56,36.78,36.78,-73.56,145.16,174.39,207.66,141.12,48.37,-56.45
2081,-0.96,-47.36,-46.40,24.14,22.69,-46.88,134.10,159.29,202.61,150.21,69.53,-34.23
2082,-5.00,-35.24,-30.24,20.10,12.60,-32.74,121.98,141.12,194.58,159.29,91.74,-23.18
2083,8.03,-14.09,-22.12,3.03,15.05,-18.08,95.78,111.88,187.52,176.41,119.96,-0.96
2084,14.09,1.97,-12.12,-8.03,13.13,-5.05,64.52,79.62,178.43,190.55,151.22,29.23
2085,15.10,8.03,-7.07,-11.54,11.11,0.48,35.24,46.35,160.30,196.60,176.41,52.41
2086,15.10,34.23,19.14,-24.67,-2.02,26.69,-0.96,0.00,132.08,200.64,202.61,80.63
2087,22.17,50.39,28.22,-36.25,-3.03,39.33,-34.23,-44.33,109.87,206.65,228.87,107.85
2088,31.25,72.55,41.30,-51.88,-5.00,56.93,-65.53,-87.70,84.67,206.65,249.01,131.07
2089,16.11,80.63,64.52,-48.37,-24.18,72.60,-100.83,-136.07,54.43,204.63,271.18,158.28
2090,19.14,86.69,67.55,-52.89,-24.18,77.12,-125.01,-166.36,50.39,220.79,304.45,192.56
2091,32.26,99.82,67.55,-66.02,-17.65,83.71,-143.14,-185.50,50.39,239.92,339.74,223.82
2092,39.28,100.83,61.54,-70.05,-11.11,81.21,-167.37,-213.72,18.13,231.90,359.94,252.04
2093,57.46,99.82,42.36,-78.61,7.55,71.11,-190.55,-239.92,-27.21,198.62,355.90,272.19
2094,74.57,95.78,21.20,-85.15,26.69,58.51,-201.65,-249.01,-55.44,174.39,349.84,285.31
2095,90.73,85.68,-5.05,-88.18,47.89,40.34,-210.69,-257.09,-87.70,144.15,338.73,302.48
2096,112.89,78.61,-34.28,-95.73,73.61,22.17,-215.74,-259.11,-116.93,112.89,318.59,310.51
2097,129.05,82.65,-46.40,-105.83,87.75,18.13,-218.77,-258.10,-145.16,78.61,290.36,311.52
2098,146.17,75.58,-70.58,-110.87,108.37,2.50,-226.85,-256.08,-170.35,45.34,269.16,326.66
2099,173.38,77.60,-95.78,-125.49,134.58,-9.09,-236.90,-253.05,-187.52,19.14,248.00,332.72
2100,190.55,85.68,-104.86,-138.09,147.71,-9.57,-228.87,-234.92,-191.56,-5.00,215.74,321.61
2101,194.58,84.67,-109.91,-139.63,152.27,-12.60,-224.83,-227.86,-207.66,-35.24,169.34,297.43
2102,179.44,79.62,-99.82,-129.53,139.63,-10.10,-228.87,-232.90,-252.04,-95.78,90.73,261.13
2103,171.36,105.83,-65.53,-138.57,118.47,20.15,-243.96,-255.07,-298.44,-142.13,42.31,254.06
2104,197.61,160.30,-37.31,-178.96,117.46,61.50,-295.41,-310.51,-369.02,-182.47,23.18,274.21
2105,208.67,194.58,-14.09,-201.60,111.40,90.25,-328.68,-348.83,-420.42,-218.77,1.97,282.28
2106,201.65,214.73,13.08,-208.19,94.29,113.90,-359.94,-385.13,-463.79,-235.89,0.96,299.45
2107,205.64,256.08,50.44,-230.84,77.60,153.28,-390.18,-422.44,-495.04,-226.85,28.22,337.72
2108,215.74,307.48,91.74,-261.61,62.02,199.63,-425.47,-466.82,-509.13,-205.64,63.52,374.02
2109,212.71,344.79,132.08,-278.73,40.34,238.43,-474.85,-523.27,-543.41,-204.63,84.67,406.29
2110,217.76,402.29,184.54,-310.03,16.64,293.44,-536.39,-598.90,-591.83,-196.60,112.89,443.60
2111,229.88,451.67,221.80,-340.75,4.04,336.76,-617.02,-695.69,-675.49,-223.82,114.91,468.84
2112,259.11,485.96,226.85,-372.53,16.16,356.43,-691.65,-788.43,-784.39,-294.40,80.63,489.99
2113,273.20,513.17,239.97,-393.16,16.64,376.57,-772.33,-893.30,-919.50,-396.24,11.06,495.04
2114,252.04,522.26,270.22,-387.15,-9.09,396.24,-824.73,-974.94,-1056.63,-518.22,-84.67,477.88
2115,230.89,485.96,255.07,-358.40,-12.07,370.51,-816.66,-991.10,-1150.39,-629.14,-194.58,429.51
2116,189.54,385.13,195.59,-287.33,-3.03,290.36,-767.28,-969.94,-1261.31,-793.48,-365.99,321.61
2117,132.08,285.31,153.23,-208.67,-10.58,219.30,-713.81,-945.71,-1395.41,-988.07,-568.66,202.61
2118,64.52,179.44,114.91,-121.98,-25.19,147.18,-627.12,-880.17,-1468.01,-1137.31,-743.05,77.60
2119,-3.99,99.82,103.81,-47.89,-53.90,101.79,-535.38,-795.50,-1478.11,-1221.98,-849.93,-11.06
2120,-87.70,36.25,123.95,25.72,-105.83,80.10,-483.94,-755.16,-1498.25,-1287.52,-926.57,-72.55
2121,-127.03,-50.39,76.64,88.71,-101.84,13.13,-406.29,-676.50,-1468.01,-1309.73,-962.87,-121.98
2122,-128.04,-94.77,33.27,111.40,-80.68,-30.77,-310.51,-566.64,-1365.17,-1254.24,-934.65,-138.09
2123,-148.19,-112.89,35.29,130.54,-91.74,-38.80,-242.95,-494.03,-1284.49,-1195.78,-899.36,-156.26
2124,-164.34,-106.84,57.50,135.59,-110.92,-24.67,-197.61,-437.54,-1203.85,-1123.17,-837.86,-147.18
2125,-200.64,-118.95,81.69,159.77,-141.17,-18.66,-135.06,-368.01,-1113.08,-1044.51,-784.39,-155.25
2126,-249.01,-152.22,96.79,200.59,-172.90,-27.74,-62.51,-295.41,-1027.40,-977.97,-749.10,-192.56
2127,-274.21,-171.36,102.85,222.76,-188.53,-34.28,9.04,-221.80,-937.68,-907.43,-716.84,-226.85
2128,-290.36,-204.63,85.73,247.47,-188.05,-59.48,91.74,-131.07,-850.94,-847.91,-694.68,-270.17
2129,-321.61,-250.02,71.59,285.79,-196.60,-89.24,166.36,-49.38,-779.35,-801.56,-679.53,-310.51
2130,-332.72,-284.30,48.42,308.49,-190.59,-117.94,243.96,32.26,-708.76,-752.13,-655.35,-331.71
2131,-316.57,-308.49,8.08,312.53,-162.32,-150.21,320.60,117.94,-633.18,-699.72,-620.05,-326.66
2132,-305.46,-336.71,-31.25,321.09,-137.13,-184.01,379.07,187.52,-576.68,-662.41,-600.92,-332.72
2133,-310.51,-357.92,-47.41,334.21,-131.55,-202.66,424.46,235.89,-536.39,-632.17,-580.72,-341.76
2134,-314.55,-369.98,-55.44,342.24,-129.58,-212.71,444.61,258.10,-514.18,-605.92,-559.57,-345.80
2135,-303.44,-357.92,-54.48,330.65,-124.48,-206.22,443.60,262.14,-501.10,-584.76,-537.40,-340.75
2136,-300.46,-352.87,-52.41,326.66,-124.05,-202.66,438.55,260.12,-487.97,-564.62,-516.20,-338.73
2137,-303.44,-358.93,-55.49,331.18,-124.00,-207.23,421.43,251.03,-475.86,-543.41,-498.07,-341.76
2138,-304.45,-355.90,-51.45,330.17,-126.50,-203.67,409.31,248.00,-455.71,-517.21,-470.81,-333.73
2139,-294.40,-356.91,-62.51,325.65,-115.97,-209.73,416.38,262.14,-423.45,-484.95,-443.60,-324.64
2140,-275.22,-352.87,-77.65,314.02,-98.81,-215.26,419.41,277.24,-389.17,-452.68,-414.36,-311.52
2141,-265.17,-353.88,-88.71,309.50,-88.23,-221.32,416.38,283.29,-359.94,-426.48,-395.23,-301.47
2142,-246.99,-347.82,-100.83,297.38,-73.08,-224.35,406.29,279.25,-339.74,-405.28,-381.09,-301.47
2143,-228.87,-342.77,-113.90,285.79,-57.50,-228.34,398.26,275.22,-317.58,-383.11,-361.95,-290.36
2144,-220.79,-340.75,-119.96,280.75,-50.44,-230.36,392.20,271.18,-291.37,-355.90,-335.75,-267.19
2145,-208.67,-336.71,-128.04,272.67,-40.34,-232.38,379.07,263.15,-272.19,-335.75,-321.61,-266.18
2146,-190.55,-328.68,-138.14,259.59,-26.20,-233.43,363.97,261.13,-252.04,-314.55,-304.45,-256.08
2147,-172.37,-324.64,-152.27,248.48,-10.05,-238.48,353.88,259.11,-231.90,-291.37,-278.25,-230.89
2148,-160.30,-325.65,-165.35,242.95,2.50,-245.50,350.85,254.06,-217.76,-277.24,-269.16,-229.88
2149,-152.22,-318.59,-166.36,235.40,7.07,-242.47,332.72,236.90,-212.71,-269.16,-260.12,-227.86
2150,-142.13,-311.52,-169.39,226.80,13.61,-240.45,320.60,228.87,-202.61,-257.09,-249.01,-216.75
2151,-135.06,-310.51,-175.45,222.76,20.19,-243.00,325.65,242.95,-180.45,-238.91,-235.89,-208.67
2152,-122.99,-301.47,-178.48,212.23,27.74,-239.97,321.61,241.94,-163.33,-220.79,-217.76,-198.62
2153,-109.87,-282.28,-172.42,196.07,31.25,-227.38,312.53,241.94,-139.10,-194.58,-192.56,-173.38
2154,-91.74,-270.17,-178.43,180.93,43.32,-224.30,307.48,249.01,-121.98,-180.45,-180.45,-164.34
2155,-81.64,-265.17,-183.53,173.38,50.92,-224.35,301.47,243.96,-109.87,-167.37,-172.37,-173.38
2156,-80.63,-252.04,-171.41,166.31,45.39,-211.75,295.41,238.91,-89.72,-147.18,-156.26,-162.32
2157,-69.53,-222.81,-153.28,146.17,41.88,-188.05,293.39,243.96,-65.53,-125.01,-138.09,-144.15
2158,-61.50,-210.69,-149.20,136.07,43.85,-179.97,292.38,252.04,-39.28,-99.82,-116.93,-137.08
2159,-51.40,-203.62,-152.22,127.51,50.39,-177.95,289.35,253.05,-23.18,-83.66,-104.82,-131.07
2160,-46.35,-178.43,-132.08,112.37,42.84,-155.25,288.34,260.12,3.99,-55.44,-76.59,-101.79
2161,-48.37,-177.42,-129.05,112.89,40.34,-153.23,282.28,258.10,17.12,-43.32,-65.53,-99.82
2162,-48.37,-166.36,-117.99,107.37,34.81,-142.18,278.25,258.10,32.26,-27.21,-55.44,-93.76
2163,-58.47,-151.22,-92.75,104.82,17.12,-121.98,281.27,265.17,54.43,-5.00,-35.24,-70.53
2164,-55.44,-155.25,-99.82,105.35,22.17,-127.56,271.18,256.08,56.45,-5.00,-40.29,-88.71
2165,-31.25,-130.06,-98.81,80.63,33.75,-114.43,257.09,248.00,66.54,7.02,-31.25,-84.67
2166,-35.24,-122.99,-87.75,79.09,26.25,-105.39,244.97,234.92,74.57,15.10,-21.16,-71.54
2167,-37.26,-117.94,-80.68,77.60,21.68,-99.34,228.87,218.77,84.67,29.23,-6.01,-59.48
2168,-23.18,-99.82,-76.64,61.50,26.73,-88.23,208.67,206.65,95.78,43.32,3.99,-54.43
2169,-22.17,-86.69,-64.52,54.43,21.16,-75.63,183.48,184.49,101.79,53.42,12.07,-47.36
2170,-14.09,-69.53,-55.44,41.78,20.67,-62.51,154.24,160.30,107.85,65.53,26.20,-32.26
2171,-14.09,-57.46,-43.37,35.77,14.62,-50.44,129.05,142.13,115.92,76.59,35.24,-31.25
2172,-14.09,-47.36,-33.27,30.72,9.57,-40.34,107.85,124.00,120.97,84.67,42.31,-25.19
2173,-3.99,-41.30,-37.31,22.65,16.64,-39.33,92.75,108.86,122.99,86.69,46.35,-18.13
2174,2.98,-33.27,-36.25,15.15,19.62,-34.76,79.62,98.81,126.02,91.74,49.38,-13.08
2175,5.00,-31.25,-36.25,13.13,20.63,-33.75,73.56,91.74,128.04,93.76,51.40,-13.08
2176,2.98,-30.24,-33.22,13.61,18.08,-31.73,72.55,91.74,134.10,99.82,57.46,-9.04
2177,2.98,-20.15,-23.13,8.56,13.03,-21.64,69.53,89.72,137.08,103.81,60.49,-2.98
2178,8.03,-17.12,-25.15,4.52,16.59,-21.11,71.54,91.74,141.12,108.86,64.52,0.96
2179,15.10,-19.14,-34.23,2.02,24.67,-26.69,65.53,82.65,141.12,109.87,66.54,0.00
2180,18.13,-15.10,-33.22,-1.49,25.68,-24.14,63.52,83.66,145.16,114.91,73.56,6.01
2181,19.14,-8.03,-27.17,-5.53,23.13,-17.60,69.53,97.80,154.24,124.00,82.65,15.10
2182,18.13,-3.99,-22.12,-7.07,20.10,-13.03,66.54,89.72,152.22,122.99,82.65,13.08
2183,17.12,-6.01,-23.13,-5.53,20.10,-14.57,62.51,83.66,148.19,118.95,78.61,8.03
2184,21.16,-5.00,-26.16,-8.08,23.66,-15.58,54.43,79.62,145.16,115.92,74.57,1.97
2185,26.20,9.04,-17.16,-17.60,21.68,-4.04,56.45,78.61,151.22,121.98,81.64,9.04
2186,12.07,-8.03,-20.10,-2.02,16.06,-14.04,52.41,75.58,145.16,116.93,77.60,7.02
2187,-3.99,-29.23,-25.24,16.59,10.63,-27.26,45.34,68.52,141.12,111.88,72.55,0.00
2188,-0.96,-18.13,-17.16,9.52,8.08,-17.65,45.34,68.52,144.15,116.93,77.60,6.01
2189,5.00,-14.09,-19.09,4.52,12.02,-16.59,47.36,68.52,145.16,119.96,79.62,0.00
2190,8.03,-8.03,-16.06,0.00,12.02,-12.02,43.32,68.52,148.19,122.99,81.64,1.97
2191,10.05,-0.96,-11.01,-4.52,10.53,-5.96,40.29,64.52,149.20,125.01,86.69,12.07
2192,10.05,-3.99,-14.04,-3.03,12.02,-8.99,43.32,66.54,152.22,126.02,86.69,6.01
2193,2.98,-13.08,-16.06,5.05,9.52,-14.57,44.33,66.54,151.22,125.01,85.68,0.00
2194,12.07,-8.03,-20.10,-2.02,16.06,-14.04,44.33,67.51,153.23,130.06,92.75,8.03
2195,26.20,0.96,-25.24,-13.56,25.72,-12.12,44.33,69.53,156.26,131.07,95.78,15.10
2196,21.16,-5.00,-26.16,-8.08,23.66,-15.58,44.33,66.54,156.26,130.06,93.76,15.10
2197,26.20,5.00,-21.20,-15.58,23.70,-8.08,46.35,68.52,158.28,134.10,96.79,16.11
2198,25.19,1.97,-23.22,-13.56,24.23,-10.63,42.31,64.52,157.27,133.09,94.77,12.07
2199,17.12,-14.09,-31.20,-1.49,24.14,-22.65,31.25,58.47,148.19,122.99,87.70,7.02
2200,23.18,0.00,-23.18,-11.59,23.18,-11.59,38.27,60.49,152.22,127.03,93.76,11.06
2201,28.22,7.02,-21.20,-17.60,24.71,-7.07,41.30,60.49,155.25,131.07,97.80,15.10
2202,21.16,0.96,-20.19,-11.06,20.67,-9.62,37.26,58.47,150.21,126.02,91.74,13.08
2203,16.11,-1.97,-18.08,-7.07,17.07,-10.00,34.23,54.43,147.18,124.00,87.70,10.05
2204,19.14,3.99,-15.15,-11.54,17.16,-5.58,33.27,56.45,150.21,128.04,92.75,20.15
2205,19.14,8.03,-11.11,-13.56,15.15,-1.54,34.23,57.46,151.22,131.07,94.77,18.13
2206,27.21,9.04,-18.17,-18.13,22.69,-4.57,31.25,56.45,149.20,130.06,94.77,14.09
2207,32.26,13.08,-19.18,-22.65,25.72,-3.03,33.27,61.50,155.25,134.10,100.83,22.17
2208,31.25,14.09,-17.16,-22.65,24.23,-1.54,33.27,59.48,153.23,132.08,97.80,19.14
2209,28.22,15.10,-13.13,-21.64,20.67,1.01,34.23,60.49,152.22,134.10,99.82,21.16
2210,18.13,15.10,-3.03,-16.59,10.58,6.06,35.24,62.51,156.26,139.10,103.81,24.18
2211,28.22,23.18,-5.05,-25.68,16.64,9.09,34.23,61.50,156.26,138.09,102.80,24.18
2212,32.26,23.18,-9.09,-27.69,20.67,7.07,31.25,59.48,155.25,138.09,103.81,22.17
2213,17.12,10.05,-7.07,-13.56,12.12,1.49,33.27,58.47,153.23,134.10,100.83,16.11
2214,24.18,10.05,-14.14,-17.12,19.18,-2.02,32.26,58.47,152.22,131.07,100.83,18.13
2215,25.19,13.08,-12.12,-19.14,18.66,0.48,29.23,56.45,152.22,134.10,104.82,24.18
2216,20.15,9.04,-11.11,-14.57,15.63,-1.01,31.25,56.45,154.24,132.08,105.83,23.18
2217,28.22,13.08,-15.15,-20.63,21.68,-1.01,24.18,47.36,148.19,126.02,101.79,20.15
2218,31.25,16.11,-15.15,-23.66,23.22,0.48,22.17,50.39,152.22,132.08,107.85,31.25
2219,25.19,15.10,-10.10,-20.15,17.65,2.50,29.23,58.47,158.28,136.07,112.89,38.27
2220,15.10,9.04,-6.06,-12.07,10.58,1.49,29.23,54.43,156.26,133.09,108.86,32.26
2221,23.18,14.09,-9.09,-18.61,16.16,2.50,25.19,53.42,156.26,134.10,109.87,30.24
2222,29.23,21.16,-8.08,-25.19,18.66,6.54,22.17,53.42,154.24,133.09,111.88,32.26
2223,25.19,16.11,-9.09,-20.63,17.16,3.51,20.15,49.38,151.22,131.07,106.84,29.23
2224,20.15,15.10,-5.05,-17.60,12.60,5.05,20.15,49.38,151.22,129.05,103.81,23.18
2225,20.15,18.13,-2.02,-19.14,11.11,8.08,21.16,48.37,152.22,130.06,105.83,24.18
2226,26.20,23.18,-3.03,-24.67,14.62,10.10,23.18,49.38,152.22,133.09,108.86,29.23
2227,26.20,22.17,-4.04,-24.18,15.15,9.09,25.19,53.42,156.26,134.10,108.86,29.23
2228,25.19,20.15,-5.05,-22.65,15.15,7.55,21.16,49.38,153.23,129.05,104.82,31.25
2229,29.23,23.18,-6.06,-26.20,17.65,8.56,25.19,52.41,155.25,132.08,107.85,31.25
2230,39.28,29.23,-10.05,-34.23,24.67,9.62,21.16,51.40,155.25,132.08,107.85,31.25
2231,27.21,22.17,-5.05,-24.67,16.16,8.56,19.14,48.37,152.22,130.06,104.82,32.26
2232,24.18,27.21,3.03,-25.68,10.58,15.15,30.24,56.45,156.26,135.06,109.87,31.25
2233,38.27,35.24,-3.03,-36.73,20.67,16.11,16.11,46.35,153.23,134.10,111.88,38.27
2234,26.20,18.13,-8.08,-22.17,17.16,5.05,11.06,41.30,150.21,133.09,112.89,39.28
2235,10.05,14.09,4.04,-12.07,3.03,9.09,17.12,42.31,150.21,134.10,113.90,40.29
2236,2.98,8.03,5.05,-5.48,-1.01,6.54,14.09,41.30,147.18,131.07,109.87,34.23
2237,9.04,9.04,0.00,-9.04,4.52,4.52,17.12,42.31,145.16,129.05,104.82,26.20
2238,16.11,14.09,-2.02,-15.10,9.09,6.06,11.06,34.23,140.11,128.04,102.80,27.21
2239,16.11,17.12,1.01,-16.59,7.55,9.09,14.09,41.30,143.14,131.07,107.85,32.26
2240,22.17,29.23,7.07,-25.68,7.55,18.17,26.20,50.39,148.19,136.07,111.88,35.24
2241,29.23,35.24,6.01,-32.21,11.64,20.63,18.13,39.28,146.17,139.10,113.90,41.30
2242,37.26,38.27,1.01,-37.74,18.13,19.67,10.05,36.25,144.15,137.08,112.89,38.27
2243,23.18,34.23,11.06,-28.70,6.06,22.65,6.01,34.23,139.10,132.08,110.87,35.24
2244,6.01,28.22,22.21,-17.12,-8.08,25.24,3.99,30.24,138.09,134.10,113.90,49.38
2245,9.04,20.15,11.11,-14.57,-1.01,15.63,3.99,28.22,136.07,130.06,110.87,42.31
2246,14.09,23.18,9.09,-18.61,2.50,16.16,0.00,27.21,133.09,126.02,105.83,26.20
2247,15.10,28.22,13.13,-21.64,1.01,20.67,5.00,31.25,136.07,128.04,106.84,28.22
2248,23.18,37.26,14.09,-30.19,4.57,25.68,5.00,31.25,137.08,130.06,111.88,37.26
2249,23.18,34.23,11.06,-28.70,6.06,22.65,2.98,28.22,135.06,129.05,112.89,36.25
2250,22.17,30.24,8.08,-26.20,7.07,19.18,8.03,31.25,135.06,126.02,109.87,31.25
2251,22.17,39.28,17.12,-30.72,2.55,28.22,-0.96,26.20,130.06,124.00,109.87,33.27
2252,16.11,39.28,23.18,-27.69,-3.51,31.25,-9.04,20.15,126.02,120.97,107.85,33.27
2253,9.04,43.32,34.28,-26.16,-12.60,38.80,0.00,25.19,129.05,124.00,109.87,36.25
2254,12.07,40.29,28.22,-26.16,-8.08,34.28,-3.99,22.17,129.05,126.02,113.90,46.35
2255,16.11,39.28,23.18,-27.69,-3.51,31.25,-10.05,19.14,127.03,122.99,110.87,44.33
2256,10.05,39.28,29.23,-24.67,-9.57,34.28,-8.03,23.18,131.07,121.98,109.87,39.28
2257,13.08,41.30,28.22,-27.17,-7.55,34.76,-9.04,18.13,124.00,118.95,107.85,37.26
2258,14.09,45.34,31.25,-29.71,-8.56,38.32,-6.01,18.13,120.97,118.95,106.84,40.29
2259,17.12,51.40,34.28,-34.23,-8.56,42.84,-3.99,20.15,122.99,120.97,111.88,47.36
2260,19.14,48.37,29.23,-33.75,-5.05,38.80,-10.05,18.13,120.97,114.91,109.87,41.30
2261,14.09,39.28,25.19,-26.69,-5.53,32.26,-17.12,11.06,112.89,107.85,101.79,32.26
2262,14.09,40.29,26.20,-27.17,-6.06,33.27,-21.16,7.02,108.86,105.83,98.81,32.26
2263,21.16,52.41,31.25,-36.78,-5.05,41.83,-22.17,8.03,113.90,109.87,104.82,41.30
2264,29.23,61.50,32.26,-45.34,-1.49,46.88,-22.17,7.02,110.87,107.85,101.79,40.29
2265,20.15,57.46,37.31,-38.80,-8.56,47.41,-18.13,6.01,107.85,101.79,96.79,35.24
2266,18.13,62.51,44.38,-40.29,-13.13,53.47,-19.14,6.01,105.83,99.82,95.78,37.26
2267,20.15,64.52,44.38,-42.31,-12.12,54.48,-19.14,6.01,105.83,101.79,98.81,43.32
2268,22.17,68.52,46.35,-45.34,-12.07,57.46,-22.17,0.00,102.80,98.81,99.82,43.32
2269,22.17,67.51,45.34,-44.81,-11.59,56.45,-26.20,-2.98,97.80,93.76,94.77,39.28
2270,22.17,64.52,42.36,-43.32,-10.10,53.47,-29.23,-7.02,96.79,94.77,95.78,42.31
2271,12.07,64.52,52.46,-38.27,-20.19,58.51,-30.24,-12.07,91.74,93.76,92.75,37.26
2272,0.96,54.43,53.47,-27.69,-26.25,53.95,-34.23,-11.06,88.71,89.72,91.74,36.25
2273,6.01,53.42,47.41,-29.71,-20.67,50.44,-42.31,-21.16,82.65,87.70,91.74,41.30
2274,14.09,64.52,50.44,-39.28,-18.17,57.50,-40.29,-19.14,82.65,88.71,90.73,39.28
2275,24.18,69.53,45.34,-46.83,-10.58,57.46,-38.27,-14.09,80.63,88.71,89.72,41.30
2276,14.09,69.53,55.44,-41.78,-20.67,62.51,-39.28,-17.12,78.61,87.70,88.71,43.32
2277,6.01,68.52,62.51,-37.26,-28.22,65.53,-43.32,-25.19,73.56,83.66,84.67,39.28
2278,3.99,62.51,58.51,-33.22,-27.26,60.53,-52.41,-31.25,65.53,75.58,79.62,35.24
2279,0.96,68.52,67.55,-34.71,-33.27,68.03,-49.38,-29.23,67.51,76.59,82.65,39.28
2280,10.05,71.54,61.50,-40.77,-25.72,66.54,-49.38,-35.24,64.52,72.55,81.64,39.28
2281,12.07,72.55,60.49,-42.31,-24.18,66.54,-54.43,-33.27,61.50,69.53,78.61,39.28
2282,0.00,72.55,72.55,-36.25,-36.25,72.55,-60.49,-40.29,56.45,67.51,77.60,40.29
2283,-2.98,71.54,74.53,-34.28,-38.75,73.04,-62.51,-50.39,47.36,59.48,72.55,37.26
2284,9.04,81.64,72.60,-45.34,-31.78,77.12,-66.54,-50.39,43.32,56.45,69.53,39.28
2285,14.09,80.63,66.54,-47.36,-26.20,73.61,-70.53,-55.44,38.27,51.40,64.52,35.24
2286,-5.00,77.60,82.60,-36.30,-43.80,80.10,-63.52,-53.42,37.26,51.40,65.53,33.27
2287,-13.08,81.64,94.72,-34.28,-53.90,88.18,-64.52,-51.40,40.29,56.45,71.54,39.28
2288,-12.07,88.71,100.78,-38.32,-56.40,94.72,-70.53,-56.45,35.24,54.43,71.54,48.37
2289,-10.05,92.75,102.80,-41.35,-56.40,97.75,-74.57,-64.52,24.18,45.34,62.51,41.30
2290,-1.97,91.74,93.71,-44.86,-47.84,92.70,-76.59,-72.55,18.13,40.29,55.44,26.20
2291,-3.99,86.69,90.68,-41.35,-47.31,88.66,-85.68,-80.63,9.04,34.23,53.42,29.23
2292,-14.09,86.69,100.78,-36.30,-57.41,93.71,-92.75,-84.67,5.00,31.25,53.42,33.27
2293,-20.15,84.67,104.82,-32.26,-62.46,94.72,-91.74,-86.69,0.00,28.22,50.39,29.23
2294,-20.15,86.69,106.84,-33.27,-63.47,96.74,-98.81,-94.77,-5.00,24.18,48.37,33.27
2295,-24.18,88.71,112.89,-32.26,-68.52,100.78,-102.80,-101.79,-11.06,20.15,46.35,35.24
2296,-28.22,85.68,113.90,-28.70,-71.06,99.77,-108.86,-111.88,-16.11,16.11,46.35,36.25
2297,-31.25,97.80,129.05,-33.27,-80.15,113.42,-109.87,-115.92,-19.14,15.10,46.35,34.23
2298,-34.23,94.77,129.00,-30.24,-81.59,111.88,-102.80,-105.83,-26.20,6.01,35.24,21.16
2299,-25.19,92.75,117.94,-33.75,-71.54,105.35,-106.84,-107.85,-31.25,1.97,30.24,24.18
2300,-19.14,107.85,126.98,-44.33,-73.04,117.41,-114.91,-118.95,-37.26,0.96,35.24,31.25
2301,-24.18,112.89,137.08,-44.33,-80.63,124.96,-113.90,-121.98,-43.32,-2.98,33.27,34.23
2302,-19.14,118.95,138.09,-49.91,-78.61,128.52,-116.93,-122.99,-51.40,-12.07,21.16,28.22
2303,-26.20,118.95,145.16,-46.35,-85.68,132.03,-128.04,-133.09,-59.48,-17.12,19.14,25.19
2304,-39.28,119.96,159.24,-40.34,-99.24,139.58,-125.01,-138.09,-62.51,-18.13,20.15,32.26
2305,-24.18,135.06,159.24,-55.44,-91.69,147.13,-125.01,-138.09,-66.54,-19.14,22.17,34.23
2306,-17.12,139.10,156.22,-60.97,-86.64,147.66,-141.12,-151.22,-78.61,-27.21,12.07,27.21
2307,-26.20,130.06,156.26,-51.93,-91.21,143.14,-142.13,-154.24,-87.70,-38.27,3.99,22.17
2308,-22.17,139.10,161.26,-58.47,-91.69,150.16,-150.21,-163.33,-94.77,-43.32,1.97,25.19
2309,-23.18,149.20,172.37,-62.99,-97.75,160.78,-153.23,-171.36,-100.83,-46.35,-0.96,24.18
2310,-34.23,141.12,175.35,-53.42,-104.77,158.23,-149.20,-168.33,-105.83,-47.36,0.96,26.20
2311,-34.23,136.07,170.30,-50.92,-102.27,153.19,-160.30,-179.44,-119.96,-60.49,-10.05,15.10
2312,-29.23,146.17,175.40,-58.47,-102.32,160.78,-165.35,-187.52,-131.07,-68.52,-18.13,13.08
2313,-35.24,148.19,183.43,-56.45,-109.34,165.78,-169.34,-193.57,-138.09,-72.55,-17.12,27.21
2314,-38.27,149.20,187.47,-55.44,-112.85,168.33,-170.35,-195.59,-144.15,-77.60,-22.17,17.12
2315,-41.30,151.22,192.52,-54.96,-116.89,171.84,-172.37,-199.63,-153.23,-84.67,-31.25,9.04
2316,-53.42,145.16,198.57,-45.87,-125.97,171.84,-182.47,-209.68,-164.34,-92.75,-37.26,10.05
2317,-50.39,155.25,205.64,-52.41,-127.99,180.45,-186.51,-214.73,-170.35,-96.79,-39.28,9.04
2318,-51.40,154.24,205.64,-51.40,-128.52,179.92,-194.58,-226.85,-180.45,-103.81,-41.30,14.09
2319,-48.37,157.27,205.64,-54.43,-126.98,181.46,-199.63,-235.89,-189.54,-112.89,-45.34,12.07
2320,-40.29,169.34,209.63,-64.52,-124.96,189.49,-196.60,-229.88,-191.56,-114.91,-46.35,15.10
2321,-50.39,162.32,212.71,-55.97,-131.55,187.52,-204.63,-239.92,-203.62,-125.01,-54.43,10.05
2322,-70.53,153.23,223.77,-41.35,-147.13,188.48,-212.71,-254.06,-221.80,-140.11,-67.51,-1.97
2323,-70.53,167.37,237.91,-48.42,-154.20,202.61,-212.71,-258.10,-228.87,-143.14,-66.54,3.99
2324,-66.54,173.38,239.92,-53.42,-153.23,206.65,-219.78,-269.16,-239.92,-151.22,-72.55,0.96
2325,-66.54,176.41,242.95,-54.91,-154.72,209.68,-224.83,-278.25,-250.02,-160.30,-77.60,0.00
2326,-64.52,184.49,249.01,-59.96,-156.74,216.75,-230.89,-286.32,-260.12,-167.37,-81.64,-0.96
2327,-68.52,180.45,248.96,-55.97,-158.72,214.68,-239.92,-294.40,-270.17,-176.41,-89.72,-6.01
2328,-72.55,187.52,260.07,-57.46,-166.31,223.77,-240.93,-299.45,-280.26,-182.47,-93.76,-3.99
2329,-68.52,188.53,257.04,-60.01,-162.75,222.76,-251.03,-309.50,-294.40,-194.58,-105.83,-8.03
2330,-71.54,182.47,254.01,-55.44,-162.75,218.24,-256.08,-316.57,-303.44,-203.62,-111.88,-10.05
2331,-68.52,193.57,262.09,-62.51,-165.30,227.81,-255.07,-313.54,-308.49,-204.63,-112.89,-6.01
2332,-75.58,194.58,270.17,-59.48,-172.85,232.38,-267.19,-330.70,-318.59,-211.70,-117.94,-5.00
2333,-80.63,191.56,272.19,-55.44,-176.41,231.85,-270.17,-336.71,-331.71,-222.81,-127.03,-14.09
2334,-79.62,188.53,268.15,-54.43,-173.86,228.34,-274.21,-336.71,-343.78,-232.90,-135.06,-21.16
2335,-95.78,175.40,271.18,-39.81,-183.48,223.29,-284.30,-351.86,-357.92,-244.97,-141.12,-16.11
2336,-84.67,189.54,274.21,-52.41,-179.44,231.85,-281.27,-348.83,-358.93,-243.96,-141.12,-15.10
2337,-83.66,200.64,284.30,-58.47,-183.96,242.47,-285.31,-356.91,-367.00,-250.02,-146.17,-18.13
2338,-94.77,192.56,287.33,-48.90,-191.03,239.92,-291.37,-365.99,-382.10,-262.14,-156.26,-22.17
2339,-97.80,189.54,287.33,-45.87,-192.56,238.43,-298.44,-376.04,-393.21,-271.18,-164.34,-27.21
2340,-100.83,189.54,290.36,-44.33,-195.59,239.92,-309.50,-392.20,-405.28,-281.27,-169.34,-27.21
2341,-95.78,199.63,295.41,-51.93,-195.59,247.52,-310.51,-389.17,-412.34,-283.29,-169.34,-21.16
2342,-102.80,206.65,309.45,-51.93,-206.12,258.05,-311.52,-392.20,-421.43,-290.36,-176.41,-24.18
2343,-107.85,210.69,318.54,-51.40,-213.19,264.59,-317.58,-406.29,-433.55,-300.46,-183.48,-27.21
2344,-103.81,210.69,314.50,-53.42,-209.15,262.57,-319.59,-413.35,-442.59,-306.47,-189.54,-28.22
2345,-105.83,205.64,311.47,-49.91,-208.62,258.53,-323.63,-412.34,-449.65,-315.56,-198.62,-35.24
2346,-111.88,210.69,322.58,-49.38,-217.23,266.61,-328.68,-419.41,-459.75,-322.62,-203.62,-33.27
2347,-107.85,211.70,319.55,-51.93,-213.67,265.60,-327.67,-420.42,-463.79,-325.65,-205.64,-30.24
2348,-100.83,219.78,320.60,-59.48,-210.69,270.17,-332.72,-423.45,-472.83,-331.71,-208.67,-27.21
2349,-102.80,220.79,323.59,-59.00,-213.19,272.19,-341.76,-433.55,-488.98,-344.79,-218.77,-38.27
2350,-110.87,213.72,324.60,-51.40,-217.71,269.16,-340.75,-437.54,-496.05,-351.86,-226.85,-48.37
2351,-112.89,214.73,327.62,-50.92,-220.26,271.18,-342.77,-446.63,-503.12,-356.91,-227.86,-47.36
2352,-101.79,219.78,321.57,-59.00,-211.65,270.65,-348.83,-453.69,-509.13,-362.96,-231.90,-46.35
2353,-102.80,222.81,325.61,-60.01,-214.20,274.21,-351.86,-455.71,-516.20,-368.01,-232.90,-42.31
2354,-106.84,220.79,327.62,-56.98,-217.23,274.21,-351.86,-457.73,-522.26,-370.99,-232.90,-43.32
2355,-109.87,217.76,327.62,-53.95,-218.72,272.67,-353.88,-461.77,-531.34,-378.06,-238.91,-43.32
2356,-121.98,207.66,329.64,-42.84,-225.79,268.63,-365.99,-478.89,-544.42,-389.17,-245.98,-44.33
2357,-124.00,207.66,331.66,-41.83,-227.81,269.64,-372.00,-486.97,-553.51,-396.24,-255.07,-52.41
2358,-130.06,201.65,331.71,-35.77,-230.89,266.66,-365.99,-475.86,-557.55,-401.28,-259.11,-51.40
2359,-140.11,194.58,334.69,-27.21,-237.38,264.64,-365.99,-479.90,-560.58,-404.27,-260.12,-45.34
2360,-134.10,199.63,333.73,-32.74,-233.91,266.66,-365.99,-483.94,-566.64,-408.30,-264.16,-46.35
2361,-126.02,204.63,330.65,-39.28,-228.34,267.62,-364.98,-482.93,-569.66,-411.33,-268.20,-56.45
2362,-122.99,207.66,330.65,-42.31,-226.80,269.16,-372.00,-487.97,-576.68,-417.39,-275.22,-62.51
2363,-124.00,202.61,326.61,-39.28,-225.31,264.59,-370.99,-487.97,-581.73,-424.46,-280.26,-60.49
2364,-121.98,205.64,327.62,-41.83,-224.78,266.61,-365.99,-484.95,-579.71,-425.47,-280.26,-60.49
2365,-119.96,209.68,329.64,-44.86,-224.78,269.64,-363.97,-482.93,-579.71,-426.48,-281.27,-57.46
2366,-122.99,207.66,330.65,-42.31,-226.80,269.16,-364.98,-482.93,-581.73,-427.49,-282.28,-58.47
2367,-121.98,204.63,326.61,-41.30,-224.30,265.60,-363.97,-481.92,-583.75,-430.52,-283.29,-55.44
2368,-119.96,203.62,323.59,-41.83,-221.75,263.58,-362.96,-479.90,-585.77,-434.56,-289.35,-61.50
2369,-116.93,205.64,322.58,-44.33,-219.73,264.11,-360.94,-478.89,-584.76,-436.58,-293.39,-67.51
2370,-127.03,193.57,320.60,-33.27,-223.82,257.09,-356.91,-473.84,-582.74,-437.54,-292.38,-66.54
2371,-138.09,178.43,316.52,-20.15,-227.28,247.47,-355.90,-469.85,-580.72,-436.58,-292.38,-66.54
2372,-137.08,172.37,309.45,-17.65,-223.24,240.89,-351.86,-464.80,-574.67,-431.53,-287.33,-60.49
2373,-136.07,165.35,301.42,-14.62,-218.72,233.39,-348.83,-460.76,-575.67,-433.55,-294.40,-68.52
2374,-133.09,167.37,300.46,-17.12,-216.75,233.91,-342.77,-455.71,-572.65,-432.54,-295.41,-73.56
2375,-133.09,167.37,300.46,-17.12,-216.75,233.91,-336.71,-447.63,-564.62,-425.47,-289.35,-66.54
2376,-124.00,162.32,286.32,-19.14,-205.16,224.30,-339.74,-450.66,-564.62,-428.50,-296.42,-76.59
2377,-109.87,166.36,276.23,-28.22,-193.05,221.27,-341.76,-447.63,-564.62,-429.51,-300.46,-85.68
2378,-115.92,159.29,275.22,-21.68,-195.55,217.23,-329.69,-437.54,-556.54,-424.46,-295.41,-78.61
2379,-118.95,152.22,271.18,-16.64,-195.06,211.70,-319.59,-433.55,-549.47,-420.42,-296.42,-83.66
2380,-118.95,148.19,267.14,-14.62,-193.05,207.66,-318.59,-424.46,-543.41,-419.41,-298.44,-87.70
2381,-124.00,141.12,265.12,-8.56,-194.54,203.09,-317.58,-425.47,-539.37,-419.41,-297.43,-85.68
2382,-120.97,143.14,264.11,-11.06,-192.52,203.62,-312.53,-421.43,-533.36,-415.37,-294.40,-86.69
2383,-125.01,137.08,262.09,-6.01,-193.53,199.58,-302.48,-409.31,-522.26,-408.30,-288.34,-82.65
2384,-122.99,125.01,248.00,-1.01,-185.50,186.51,-296.42,-400.28,-516.20,-406.29,-287.33,-81.64
2385,-116.93,125.01,241.94,-4.04,-179.44,183.48,-290.36,-393.21,-508.12,-402.29,-286.32,-80.63
2386,-114.91,125.01,239.92,-5.05,-177.42,182.47,-285.31,-385.13,-499.08,-397.25,-286.32,-89.72
2387,-112.89,114.91,227.81,-1.01,-170.35,171.36,-283.29,-377.05,-491.00,-394.22,-287.33,-95.78
2388,-111.88,113.90,225.79,-1.01,-168.81,169.82,-272.19,-367.00,-479.90,-386.14,-280.26,-87.70
2389,-104.82,113.90,218.72,-4.52,-161.74,166.31,-261.13,-355.90,-468.84,-381.09,-277.24,-85.68
2390,-110.87,101.79,212.66,4.52,-161.74,157.23,-258.10,-347.82,-458.74,-375.03,-275.22,-85.68
2391,-115.92,96.79,212.71,9.57,-164.29,154.72,-253.05,-335.75,-443.60,-363.97,-268.20,-83.66
2392,-100.83,94.77,195.59,3.03,-148.19,145.16,-241.94,-323.63,-431.53,-353.88,-262.14,-78.61
2393,-92.75,91.74,184.49,0.48,-138.62,138.09,-234.92,-315.56,-423.45,-347.82,-263.15,-88.71
2394,-93.76,87.70,181.46,3.03,-137.61,134.58,-228.87,-308.49,-412.34,-337.72,-255.07,-82.65
2395,-100.83,80.63,181.46,10.10,-141.12,131.02,-221.80,-299.45,-398.26,-325.65,-244.97,-75.58
2396,-93.76,77.60,171.36,8.08,-132.56,124.48,-212.71,-289.35,-387.15,-319.59,-244.97,-83.66
2397,-74.57,83.66,158.23,-4.52,-116.40,120.92,-200.64,-277.24,-374.02,-308.49,-239.92,-81.64
2398,-83.66,71.54,155.21,6.06,-119.43,113.38,-191.56,-264.16,-359.94,-298.44,-233.91,-84.67
2399,-87.70,60.49,148.19,13.61,-117.94,104.34,-184.49,-254.06,-349.84,-290.36,-226.85,-77.60
2400,-85.68,55.44,141.12,15.10,-113.38,98.28,-176.41,-243.96,-337.72,-281.27,-220.79,-77.60
2401,-89.72,49.38,139.10,20.15,-114.38,94.24,-175.40,-239.92,-327.67,-273.20,-215.74,-77.60
2402,-91.74,40.29,132.03,25.72,-111.88,86.16,-170.35,-228.87,-317.58,-266.18,-211.70,-76.59
2403,-86.69,42.31,129.00,22.17,-107.85,85.63,-154.24,-205.64,-297.43,-252.04,-203.62,-70.53
2404,-73.56,52.41,125.97,10.58,-99.77,89.19,-146.17,-195.59,-283.29,-239.92,-194.58,-56.45
2405,-68.52,44.33,112.85,12.07,-90.68,78.56,-148.19,-192.56,-277.24,-234.92,-191.56,-59.48
2406,-66.54,42.31,108.86,12.12,-87.70,75.58,-142.13,-186.51,-267.19,-227.86,-190.55,-70.53
2407,-68.52,33.27,101.79,17.60,-85.15,67.51,-134.10,-181.46,-256.08,-219.78,-186.51,-76.59
2408,-60.49,38.27,98.76,11.11,-79.62,68.52,-118.95,-163.33,-235.89,-203.62,-170.35,-65.53
2409,-56.45,37.26,93.71,9.57,-75.05,65.49,-110.87,-148.19,-223.82,-196.60,-165.35,-65.53
2410,-56.45,23.18,79.62,16.64,-68.03,51.40,-107.85,-145.16,-218.77,-192.56,-165.35,-71.54
2411,-52.41,21.16,73.56,15.63,-62.99,47.36,-100.83,-133.09,-200.64,-177.42,-151.22,-61.50
2412,-58.47,13.08,71.54,22.69,-65.01,42.31,-95.78,-128.04,-188.53,-167.37,-144.15,-60.49
2413,-55.44,7.02,62.46,24.18,-58.95,34.71,-90.73,-121.98,-178.43,-159.29,-136.07,-61.50
2414,-52.41,6.01,58.42,23.18,-55.39,32.21,-84.67,-111.88,-166.36,-150.21,-127.03,-55.44
2415,-52.41,10.05,62.46,21.16,-57.41,36.25,-72.55,-99.82,-156.26,-143.14,-125.01,-62.51
2416,-48.37,5.00,53.37,21.68,-50.87,29.19,-65.53,-88.71,-146.17,-134.10,-119.96,-64.52
2417,-33.27,14.09,47.36,9.57,-40.29,30.72,-63.52,-80.63,-133.09,-122.99,-111.88,-55.44
2418,-31.25,12.07,43.32,9.57,-37.26,27.69,-57.46,-74.57,-121.98,-114.91,-105.83,-49.38
2419,-33.27,1.97,35.24,15.63,-34.23,18.61,-54.43,-71.54,-113.90,-108.86,-102.80,-52.41
2420,-32.26,11.06,43.32,10.58,-37.79,27.17,-44.33,-59.48,-99.82,-94.77,-91.74,-45.34
2421,-39.28,-1.97,37.31,20.63,-38.32,17.65,-40.29,-52.41,-91.74,-90.73,-88.71,-45.34
2422,-44.33,-8.03,36.30,26.16,-40.34,14.14,-38.27,-49.38,-87.70,-88.71,-90.73,-53.42
2423,-37.26,-0.96,36.30,19.09,-36.78,17.65,-31.25,-41.30,-73.56,-76.59,-81.64,-45.34
2424,-27.21,-1.97,25.24,14.57,-26.25,11.64,-29.23,-37.26,-66.54,-73.56,-81.64,-43.32
2425,-30.24,-3.99,26.25,17.12,-28.27,11.11,-25.19,-31.25,-58.47,-67.51,-78.61,-44.33
2426,-21.16,0.00,21.16,10.58,-21.16,10.58,-23.18,-27.21,-49.38,-61.50,-69.53,-40.29
2427,-14.09,-1.97,12.12,8.03,-13.13,5.05,-17.12,-19.14,-40.29,-54.43,-62.51,-35.24
2428,-17.12,-3.99,13.13,10.53,-15.15,4.57,-12.07,-12.07,-30.24,-45.34,-60.49,-39.28
2429,-13.08,-3.99,9.09,8.51,-11.11,2.55,-9.04,-10.05,-26.20,-43.32,-61.50,-41.30
2430,-18.13,-11.06,7.07,14.57,-12.60,-2.02,-6.01,-2.98,-19.14,-37.26,-55.44,-41.30
2431,-18.13,-1.97,16.16,10.05,-17.16,7.07,-2.98,2.98,-10.05,-27.21,-44.33,-39.28
2432,-21.16,-12.07,9.09,16.59,-15.15,-1.49,1.97,8.03,-5.00,-22.17,-42.31,-25.19
2433,-19.14,-26.20,-7.07,22.65,-6.06,-16.64,2.98,12.07,1.97,-18.13,-45.34,-25.19
2434,-14.09,-20.15,-6.06,17.12,-4.04,-13.13,7.02,17.12,11.06,-11.06,-38.27,-26.20
2435,-12.07,-19.14,-7.07,15.58,-2.50,-13.13,9.04,21.16,18.13,-8.03,-33.27,-24.18
2436,-11.06,-24.18,-13.13,17.60,1.01,-18.66,13.08,24.18,23.18,-3.99,-32.26,-30.24
2437,-15.10,-21.16,-6.06,18.13,-4.52,-13.61,19.14,31.25,29.23,2.98,-25.19,-23.18
2438,-12.07,-21.16,-9.09,16.59,-1.49,-15.15,19.14,37.26,38.27,12.07,-19.14,-21.16
2439,-9.04,-27.21,-18.17,18.13,4.57,-22.69,19.14,39.28,41.30,13.08,-18.13,-26.20
2440,-9.04,-22.17,-13.13,15.58,2.02,-17.65,20.15,39.28,48.37,21.16,-12.07,-20.15
2441,-16.11,-28.22,-12.12,22.17,-2.02,-20.19,21.16,35.24,51.40,24.18,-10.05,-24.18
2442,-17.12,-32.26,-15.15,24.67,-1.01,-23.70,23.18,42.31,52.41,25.19,-9.04,-22.17
2443,-0.96,-16.11,-15.15,8.51,7.07,-15.63,32.26,56.45,65.53,37.26,-0.96,-22.17
2444,2.98,-12.07,-15.05,4.52,8.99,-13.56,38.27,60.49,72.55,42.31,3.99,-17.12
2445,2.98,-12.07,-15.05,4.52,8.99,-13.56,36.25,58.47,77.60,48.37,9.04,-6.01
2446,9.04,-3.99,-13.03,-2.50,11.01,-8.51,36.25,61.50,77.60,48.37,5.00,-21.16
2447,12.07,-10.05,-22.12,-1.01,17.07,-16.06,41.30,68.52,82.65,53.42,11.06,-17.12
2448,10.05,-6.01,-16.06,-2.02,13.03,-11.01,46.35,73.56,91.74,60.49,21.16,-2.98
2449,5.00,-13.08,-18.08,4.04,11.54,-15.58,44.33,71.54,89.72,56.45,18.13,-10.05
2450,9.04,-27.21,-36.25,9.09,22.65,-31.73,40.29,68.52,91.74,57.46,15.10,-16.11
2451,10.05,-22.17,-32.21,6.06,21.11,-27.17,42.31,73.56,95.78,61.50,18.13,-13.08
2452,13.08,-26.20,-39.28,6.54,26.16,-32.74,47.36,78.61,100.83,64.52,21.16,-13.08
2453,12.07,-30.24,-42.31,9.09,27.17,-36.25,48.37,79.62,103.81,66.54,22.17,-10.05
2454,-1.97,-30.24,-28.27,16.11,13.13,-29.28,47.36,78.61,108.86,69.53,26.20,-3.99
2455,6.01,-24.18,-30.19,9.09,18.08,-27.17,49.38,79.62,113.90,71.54,27.21,-5.00
2456,12.07,-22.17,-34.23,5.05,23.13,-28.18,48.37,79.62,113.90,70.53,22.17,-10.05
2457,14.09,-19.14,-33.22,2.50,23.66,-26.16,51.40,83.66,117.94,75.58,25.19,-9.04
2458,16.11,-23.18,-39.28,3.51,27.69,-31.20,50.39,86.69,119.96,77.60,29.23,-7.02
2459,6.01,-34.23,-40.24,14.09,23.13,-37.21,54.43,87.70,122.99,78.61,29.23,-7.02
2460,8.03,-29.23,-37.26,10.58,22.65,-33.22,57.46,90.73,126.02,82.65,33.27,-2.98
2461,7.02,-26.20,-33.22,9.57,20.10,-29.71,55.44,89.72,126.02,83.66,33.27,-5.00
2462,3.99,-26.20,-30.19,11.11,17.07,-28.18,62.51,96.79,131.07,87.70,37.26,-1.97
2463,7.02,-20.15,-27.17,6.54,17.07,-23.66,63.52,95.78,134.10,90.73,40.29,0.96
2464,10.05,-19.14,-29.19,4.52,19.62,-24.14,65.53,97.80,136.07,91.74,44.33,6.01
2465,12.07,-21.16,-33.22,4.52,22.65,-27.17,64.52,98.81,140.11,94.77,45.34,5.00
2466,8.03,-20.15,-28.18,6.06,18.08,-24.14,61.50,91.74,139.10,94.77,42.31,-6.01
2467,9.04,-24.18,-33.22,7.55,21.11,-28.70,67.51,101.79,141.12,95.78,45.34,-1.97
2468,11.06,-25.19,-36.25,7.07,23.66,-30.72,65.53,100.83,141.12,93.76,44.33,-2.98
2469,2.98,-22.17,-25.15,9.57,14.04,-23.66,61.50,98.81,141.12,97.80,47.36,0.00
2470,12.07,-24.18,-36.25,6.06,24.14,-30.19,66.54,103.81,148.19,101.79,50.39,0.00
2471,18.13,-22.17,-40.29,2.02,29.19,-31.20,69.53,107.85,150.21,101.79,48.37,-6.01
2472,14.09,-24.18,-38.27,5.05,26.16,-31.20,67.51,106.84,151.22,106.84,54.43,2.98
2473,18.13,-28.22,-46.35,5.05,32.21,-37.26,67.51,102.80,149.20,106.84,56.45,1.97
2474,13.08,-21.16,-34.23,4.04,23.66,-27.69,72.55,106.84,153.23,107.85,59.48,-0.96
2475,7.02,-19.14,-26.16,6.06,16.59,-22.65,79.62,110.87,157.27,110.87,60.49,0.00
2476,15.10,-20.15,-35.24,2.50,25.15,-27.69,75.58,106.84,155.25,112.89,60.49,1.97
2477,26.20,-14.09,-40.29,-6.06,33.22,-27.17,70.53,103.81,158.28,113.90,62.51,3.99
2478,19.14,-26.20,-45.34,3.51,32.21,-35.77,77.60,108.86,158.28,112.89,58.47,-3.99
2479,8.03,-38.27,-46.30,15.10,27.17,-42.26,72.55,105.83,158.28,112.89,60.49,-1.97
2480,2.98,-37.26,-40.24,17.12,21.59,-38.75,70.53,104.82,158.28,112.89,59.48,-1.97
2481,8.03,-37.26,-45.29,14.62,26.64,-41.25,68.52,106.84,160.30,111.88,60.49,0.96
2482,11.06,-27.21,-38.27,8.08,24.67,-32.74,63.52,104.82,161.31,115.92,64.52,12.07
2483,23.18,-19.14,-42.31,-2.02,32.74,-30.72,72.55,111.88,160.30,114.91,60.49,3.99
2484,26.20,-21.16,-47.36,-2.50,36.78,-34.23,73.56,109.87,161.31,112.89,59.48,0.96
2485,0.00,0.00,0.00,0.00,0.00,0.00,0.00,0.00,0.00,0.00,0.00,0.00
2486,0.00,0.00,0.00,0.00,0.00,0.00,0.00,0.00,0.00,0.00,0.00,0.00
2487,0.00,0.00,0.00,0.00,0.00,0.00,0.00,0.00,0.00,0.00,0.00,0.00
2488,0.00,0.00,0.00,0.00,0.00,0.00,0.00,0.00,0.00,0.00,0.00,0.00
2489,0.00,0.00,0.00,0.00,0.00,0.00,0.00,0.00,0.00,0.00,0.00,0.00
2490,0.00,0.00,0.00,0.00,0.00,0.00,0.00,0.00,0.00,0.00,0.00,0.00
2491,0.00,0.00,0.00,0.00,0.00,0.00,0.00,0.00,0.00,0.00,0.00,0.00
2492,0.00,0.00,0.00,0.00,0.00,0.00,0.00,0.00,0.00,0.00,0.00,0.00
2493,0.00,0.00,0.00,0.00,0.00,0.00,0.00,0.00,0.00,0.00,0.00,0.00
2494,0.00,0.00,0.00,0.00,0.00,0.00,0.00,0.00,0.00,0.00,0.00,0.00
2495,0.00,0.00,0.00,0.00,0.00,0.00,0.00,0.00,0.00,0.00,0.00,0.00
2496,0.00,0.00,0.00,0.00,0.00,0.00,0.00,0.00,0.00,0.00,0.00,0.00
2497,0.00,0.00,0.00,0.00,0.00,0.00,0.00,0.00,0.00,0.00,0.00,0.00
2498,0.00,0.00,0.00,0.00,0.00,0.00,0.00,0.00,0.00,0.00,0.00,0.00
2499,0.00,0.00,0.00,0.00,0.00,0.00,0.00,0.00,0.00,0.00,0.00,0.00
2500,0.00,0.00,0.00,0.00,0.00,0.00,0.00,0.00,0.00,0.00,0.00,0.00
2501,0.00,0.00,0.00,0.00,0.00,0.00,0.00,0.00,0.00,0.00,0.00,0.00
2502,0.00,0.00,0.00,0.00,0.00,0.00,0.00,0.00,0.00,0.00,0.00,0.00
2503,0.00,0.00,0.00,0.00,0.00,0.00,0.00,0.00,0.00,0.00,0.00,0.00
2504,0.00,0.00,0.00,0.00,0.00,0.00,0.00,0.00,0.00,0.00,0.00,0.00
2505,0.00,0.00,0.00,0.00,0.00,0.00,0.00,0.00,0.00,0.00,0.00,0.00
2506,0.00,0.00,0.00,0.00,0.00,0.00,0.00,0.00,0.00,0.00,0.00,0.00
2507,0.00,0.00,0.00,0.00,0.00,0.00,0.00,0.00,0.00,0.00,0.00,0.00
2508,0.00,0.00,0.00,0.00,0.00,0.00,0.00,0.00,0.00,0.00,0.00,0.00
2509,0.00,0.00,0.00,0.00,0.00,0.00,0.00,0.00,0.00,0.00,0.00,0.00
2510,0.00,0.00,0.00,0.00,0.00,0.00,0.00,0.00,0.00,0.00,0.00,0.00
2511,0.00,0.00,0.00,0.00,0.00,0.00,0.00,0.00,0.00,0.00,0.00,0.00
2512,0.00,0.00,0.00,0.00,0.00,0.00,0.00,0.00,0.00,0.00,0.00,0.00
2513,0.00,0.00,0.00,0.00,0.00,0.00,0.00,0.00,0.00,0.00,0.00,0.00
2514,0.00,0.00,0.00,0.00,0.00,0.00,0.00,0.00,0.00,0.00,0.00,0.00
2515,0.00,0.00,0.00,0.00,0.00,0.00,0.00,0.00,0.00,0.00,0.00,0.00
2516,0.00,0.00,0.00,0.00,0.00,0.00,0.00,0.00,0.00,0.00,0.00,0.00
2517,0.00,0.00,0.00,0.00,0.00,0.00,0.00,0.00,0.00,0.00,0.00,0.00
2518,0.00,0.00,0.00,0.00,0.00,0.00,0.00,0.00,0.00,0.00,0.00,0.00
2519,0.00,0.00,0.00,0.00,0.00,0.00,0.00,0.00,0.00,0.00,0.00,0.00
2520,0.00,0.00,0.00,0.00,0.00,0.00,0.00,0.00,0.00,0.00,0.00,0.00
2521,0.00,0.00,0.00,0.00,0.00,0.00,0.00,0.00,0.00,0.00,0.00,0.00
2522,0.00,0.00,0.00,0.00,0.00,0.00,0.00,0.00,0.00,0.00,0.00,0.00
2523,0.00,0.00,0.00,0.00,0.00,0.00,0.00,0.00,0.00,0.00,0.00,0.00
2524,0.00,0.00,0.00,0.00,0.00,0.00,0.00,0.00,0.00,0.00,0.00,0.00
2525,0.00,0.00,0.00,0.00,0.00,0.00,0.00,0.00,0.00,0.00,0.00,0.00
2526,0.00,0.00,0.00,0.00,0.00,0.00,0.00,0.00,0.00,0.00,0.00,0.00
2527,0.00,0.00,0.00,0.00,0.00,0.00,0.00,0.00,0.00,0.00,0.00,0.00
2528,0.00,0.00,0.00,0.00,0.00,0.00,0.00,0.00,0.00,0.00,0.00,0.00
2529,0.00,0.00,0.00,0.00,0.00,0.00,0.00,0.00,0.00,0.00,0.00,0.00
2530,0.00,0.00,0.00,0.00,0.00,0.00,0.00,0.00,0.00,0.00,0.00,0.00
2531,0.00,0.00,0.00,0.00,0.00,0.00,0.00,0.00,0.00,0.00,0.00,0.00
2532,0.00,0.00,0.00,0.00,0.00,0.00,0.00,0.00,0.00,0.00,0.00,0.00
2533,0.00,0.00,0.00,0.00,0.00,0.00,0.00,0.00,0.00,0.00,0.00,0.00
2534,0.00,0.00,0.00,0.00,0.00,0.00,0.00,0.00,0.00,0.00,0.00,0.00
2535,0.00,0.00,0.00,0.00,0.00,0.00,0.00,0.00,0.00,0.00,0.00,0.00
2536,0.00,0.00,0.00,0.00,0.00,0.00,0.00,0.00,0.00,0.00,0.00,0.00
2537,0.00,0.00,0.00,0.00,0.00,0.00,0.00,0.00,0.00,0.00,0.00,0.00
2538,0.00,0.00,0.00,0.00,0.00,0.00,0.00,0.00,0.00,0.00,0.00,0.00
2539,0.00,0.00,0.00,0.00,0.00,0.00,0.00,0.00,0.00,0.00,0.00,0.00
2540,0.00,0.00,0.00,0.00,0.00,0.00,0.00,0.00,0.00,0.00,0.00,0.00
2541,0.00,0.00,0.00,0.00,0.00,0.00,0.00,0.00,0.00,0.00,0.00,0.00
2542,0.00,0.00,0.00,0.00,0.00,0.00,0.00,0.00,0.00,0.00,0.00,0.00
2543,0.00,0.00,0.00,0.00,0.00,0.00,0.00,0.00,0.00,0.00,0.00,0.00
2544,0.00,0.00,0.00,0.00,0.00,0.00,0.00,0.00,0.00,0.00,0.00,0.00
2545,0.00,0.00,0.00,0.00,0.00,0.00,0.00,0.00,0.00,0.00,0.00,0.00
2546,0.00,0.00,0.00,0.00,0.00,0.00,0.00,0.00,0.00,0.00,0.00,0.00
2547,0.00,0.00,0.00,0.00,0.00,0.00,0.00,0.00,0.00,0.00,0.00,0.00
2548,0.00,0.00,0.00,0.00,0.00,0.00,0.00,0.00,0.00,0.00,0.00,0.00
2549,0.00,0.00,0.00,0.00,0.00,0.00,0.00,0.00,0.00,0.00,0.00,0.00
2550,0.00,0.00,0.00,0.00,0.00,0.00,0.00,0.00,0.00,0.00,0.00,0.00
2551,0.00,0.00,0.00,0.00,0.00,0.00,0.00,0.00,0.00,0.00,0.00,0.00
2552,0.00,0.00,0.00,0.00,0.00,0.00,0.00,0.00,0.00,0.00,0.00,0.00
2553,0.00,0.00,0.00,0.00,0.00,0.00,0.00,0.00,0.00,0.00,0.00,0.00
2554,0.00,0.00,0.00,0.00,0.00,0.00,0.00,0.00,0.00,0.00,0.00,0.00
2555,0.00,0.00,0.00,0.00,0.00,0.00,0.00,0.00,0.00,0.00,0.00,0.00
2556,0.00,0.00,0.00,0.00,0.00,0.00,0.00,0.00,0.00,0.00,0.00,0.00
2557,0.00,0.00,0.00,0.00,0.00,0.00,0.00,0.00,0.00,0.00,0.00,0.00
2558,0.00,0.00,0.00,0.00,0.00,0.00,0.00,0.00,0.00,0.00,0.00,0.00
2559,0.00,0.00,0.00,0.00,0.00,0.00,0.00,0.00,0.00,0.00,0.00,0.00
2560,0.00,0.00,0.00,0.00,0.00,0.00,0.00,0.00,0.00,0.00,0.00,0.00
2561,0.00,0.00,0.00,0.00,0.00,0.00,0.00,0.00,0.00,0.00,0.00,0.00
2562,0.00,0.00,0.00,0.00,0.00,0.00,0.00,0.00,0.00,0.00,0.00,0.00
2563,0.00,0.00,0.00,0.00,0.00,0.00,0.00,0.00,0.00,0.00,0.00,0.00
2564,0.00,0.00,0.00,0.00,0.00,0.00,0.00,0.00,0.00,0.00,0.00,0.00
2565,0.00,0.00,0.00,0.00,0.00,0.00,0.00,0.00,0.00,0.00,0.00,0.00
2566,0.00,0.00,0.00,0.00,0.00,0.00,0.00,0.00,0.00,0.00,0.00,0.00
2567,0.00,0.00,0.00,0.00,0.00,0.00,0.00,0.00,0.00,0.00,0.00,0.00
2568,0.00,0.00,0.00,0.00,0.00,0.00,0.00,0.00,0.00,0.00,0.00,0.00
2569,0.00,0.00,0.00,0.00,0.00,0.00,0.00,0.00,0.00,0.00,0.00,0.00
2570,0.00,0.00,0.00,0.00,0.00,0.00,0.00,0.00,0.00,0.00,0.00,0.00
2571,0.00,0.00,0.00,0.00,0.00,0.00,0.00,0.00,0.00,0.00,0.00,0.00
2572,0.00,0.00,0.00,0.00,0.00,0.00,0.00,0.00,0.00,0.00,0.00,0.00
2573,0.00,0.00,0.00,0.00,0.00,0.00,0.00,0.00,0.00,0.00,0.00,0.00
2574,0.00,0.00,0.00,0.00,0.00,0.00,0.00,0.00,0.00,0.00,0.00,0.00
2575,0.00,0.00,0.00,0.00,0.00,0.00,0.00,0.00,0.00,0.00,0.00,0.00
2576,0.00,0.00,0.00,0.00,0.00,0.00,0.00,0.00,0.00,0.00,0.00,0.00
2577,0.00,0.00,0.00,0.00,0.00,0.00,0.00,0.00,0.00,0.00,0.00,0.00
2578,0.00,0.00,0.00,0.00,0.00,0.00,0.00,0.00,0.00,0.00,0.00,0.00
2579,0.00,0.00,0.00,0.00,0.00,0.00,0.00,0.00,0.00,0.00,0.00,0.00
2580,0.00,0.00,0.00,0.00,0.00,0.00,0.00,0.00,0.00,0.00,0.00,0.00
2581,0.00,0.00,0.00,0.00,0.00,0.00,0.00,0.00,0.00,0.00,0.00,0.00
2582,0.00,0.00,0.00,0.00,0.00,0.00,0.00,0.00,0.00,0.00,0.00,0.00
2583,0.00,0.00,0.00,0.00,0.00,0.00,0.00,0.00,0.00,0.00,0.00,0.00
2584,0.00,0.00,0.00,0.00,0.00,0.00,0.00,0.00,0.00,0.00,0.00,0.00
2585,0.00,0.00,0.00,0.00,0.00,0.00,0.00,0.00,0.00,0.00,0.00,0.00
2586,0.00,0.00,0.00,0.00,0.00,0.00,0.00,0.00,0.00,0.00,0.00,0.00
2587,0.00,0.00,0.00,0.00,0.00,0.00,0.00,0.00,0.00,0.00,0.00,0.00
2588,0.00,0.00,0.00,0.00,0.00,0.00,0.00,0.00,0.00,0.00,0.00,0.00
2589,0.00,0.00,0.00,0.00,0.00,0.00,0.00,0.00,0.00,0.00,0.00,0.00
2590,0.00,0.00,0.00,0.00,0.00,0.00,0.00,0.00,0.00,0.00,0.00,0.00
2591,0.00,0.00,0.00,0.00,0.00,0.00,0.00,0.00,0.00,0.00,0.00,0.00
2592,0.00,0.00,0.00,0.00,0.00,0.00,0.00,0.00,0.00,0.00,0.00,0.00
2593,0.00,0.00,0.00,0.00,0.00,0.00,0.00,0.00,0.00,0.00,0.00,0.00
2594,0.00,0.00,0.00,0.00,0.00,0.00,0.00,0.00,0.00,0.00,0.00,0.00
2595,0.00,0.00,0.00,0.00,0.00,0.00,0.00,0.00,0.00,0.00,0.00,0.00
2596,0.00,0.00,0.00,0.00,0.00,0.00,0.00,0.00,0.00,0.00,0.00,0.00
2597,0.00,0.00,0.00,0.00,0.00,0.00,0.00,0.00,0.00,0.00,0.00,0.00
2598,0.00,0.00,0.00,0.00,0.00,0.00,0.00,0.00,0.00,0.00,0.00,0.00
2599,0.00,0.00,0.00,0.00,0.00,0.00,0.00,0.00,0.00,0.00,0.00,0.00
2600,0.00,0.00,0.00,0.00,0.00,0.00,0.00,0.00,0.00,0.00,0.00,0.00
2601,0.00,0.00,0.00,0.00,0.00,0.00,0.00,0.00,0.00,0.00,0.00,0.00
2602,0.00,0.00,0.00,0.00,0.00,0.00,0.00,0.00,0.00,0.00,0.00,0.00
2603,0.00,0.00,0.00,0.00,0.00,0.00,0.00,0.00,0.00,0.00,0.00,0.00
2604,0.00,0.00,0.00,0.00,0.00,0.00,0.00,0.00,0.00,0.00,0.00,0.00
2605,0.00,0.00,0.00,0.00,0.00,0.00,0.00,0.00,0.00,0.00,0.00,0.00
2606,0.00,0.00,0.00,0.00,0.00,0.00,0.00,0.00,0.00,0.00,0.00,0.00
2607,0.00,0.00,0.00,0.00,0.00,0.00,0.00,0.00,0.00,0.00,0.00,0.00
2608,0.00,0.00,0.00,0.00,0.00,0.00,0.00,0.00,0.00,0.00,0.00,0.00
2609,0.00,0.00,0.00,0.00,0.00,0.00,0.00,0.00,0.00,0.00,0.00,0.00
2610,0.00,0.00,0.00,0.00,0.00,0.00,0.00,0.00,0.00,0.00,0.00,0.00
2611,0.00,0.00,0.00,0.00,0.00,0.00,0.00,0.00,0.00,0.00,0.00,0.00
2612,0.00,0.00,0.00,0.00,0.00,0.00,0.00,0.00,0.00,0.00,0.00,0.00
2613,0.00,0.00,0.00,0.00,0.00,0.00,0.00,0.00,0.00,0.00,0.00,0.00
2614,0.00,0.00,0.00,0.00,0.00,0.00,0.00,0.00,0.00,0.00,0.00,0.00
2615,0.00,0.00,0.00,0.00,0.00,0.00,0.00,0.00,0.00,0.00,0.00,0.00
2616,0.00,0.00,0.00,0.00,0.00,0.00,0.00,0.00,0.00,0.00,0.00,0.00
2617,0.00,0.00,0.00,0.00,0.00,0.00,0.00,0.00,0.00,0.00,0.00,0.00
2618,0.00,0.00,0.00,0.00,0.00,0.00,0.00,0.00,0.00,0.00,0.00,0.00
2619,0.00,0.00,0.00,0.00,0.00,0.00,0.00,0.00,0.00,0.00,0.00,0.00
2620,0.00,0.00,0.00,0.00,0.00,0.00,0.00,0.00,0.00,0.00,0.00,0.00
2621,0.00,0.00,0.00,0.00,0.00,0.00,0.00,0.00,0.00,0.00,0.00,0.00
2622,0.00,0.00,0.00,0.00,0.00,0.00,0.00,0.00,0.00,0.00,0.00,0.00
2623,0.00,0.00,0.00,0.00,0.00,0.00,0.00,0.00,0.00,0.00,0.00,0.00
2624,0.00,0.00,0.00,0.00,0.00,0.00,0.00,0.00,0.00,0.00,0.00,0.00
2625,0.00,0.00,0.00,0.00,0.00,0.00,0.00,0.00,0.00,0.00,0.00,0.00
2626,0.00,0.00,0.00,0.00,0.00,0.00,0.00,0.00,0.00,0.00,0.00,0.00
2627,0.00,0.00,0.00,0.00,0.00,0.00,0.00,0.00,0.00,0.00,0.00,0.00
2628,0.00,0.00,0.00,0.00,0.00,0.00,0.00,0.00,0.00,0.00,0.00,0.00
2629,0.00,0.00,0.00,0.00,0.00,0.00,0.00,0.00,0.00,0.00,0.00,0.00
2630,0.00,0.00,0.00,0.00,0.00,0.00,0.00,0.00,0.00,0.00,0.00,0.00
2631,0.00,0.00,0.00,0.00,0.00,0.00,0.00,0.00,0.00,0.00,0.00,0.00
2632,0.00,0.00,0.00,0.00,0.00,0.00,0.00,0.00,0.00,0.00,0.00,0.00
2633,0.00,0.00,0.00,0.00,0.00,0.00,0.00,0.00,0.00,0.00,0.00,0.00
2634,0.00,0.00,0.00,0.00,0.00,0.00,0.00,0.00,0.00,0.00,0.00,0.00
2635,0.00,0.00,0.00,0.00,0.00,0.00,0.00,0.00,0.00,0.00,0.00,0.00
2636,0.00,0.00,0.00,0.00,0.00,0.00,0.00,0.00,0.00,0.00,0.00,0.00
2637,0.00,0.00,0.00,0.00,0.00,0.00,0.00,0.00,0.00,0.00,0.00,0.00
2638,0.00,0.00,0.00,0.00,0.00,0.00,0.00,0.00,0.00,0.00,0.00,0.00
2639,0.00,0.00,0.00,0.00,0.00,0.00,0.00,0.00,0.00,0.00,0.00,0.00
2640,0.00,0.00,0.00,0.00,0.00,0.00,0.00,0.00,0.00,0.00,0.00,0.00
2641,0.00,0.00,0.00,0.00,0.00,0.00,0.00,0.00,0.00,0.00,0.00,0.00
2642,0.00,0.00,0.00,0.00,0.00,0.00,0.00,0.00,0.00,0.00,0.00,0.00
2643,0.00,0.00,0.00,0.00,0.00,0.00,0.00,0.00,0.00,0.00,0.00,0.00
2644,0.00,0.00,0.00,0.00,0.00,0.00,0.00,0.00,0.00,0.00,0.00,0.00
2645,0.00,0.00,0.00,0.00,0.00,0.00,0.00,0.00,0.00,0.00,0.00,0.00
2646,0.00,0.00,0.00,0.00,0.00,0.00,0.00,0.00,0.00,0.00,0.00,0.00
2647,0.00,0.00,0.00,0.00,0.00,0.00,0.00,0.00,0.00,0.00,0.00,0.00
2648,0.00,0.00,0.00,0.00,0.00,0.00,0.00,0.00,0.00,0.00,0.00,0.00
2649,0.00,0.00,0.00,0.00,0.00,0.00,0.00,0.00,0.00,0.00,0.00,0.00
2650,0.00,0.00,0.00,0.00,0.00,0.00,0.00,0.00,0.00,0.00,0.00,0.00
2651,0.00,0.00,0.00,0.00,0.00,0.00,0.00,0.00,0.00,0.00,0.00,0.00
2652,0.00,0.00,0.00,0.00,0.00,0.00,0.00,0.00,0.00,0.00,0.00,0.00
2653,0.00,0.00,0.00,0.00,0.00,0.00,0.00,0.00,0.00,0.00,0.00,0.00
2654,0.00,0.00,0.00,0.00,0.00,0.00,0.00,0.00,0.00,0.00,0.00,0.00
2655,0.00,0.00,0.00,0.00,0.00,0.00,0.00,0.00,0.00,0.00,0.00,0.00
2656,0.00,0.00,0.00,0.00,0.00,0.00,0.00,0.00,0.00,0.00,0.00,0.00
2657,0.00,0.00,0.00,0.00,0.00,0.00,0.00,0.00,0.00,0.00,0.00,0.00
2658,0.00,0.00,0.00,0.00,0.00,0.00,0.00,0.00,0.00,0.00,0.00,0.00
2659,0.00,0.00,0.00,0.00,0.00,0.00,0.00,0.00,0.00,0.00,0.00,0.00
2660,0.00,0.00,0.00,0.00,0.00,0.00,0.00,0.00,0.00,0.00,0.00,0.00
2661,0.00,0.00,0.00,0.00,0.00,0.00,0.00,0.00,0.00,0.00,0.00,0.00
2662,0.00,0.00,0.00,0.00,0.00,0.00,0.00,0.00,0.00,0.00,0.00,0.00
2663,0.00,0.00,0.00,0.00,0.00,0.00,0.00,0.00,0.00,0.00,0.00,0.00
2664,0.00,0.00,0.00,0.00,0.00,0.00,0.00,0.00,0.00,0.00,0.00,0.00
2665,0.00,0.00,0.00,0.00,0.00,0.00,0.00,0.00,0.00,0.00,0.00,0.00
2666,0.00,0.00,0.00,0.00,0.00,0.00,0.00,0.00,0.00,0.00,0.00,0.00
2667,0.00,0.00,0.00,0.00,0.00,0.00,0.00,0.00,0.00,0.00,0.00,0.00
2668,0.00,0.00,0.00,0.00,0.00,0.00,0.00,0.00,0.00,0.00,0.00,0.00
2669,0.00,0.00,0.00,0.00,0.00,0.00,0.00,0.00,0.00,0.00,0.00,0.00
2670,0.00,0.00,0.00,0.00,0.00,0.00,0.00,0.00,0.00,0.00,0.00,0.00
2671,0.00,0.00,0.00,0.00,0.00,0.00,0.00,0.00,0.00,0.00,0.00,0.00
2672,0.00,0.00,0.00,0.00,0.00,0.00,0.00,0.00,0.00,0.00,0.00,0.00
2673,0.00,0.00,0.00,0.00,0.00,0.00,0.00,0.00,0.00,0.00,0.00,0.00
2674,0.00,0.00,0.00,0.00,0.00,0.00,0.00,0.00,0.00,0.00,0.00,0.00
2675,0.00,0.00,0.00,0.00,0.00,0.00,0.00,0.00,0.00,0.00,0.00,0.00
2676,0.00,0.00,0.00,0.00,0.00,0.00,0.00,0.00,0.00,0.00,0.00,0.00
2677,0.00,0.00,0.00,0.00,0.00,0.00,0.00,0.00,0.00,0.00,0.00,0.00
2678,0.00,0.00,0.00,0.00,0.00,0.00,0.00,0.00,0.00,0.00,0.00,0.00
2679,0.00,0.00,0.00,0.00,0.00,0.00,0.00,0.00,0.00,0.00,0.00,0.00
2680,0.00,0.00,0.00,0.00,0.00,0.00,0.00,0.00,0.00,0.00,0.00,0.00
2681,0.00,0.00,0.00,0.00,0.00,0.00,0.00,0.00,0.00,0.00,0.00,0.00
2682,0.00,0.00,0.00,0.00,0.00,0.00,0.00,0.00,0.00,0.00,0.00,0.00
2683,0.00,0.00,0.00,0.00,0.00,0.00,0.00,0.00,0.00,0.00,0.00,0.00
2684,0.00,0.00,0.00,0.00,0.00,0.00,0.00,0.00,0.00,0.00,0.00,0.00
2685,0.00,0.00,0.00,0.00,0.00,0.00,0.00,0.00,0.00,0.00,0.00,0.00
2686,0.00,0.00,0.00,0.00,0.00,0.00,0.00,0.00,0.00,0.00,0.00,0.00
2687,0.00,0.00,0.00,0.00,0.00,0.00,0.00,0.00,0.00,0.00,0.00,0.00
2688,0.00,0.00,0.00,0.00,0.00,0.00,0.00,0.00,0.00,0.00,0.00,0.00
2689,0.00,0.00,0.00,0.00,0.00,0.00,0.00,0.00,0.00,0.00,0.00,0.00
2690,0.00,0.00,0.00,0.00,0.00,0.00,0.00,0.00,0.00,0.00,0.00,0.00
2691,0.00,0.00,0.00,0.00,0.00,0.00,0.00,0.00,0.00,0.00,0.00,0.00
2692,0.00,0.00,0.00,0.00,0.00,0.00,0.00,0.00,0.00,0.00,0.00,0.00
2693,0.00,0.00,0.00,0.00,0.00,0.00,0.00,0.00,0.00,0.00,0.00,0.00
2694,0.00,0.00,0.00,0.00,0.00,0.00,0.00,0.00,0.00,0.00,0.00,0.00
2695,0.00,0.00,0.00,0.00,0.00,0.00,0.00,0.00,0.00,0.00,0.00,0.00
2696,0.00,0.00,0.00,0.00,0.00,0.00,0.00,0.00,0.00,0.00,0.00,0.00
2697,0.00,0.00,0.00,0.00,0.00,0.00,0.00,0.00,0.00,0.00,0.00,0.00
2698,0.00,0.00,0.00,0.00,0.00,0.00,0.00,0.00,0.00,0.00,0.00,0.00
2699,0.00,0.00,0.00,0.00,0.00,0.00,0.00,0.00,0.00,0.00,0.00,0.00
2700,0.00,0.00,0.00,0.00,0.00,0.00,0.00,0.00,0.00,0.00,0.00,0.00
2701,0.00,0.00,0.00,0.00,0.00,0.00,0.00,0.00,0.00,0.00,0.00,0.00
2702,0.00,0.00,0.00,0.00,0.00,0.00,0.00,0.00,0.00,0.00,0.00,0.00
2703,0.00,0.00,0.00,0.00,0.00,0.00,0.00,0.00,0.00,0.00,0.00,0.00
2704,0.00,0.00,0.00,0.00,0.00,0.00,0.00,0.00,0.00,0.00,0.00,0.00
2705,0.00,0.00,0.00,0.00,0.00,0.00,0.00,0.00,0.00,0.00,0.00,0.00
2706,0.00,0.00,0.00,0.00,0.00,0.00,0.00,0.00,0.00,0.00,0.00,0.00
2707,0.00,0.00,0.00,0.00,0.00,0.00,0.00,0.00,0.00,0.00,0.00,0.00
2708,0.00,0.00,0.00,0.00,0.00,0.00,0.00,0.00,0.00,0.00,0.00,0.00
2709,0.00,0.00,0.00,0.00,0.00,0.00,0.00,0.00,0.00,0.00,0.00,0.00
2710,0.00,0.00,0.00,0.00,0.00,0.00,0.00,0.00,0.00,0.00,0.00,0.00
2711,0.00,0.00,0.00,0.00,0.00,0.00,0.00,0.00,0.00,0.00,0.00,0.00
2712,0.00,0.00,0.00,0.00,0.00,0.00,0.00,0.00,0.00,0.00,0.00,0.00
2713,0.00,0.00,0.00,0.00,0.00,0.00,0.00,0.00,0.00,0.00,0.00,0.00
2714,0.00,0.00,0.00,0.00,0.00,0.00,0.00,0.00,0.00,0.00,0.00,0.00
2715,0.00,0.00,0.00,0.00,0.00,0.00,0.00,0.00,0.00,0.00,0.00,0.00
2716,0.00,0.00,0.00,0.00,0.00,0.00,0.00,0.00,0.00,0.00,0.00,0.00
2717,0.00,0.00,0.00,0.00,0.00,0.00,0.00,0.00,0.00,0.00,0.00,0.00
2718,0.00,0.00,0.00,0.00,0.00,0.00,0.00,0.00,0.00,0.00,0.00,0.00
2719,0.00,0.00,0.00,0.00,0.00,0.00,0.00,0.00,0.00,0.00,0.00,0.00
2720,0.00,0.00,0.00,0.00,0.00,0.00,0.00,0.00,0.00,0.00,0.00,0.00
2721,0.00,0.00,0.00,0.00,0.00,0.00,0.00,0.00,0.00,0.00,0.00,0.00
2722,0.00,0.00,0.00,0.00,0.00,0.00,0.00,0.00,0.00,0.00,0.00,0.00
2723,0.00,0.00,0.00,0.00,0.00,0.00,0.00,0.00,0.00,0.00,0.00,0.00
2724,0.00,0.00,0.00,0.00,0.00,0.00,0.00,0.00,0.00,0.00,0.00,0.00
2725,0.00,0.00,0.00,0.00,0.00,0.00,0.00,0.00,0.00,0.00,0.00,0.00
2726,0.00,0.00,0.00,0.00,0.00,0.00,0.00,0.00,0.00,0.00,0.00,0.00
2727,0.00,0.00,0.00,0.00,0.00,0.00,0.00,0.00,0.00,0.00,0.00,0.00
2728,0.00,0.00,0.00,0.00,0.00,0.00,0.00,0.00,0.00,0.00,0.00,0.00
2729,0.00,0.00,0.00,0.00,0.00,0.00,0.00,0.00,0.00,0.00,0.00,0.00
2730,0.00,0.00,0.00,0.00,0.00,0.00,0.00,0.00,0.00,0.00,0.00,0.00
2731,0.00,0.00,0.00,0.00,0.00,0.00,0.00,0.00,0.00,0.00,0.00,0.00
2732,0.00,0.00,0.00,0.00,0.00,0.00,0.00,0.00,0.00,0.00,0.00,0.00
2733,0.00,0.00,0.00,0.00,0.00,0.00,0.00,0.00,0.00,0.00,0.00,0.00
2734,0.00,0.00,0.00,0.00,0.00,0.00,0.00,0.00,0.00,0.00,0.00,0.00
2735,0.00,0.00,0.00,0.00,0.00,0.00,0.00,0.00,0.00,0.00,0.00,0.00
2736,0.00,0.00,0.00,0.00,0.00,0.00,0.00,0.00,0.00,0.00,0.00,0.00
2737,0.00,0.00,0.00,0.00,0.00,0.00,0.00,0.00,0.00,0.00,0.00,0.00
2738,0.00,0.00,0.00,0.00,0.00,0.00,0.00,0.00,0.00,0.00,0.00,0.00
2739,0.00,0.00,0.00,0.00,0.00,0.00,0.00,0.00,0.00,0.00,0.00,0.00
2740,0.00,0.00,0.00,0.00,0.00,0.00,0.00,0.00,0.00,0.00,0.00,0.00
2741,0.00,0.00,0.00,0.00,0.00,0.00,0.00,0.00,0.00,0.00,0.00,0.00
2742,0.00,0.00,0.00,0.00,0.00,0.00,0.00,0.00,0.00,0.00,0.00,0.00
2743,0.00,0.00,0.00,0.00,0.00,0.00,0.00,0.00,0.00,0.00,0.00,0.00
2744,0.00,0.00,0.00,0.00,0.00,0.00,0.00,0.00,0.00,0.00,0.00,0.00
2745,0.00,0.00,0.00,0.00,0.00,0.00,0.00,0.00,0.00,0.00,0.00,0.00
2746,0.00,0.00,0.00,0.00,0.00,0.00,0.00,0.00,0.00,0.00,0.00,0.00
2747,0.00,0.00,0.00,0.00,0.00,0.00,0.00,0.00,0.00,0.00,0.00,0.00
2748,0.00,0.00,0.00,0.00,0.00,0.00,0.00,0.00,0.00,0.00,0.00,0.00
2749,0.00,0.00,0.00,0.00,0.00,0.00,0.00,0.00,0.00,0.00,0.00,0.00
2750,0.00,0.00,0.00,0.00,0.00,0.00,0.00,0.00,0.00,0.00,0.00,0.00
2751,0.00,0.00,0.00,0.00,0.00,0.00,0.00,0.00,0.00,0.00,0.00,0.00
2752,0.00,0.00,0.00,0.00,0.00,0.00,0.00,0.00,0.00,0.00,0.00,0.00
2753,0.00,0.00,0.00,0.00,0.00,0.00,0.00,0.00,0.00,0.00,0.00,0.00
2754,0.00,0.00,0.00,0.00,0.00,0.00,0.00,0.00,0.00,0.00,0.00,0.00
2755,0.00,0.00,0.00,0.00,0.00,0.00,0.00,0.00,0.00,0.00,0.00,0.00
2756,0.00,0.00,0.00,0.00,0.00,0.00,0.00,0.00,0.00,0.00,0.00,0.00
2757,0.00,0.00,0.00,0.00,0.00,0.00,0.00,0.00,0.00,0.00,0.00,0.00
2758,0.00,0.00,0.00,0.00,0.00,0.00,0.00,0.00,0.00,0.00,0.00,0.00
2759,0.00,0.00,0.00,0.00,0.00,0.00,0.00,0.00,0.00,0.00,0.00,0.00
2760,0.00,0.00,0.00,0.00,0.00,0.00,0.00,0.00,0.00,0.00,0.00,0.00
2761,0.00,0.00,0.00,0.00,0.00,0.00,0.00,0.00,0.00,0.00,0.00,0.00
2762,0.00,0.00,0.00,0.00,0.00,0.00,0.00,0.00,0.00,0.00,0.00,0.00
2763,0.00,0.00,0.00,0.00,0.00,0.00,0.00,0.00,0.00,0.00,0.00,0.00
2764,0.00,0.00,0.00,0.00,0.00,0.00,0.00,0.00,0.00,0.00,0.00,0.00
2765,0.00,0.00,0.00,0.00,0.00,0.00,0.00,0.00,0.00,0.00,0.00,0.00
2766,0.00,0.00,0.00,0.00,0.00,0.00,0.00,0.00,0.00,0.00,0.00,0.00
2767,0.00,0.00,0.00,0.00,0.00,0.00,0.00,0.00,0.00,0.00,0.00,0.00
2768,0.00,0.00,0.00,0.00,0.00,0.00,0.00,0.00,0.00,0.00,0.00,0.00
2769,0.00,0.00,0.00,0.00,0.00,0.00,0.00,0.00,0.00,0.00,0.00,0.00
2770,0.00,0.00,0.00,0.00,0.00,0.00,0.00,0.00,0.00,0.00,0.00,0.00
2771,0.00,0.00,0.00,0.00,0.00,0.00,0.00,0.00,0.00,0.00,0.00,0.00
2772,0.00,0.00,0.00,0.00,0.00,0.00,0.00,0.00,0.00,0.00,0.00,0.00
2773,0.00,0.00,0.00,0.00,0.00,0.00,0.00,0.00,0.00,0.00,0.00,0.00
2774,0.00,0.00,0.00,0.00,0.00,0.00,0.00,0.00,0.00,0.00,0.00,0.00
2775,0.00,0.00,0.00,0.00,0.00,0.00,0.00,0.00,0.00,0.00,0.00,0.00
2776,0.00,0.00,0.00,0.00,0.00,0.00,0.00,0.00,0.00,0.00,0.00,0.00
2777,0.00,0.00,0.00,0.00,0.00,0.00,0.00,0.00,0.00,0.00,0.00,0.00
2778,0.00,0.00,0.00,0.00,0.00,0.00,0.00,0.00,0.00,0.00,0.00,0.00
2779,0.00,0.00,0.00,0.00,0.00,0.00,0.00,0.00,0.00,0.00,0.00,0.00
2780,0.00,0.00,0.00,0.00,0.00,0.00,0.00,0.00,0.00,0.00,0.00,0.00
2781,0.00,0.00,0.00,0.00,0.00,0.00,0.00,0.00,0.00,0.00,0.00,0.00
2782,0.00,0.00,0.00,0.00,0.00,0.00,0.00,0.00,0.00,0.00,0.00,0.00
2783,0.00,0.00,0.00,0.00,0.00,0.00,0.00,0.00,0.00,0.00,0.00,0.00
2784,0.00,0.00,0.00,0.00,0.00,0.00,0.00,0.00,0.00,0.00,0.00,0.00
2785,0.00,0.00,0.00,0.00,0.00,0.00,0.00,0.00,0.00,0.00,0.00,0.00
2786,0.00,0.00,0.00,0.00,0.00,0.00,0.00,0.00,0.00,0.00,0.00,0.00
2787,0.00,0.00,0.00,0.00,0.00,0.00,0.00,0.00,0.00,0.00,0.00,0.00
2788,0.00,0.00,0.00,0.00,0.00,0.00,0.00,0.00,0.00,0.00,0.00,0.00
2789,0.00,0.00,0.00,0.00,0.00,0.00,0.00,0.00,0.00,0.00,0.00,0.00
2790,0.00,0.00,0.00,0.00,0.00,0.00,0.00,0.00,0.00,0.00,0.00,0.00
2791,0.00,0.00,0.00,0.00,0.00,0.00,0.00,0.00,0.00,0.00,0.00,0.00
2792,0.00,0.00,0.00,0.00,0.00,0.00,0.00,0.00,0.00,0.00,0.00,0.00
2793,0.00,0.00,0.00,0.00,0.00,0.00,0.00,0.00,0.00,0.00,0.00,0.00
2794,0.00,0.00,0.00,0.00,0.00,0.00,0.00,0.00,0.00,0.00,0.00,0.00
2795,0.00,0.00,0.00,0.00,0.00,0.00,0.00,0.00,0.00,0.00,0.00,0.00
2796,0.00,0.00,0.00,0.00,0.00,0.00,0.00,0.00,0.00,0.00,0.00,0.00
2797,0.00,0.00,0.00,0.00,0.00,0.00,0.00,0.00,0.00,0.00,0.00,0.00
2798,0.00,0.00,0.00,0.00,0.00,0.00,0.00,0.00,0.00,0.00,0.00,0.00
2799,0.00,0.00,0.00,0.00,0.00,0.00,0.00,0.00,0.00,0.00,0.00,0.00
2800,0.00,0.00,0.00,0.00,0.00,0.00,0.00,0.00,0.00,0.00,0.00,0.00
2801,0.00,0.00,0.00,0.00,0.00,0.00,0.00,0.00,0.00,0.00,0.00,0.00
2802,0.00,0.00,0.00,0.00,0.00,0.00,0.00,0.00,0.00,0.00,0.00,0.00
2803,0.00,0.00,0.00,0.00,0.00,0.00,0.00,0.00,0.00,0.00,0.00,0.00
2804,0.00,0.00,0.00,0.00,0.00,0.00,0.00,0.00,0.00,0.00,0.00,0.00
2805,0.00,0.00,0.00,0.00,0.00,0.00,0.00,0.00,0.00,0.00,0.00,0.00
2806,0.00,0.00,0.00,0.00,0.00,0.00,0.00,0.00,0.00,0.00,0.00,0.00
2807,0.00,0.00,0.00,0.00,0.00,0.00,0.00,0.00,0.00,0.00,0.00,0.00
2808,0.00,0.00,0.00,0.00,0.00,0.00,0.00,0.00,0.00,0.00,0.00,0.00
2809,0.00,0.00,0.00,0.00,0.00,0.00,0.00,0.00,0.00,0.00,0.00,0.00
2810,0.00,0.00,0.00,0.00,0.00,0.00,0.00,0.00,0.00,0.00,0.00,0.00
2811,0.00,0.00,0.00,0.00,0.00,0.00,0.00,0.00,0.00,0.00,0.00,0.00
2812,0.00,0.00,0.00,0.00,0.00,0.00,0.00,0.00,0.00,0.00,0.00,0.00
2813,0.00,0.00,0.00,0.00,0.00,0.00,0.00,0.00,0.00,0.00,0.00,0.00
2814,0.00,0.00,0.00,0.00,0.00,0.00,0.00,0.00,0.00,0.00,0.00,0.00
2815,0.00,0.00,0.00,0.00,0.00,0.00,0.00,0.00,0.00,0.00,0.00,0.00
2816,0.00,0.00,0.00,0.00,0.00,0.00,0.00,0.00,0.00,0.00,0.00,0.00
2817,0.00,0.00,0.00,0.00,0.00,0.00,0.00,0.00,0.00,0.00,0.00,0.00
2818,0.00,0.00,0.00,0.00,0.00,0.00,0.00,0.00,0.00,0.00,0.00,0.00
2819,0.00,0.00,0.00,0.00,0.00,0.00,0.00,0.00,0.00,0.00,0.00,0.00
2820,0.00,0.00,0.00,0.00,0.00,0.00,0.00,0.00,0.00,0.00,0.00,0.00
2821,0.00,0.00,0.00,0.00,0.00,0.00,0.00,0.00,0.00,0.00,0.00,0.00
2822,0.00,0.00,0.00,0.00,0.00,0.00,0.00,0.00,0.00,0.00,0.00,0.00
2823,0.00,0.00,0.00,0.00,0.00,0.00,0.00,0.00,0.00,0.00,0.00,0.00
2824,0.00,0.00,0.00,0.00,0.00,0.00,0.00,0.00,0.00,0.00,0.00,0.00
2825,0.00,0.00,0.00,0.00,0.00,0.00,0.00,0.00,0.00,0.00,0.00,0.00
2826,0.00,0.00,0.00,0.00,0.00,0.00,0.00,0.00,0.00,0.00,0.00,0.00
2827,0.00,0.00,0.00,0.00,0.00,0.00,0.00,0.00,0.00,0.00,0.00,0.00
2828,0.00,0.00,0.00,0.00,0.00,0.00,0.00,0.00,0.00,0.00,0.00,0.00
2829,0.00,0.00,0.00,0.00,0.00,0.00,0.00,0.00,0.00,0.00,0.00,0.00
2830,0.00,0.00,0.00,0.00,0.00,0.00,0.00,0.00,0.00,0.00,0.00,0.00
2831,0.00,0.00,0.00,0.00,0.00,0.00,0.00,0.00,0.00,0.00,0.00,0.00
2832,0.00,0.00,0.00,0.00,0.00,0.00,0.00,0.00,0.00,0.00,0.00,0.00
2833,0.00,0.00,0.00,0.00,0.00,0.00,0.00,0.00,0.00,0.00,0.00,0.00
2834,0.00,0.00,0.00,0.00,0.00,0.00,0.00,0.00,0.00,0.00,0.00,0.00
2835,0.00,0.00,0.00,0.00,0.00,0.00,0.00,0.00,0.00,0.00,0.00,0.00
2836,0.00,0.00,0.00,0.00,0.00,0.00,0.00,0.00,0.00,0.00,0.00,0.00
2837,0.00,0.00,0.00,0.00,0.00,0.00,0.00,0.00,0.00,0.00,0.00,0.00
2838,0.00,0.00,0.00,0.00,0.00,0.00,0.00,0.00,0.00,0.00,0.00,0.00
2839,0.00,0.00,0.00,0.00,0.00,0.00,0.00,0.00,0.00,0.00,0.00,0.00
2840,0.00,0.00,0.00,0.00,0.00,0.00,0.00,0.00,0.00,0.00,0.00,0.00
2841,0.00,0.00,0.00,0.00,0.00,0.00,0.00,0.00,0.00,0.00,0.00,0.00
2842,0.00,0.00,0.00,0.00,0.00,0.00,0.00,0.00,0.00,0.00,0.00,0.00
2843,0.00,0.00,0.00,0.00,0.00,0.00,0.00,0.00,0.00,0.00,0.00,0.00
2844,0.00,0.00,0.00,0.00,0.00,0.00,0.00,0.00,0.00,0.00,0.00,0.00
2845,0.00,0.00,0.00,0.00,0.00,0.00,0.00,0.00,0.00,0.00,0.00,0.00
2846,0.00,0.00,0.00,0.00,0.00,0.00,0.00,0.00,0.00,0.00,0.00,0.00
2847,0.00,0.00,0.00,0.00,0.00,0.00,0.00,0.00,0.00,0.00,0.00,0.00
2848,0.00,0.00,0.00,0.00,0.00,0.00,0.00,0.00,0.00,0.00,0.00,0.00
2849,0.00,0.00,0.00,0.00,0.00,0.00,0.00,0.00,0.00,0.00,0.00,0.00
2850,0.00,0.00,0.00,0.00,0.00,0.00,0.00,0.00,0.00,0.00,0.00,0.00
2851,0.00,0.00,0.00,0.00,0.00,0.00,0.00,0.00,0.00,0.00,0.00,0.00
2852,0.00,0.00,0.00,0.00,0.00,0.00,0.00,0.00,0.00,0.00,0.00,0.00
2853,0.00,0.00,0.00,0.00,0.00,0.00,0.00,0.00,0.00,0.00,0.00,0.00
2854,0.00,0.00,0.00,0.00,0.00,0.00,0.00,0.00,0.00,0.00,0.00,0.00
2855,0.00,0.00,0.00,0.00,0.00,0.00,0.00,0.00,0.00,0.00,0.00,0.00
2856,0.00,0.00,0.00,0.00,0.00,0.00,0.00,0.00,0.00,0.00,0.00,0.00
2857,0.00,0.00,0.00,0.00,0.00,0.00,0.00,0.00,0.00,0.00,0.00,0.00
2858,0.00,0.00,0.00,0.00,0.00,0.00,0.00,0.00,0.00,0.00,0.00,0.00
2859,0.00,0.00,0.00,0.00,0.00,0.00,0.00,0.00,0.00,0.00,0.00,0.00
2860,0.00,0.00,0.00,0.00,0.00,0.00,0.00,0.00,0.00,0.00,0.00,0.00
2861,0.00,0.00,0.00,0.00,0.00,0.00,0.00,0.00,0.00,0.00,0.00,0.00
2862,0.00,0.00,0.00,0.00,0.00,0.00,0.00,0.00,0.00,0.00,0.00,0.00
2863,0.00,0.00,0.00,0.00,0.00,0.00,0.00,0.00,0.00,0.00,0.00,0.00
2864,0.00,0.00,0.00,0.00,0.00,0.00,0.00,0.00,0.00,0.00,0.00,0.00
2865,0.00,0.00,0.00,0.00,0.00,0.00,0.00,0.00,0.00,0.00,0.00,0.00
2866,0.00,0.00,0.00,0.00,0.00,0.00,0.00,0.00,0.00,0.00,0.00,0.00
2867,0.00,0.00,0.00,0.00,0.00,0.00,0.00,0.00,0.00,0.00,0.00,0.00
2868,0.00,0.00,0.00,0.00,0.00,0.00,0.00,0.00,0.00,0.00,0.00,0.00
2869,0.00,0.00,0.00,0.00,0.00,0.00,0.00,0.00,0.00,0.00,0.00,0.00
2870,0.00,0.00,0.00,0.00,0.00,0.00,0.00,0.00,0.00,0.00,0.00,0.00
2871,0.00,0.00,0.00,0.00,0.00,0.00,0.00,0.00,0.00,0.00,0.00,0.00
2872,0.00,0.00,0.00,0.00,0.00,0.00,0.00,0.00,0.00,0.00,0.00,0.00
2873,0.00,0.00,0.00,0.00,0.00,0.00,0.00,0.00,0.00,0.00,0.00,0.00
2874,0.00,0.00,0.00,0.00,0.00,0.00,0.00,0.00,0.00,0.00,0.00,0.00
2875,0.00,0.00,0.00,0.00,0.00,0.00,0.00,0.00,0.00,0.00,0.00,0.00
2876,0.00,0.00,0.00,0.00,0.00,0.00,0.00,0.00,0.00,0.00,0.00,0.00
2877,0.00,0.00,0.00,0.00,0.00,0.00,0.00,0.00,0.00,0.00,0.00,0.00
2878,0.00,0.00,0.00,0.00,0.00,0.00,0.00,0.00,0.00,0.00,0.00,0.00
2879,0.00,0.00,0.00,0.00,0.00,0.00,0.00,0.00,0.00,0.00,0.00,0.00
2880,0.00,0.00,0.00,0.00,0.00,0.00,0.00,0.00,0.00,0.00,0.00,0.00
2881,0.00,0.00,0.00,0.00,0.00,0.00,0.00,0.00,0.00,0.00,0.00,0.00
2882,0.00,0.00,0.00,0.00,0.00,0.00,0.00,0.00,0.00,0.00,0.00,0.00
2883,0.00,0.00,0.00,0.00,0.00,0.00,0.00,0.00,0.00,0.00,0.00,0.00
2884,0.00,0.00,0.00,0.00,0.00,0.00,0.00,0.00,0.00,0.00,0.00,0.00
2885,0.00,0.00,0.00,0.00,0.00,0.00,0.00,0.00,0.00,0.00,0.00,0.00
2886,0.00,0.00,0.00,0.00,0.00,0.00,0.00,0.00,0.00,0.00,0.00,0.00
2887,0.00,0.00,0.00,0.00,0.00,0.00,0.00,0.00,0.00,0.00,0.00,0.00
2888,0.00,0.00,0.00,0.00,0.00,0.00,0.00,0.00,0.00,0.00,0.00,0.00
2889,0.00,0.00,0.00,0.00,0.00,0.00,0.00,0.00,0.00,0.00,0.00,0.00
2890,0.00,0.00,0.00,0.00,0.00,0.00,0.00,0.00,0.00,0.00,0.00,0.00
2891,0.00,0.00,0.00,0.00,0.00,0.00,0.00,0.00,0.00,0.00,0.00,0.00
2892,0.00,0.00,0.00,0.00,0.00,0.00,0.00,0.00,0.00,0.00,0.00,0.00
2893,0.00,0.00,0.00,0.00,0.00,0.00,0.00,0.00,0.00,0.00,0.00,0.00
2894,0.00,0.00,0.00,0.00,0.00,0.00,0.00,0.00,0.00,0.00,0.00,0.00
2895,45.34,-37.26,-82.60,-4.04,63.95,-59.91,58.47,99.82,177.42,139.10,92.75,15.10
2896,43.32,-30.24,-73.56,-6.54,58.42,-51.88,57.46,96.79,178.43,142.13,94.77,18.13
2897,45.34,-26.20,-71.54,-9.57,58.42,-48.85,59.48,101.79,181.46,144.15,95.78,19.14
2898,50.39,-25.19,-75.58,-12.60,62.99,-50.39,65.53,104.82,181.46,146.17,98.81,20.15
2899,45.34,-21.16,-66.50,-12.07,55.92,-43.80,67.51,106.84,184.49,149.20,102.80,26.20
2900,39.28,-25.19,-64.48,-7.02,51.88,-44.81,72.55,107.85,186.51,151.22,102.80,27.21
2901,41.30,-26.20,-67.51,-7.55,54.38,-46.83,58.47,97.80,178.43,144.15,96.79,18.13
2902,51.40,-24.18,-75.58,-13.61,63.47,-49.86,54.43,96.79,175.40,139.10,93.76,20.15
2903,58.47,-18.13,-76.59,-20.15,67.51,-47.36,70.53,106.84,178.43,143.14,96.79,22.17
2904,37.26,-31.25,-68.52,-2.98,52.89,-49.86,65.53,105.83,177.42,144.15,95.78,18.13
2905,24.18,-39.28,-63.47,7.55,43.80,-51.35,65.53,103.81,174.39,141.12,91.74,14.09
2906,32.26,-29.23,-61.50,-1.49,46.88,-45.34,61.50,100.83,170.35,139.10,88.71,11.06
2907,28.22,-34.23,-62.46,2.98,45.34,-48.32,61.50,97.80,170.35,139.10,88.71,15.10
2908,36.25,-25.19,-61.45,-5.53,48.85,-43.32,64.52,99.82,174.39,141.12,93.76,17.12
2909,40.29,-22.17,-62.46,-9.04,51.35,-42.31,58.47,100.83,177.42,143.14,96.79,19.14
2910,36.25,-23.18,-59.43,-6.54,47.84,-41.30,62.51,98.81,176.41,144.15,95.78,20.15
2911,39.28,-31.25,-70.53,-3.99,54.91,-50.87,64.52,99.82,170.35,141.12,90.73,13.08
2912,39.28,-40.29,-79.57,0.48,59.43,-59.91,62.51,101.79,170.35,140.11,90.73,12.07
2913,48.37,-28.22,-76.59,-10.05,62.46,-52.41,63.52,102.80,174.39,143.14,94.77,15.10
2914,55.44,-23.18,-78.61,-16.11,67.03,-50.87,64.52,106.84,175.40,144.15,95.78,16.11
2915,62.51,-15.10,-77.60,-23.70,70.05,-46.35,66.54,106.84,179.44,148.19,97.80,24.18
2916,58.47,-18.13,-76.59,-20.15,67.51,-47.36,66.54,106.84,181.46,149.20,97.80,21.16
2917,38.27,-32.26,-70.53,-2.98,54.38,-51.40,61.50,101.79,170.35,140.11,88.71,5.00
2918,33.27,-42.31,-75.58,4.52,54.43,-58.95,61.50,98.81,168.33,139.10,88.71,9.04
2919,41.30,-39.28,-80.58,-1.01,60.92,-59.91,62.51,102.80,172.37,141.12,92.75,21.16
2920,45.34,-31.25,-76.59,-7.02,60.97,-53.90,61.50,104.82,173.38,143.14,93.76,20.15
2921,49.38,-25.19,-74.57,-12.07,61.98,-49.86,61.50,106.84,174.39,145.16,93.76,18.13
2922,42.31,-31.25,-73.56,-5.53,57.94,-52.41,60.49,104.82,171.36,141.12,88.71,8.03
2923,43.32,-30.24,-73.56,-6.54,58.42,-51.88,60.49,105.83,171.36,142.13,89.72,14.09
2924,59.48,-17.12,-76.59,-21.16,68.03,-46.83,63.52,107.85,174.39,143.14,92.75,18.13
2925,44.33,-30.24,-74.57,-7.02,59.43,-52.41,59.48,102.80,170.35,138.09,89.72,16.11
2926,37.26,-35.24,-72.51,-1.01,54.86,-53.85,54.43,96.79,166.36,139.10,91.74,25.19
2927,38.27,-32.26,-70.53,-2.98,54.38,-51.40,56.45,99.82,168.33,137.08,88.71,13.08
2928,42.31,-21.16,-63.47,-10.58,52.89,-42.31,60.49,103.81,172.37,141.12,93.76,17.12
2929,45.34,-25.19,-70.53,-10.05,57.94,-47.84,57.46,97.80,170.35,138.09,92.75,18.13
2930,31.25,-41.30,-72.55,5.00,51.88,-56.93,57.46,100.83,167.37,133.09,85.68,10.05
2931,37.26,-32.26,-69.53,-2.50,53.37,-50.87,58.47,106.84,172.37,139.10,94.77,23.18
2932,33.27,-46.35,-79.62,6.54,56.45,-62.99,53.42,98.81,167.37,131.07,85.68,9.04
2933,33.27,-45.34,-78.61,6.01,55.92,-61.98,54.43,98.81,166.36,132.08,83.66,10.05
2934,47.36,-22.17,-69.53,-12.60,58.42,-45.82,57.46,103.81,174.39,142.13,96.79,27.21
2935,45.34,-25.19,-70.53,-10.05,57.94,-47.84,60.49,102.80,173.38,139.10,93.76,17.12
2936,38.27,-34.23,-72.51,-2.02,55.39,-53.37,62.51,103.81,170.35,135.06,87.70,5.00
2937,35.24,-32.26,-67.51,-1.49,51.35,-49.86,63.52,105.83,170.35,135.06,88.71,9.04
2938,35.24,-39.28,-74.53,2.02,54.86,-56.88,60.49,104.82,170.35,136.07,88.71,13.08
2939,32.26,-41.30,-73.56,4.52,52.89,-57.41,61.50,103.81,169.34,135.06,86.69,12.07
2940,27.21,-39.28,-66.50,6.01,46.83,-52.89,62.51,103.81,168.33,135.06,87.70,17.12
2941,31.25,-37.26,-68.52,2.98,49.86,-52.89,59.48,103.81,166.36,134.10,87.70,14.09
2942,41.30,-26.20,-67.51,-7.55,54.38,-46.83,62.51,105.83,168.33,138.09,90.73,15.10
2943,44.33,-21.16,-65.49,-11.59,54.91,-43.32,61.50,105.83,170.35,136.07,89.72,17.12
2944,42.31,-23.18,-65.49,-9.57,53.90,-44.33,62.51,105.83,170.35,135.06,88.71,13.08
2945,40.29,-28.22,-68.52,-6.01,54.38,-48.37,64.52,107.85,173.38,137.08,89.72,10.05
2946,36.25,-27.21,-63.47,-4.52,49.86,-45.34,64.52,107.85,173.38,139.10,93.76,14.09
2947,36.25,-25.19,-61.45,-5.53,48.85,-43.32,69.53,109.87,174.39,141.12,95.78,14.09
2948,45.34,-20.15,-65.49,-12.60,55.39,-42.79,69.53,107.85,174.39,138.09,90.73,9.04
2949,48.37,-11.06,-59.43,-18.66,53.90,-35.24,60.49,104.82,173.38,143.14,93.76,18.13
2950,50.39,0.96,-49.43,-25.68,49.91,-24.23,59.48,104.82,181.46,150.21,102.80,27.21
2951,49.38,5.00,-44.38,-27.17,46.88,-19.67,59.48,102.80,188.53,155.25,106.84,24.18
2952,50.39,2.98,-47.41,-26.69,48.90,-22.21,54.43,101.79,187.52,156.26,103.81,17.12
2953,50.39,10.05,-40.34,-30.19,45.39,-15.15,60.49,104.82,195.59,163.33,112.89,26.20
2954,50.39,7.02,-43.37,-28.70,46.88,-18.17,56.45,99.82,194.58,164.34,114.91,29.23
2955,52.41,6.01,-46.40,-29.19,49.43,-20.19,54.43,97.80,191.56,161.31,109.87,27.21
2956,44.33,11.06,-33.27,-27.69,38.80,-11.11,57.46,103.81,199.63,169.34,114.91,34.23
2957,51.40,24.18,-27.21,-37.79,39.33,-1.49,53.42,97.80,199.63,170.35,115.92,36.25
2958,56.45,29.23,-27.21,-42.84,41.83,1.01,55.44,95.78,201.65,173.38,119.96,40.29
2959,50.39,26.20,-24.18,-38.27,37.31,1.01,56.45,94.77,202.61,174.39,119.96,38.27
2960,49.38,34.23,-15.15,-41.78,32.26,9.57,57.46,95.78,205.64,179.44,125.01,42.31
2961,55.44,41.30,-14.14,-48.37,34.81,13.61,54.43,96.79,211.70,186.51,132.08,52.41
2962,59.48,43.32,-16.16,-51.40,37.84,13.61,49.38,93.76,208.67,182.47,126.02,43.32
2963,58.47,49.38,-9.09,-53.90,33.80,20.15,45.34,92.75,209.68,184.49,130.06,44.33
2964,64.52,58.47,-6.06,-61.50,35.29,26.20,49.38,94.77,213.72,190.55,137.08,50.39
2965,62.51,54.43,-8.08,-58.47,35.29,23.18,49.38,97.80,213.72,187.52,135.06,46.35
2966,58.47,48.37,-10.10,-53.42,34.28,19.14,49.38,100.83,217.76,192.56,138.09,52.41
2967,69.53,59.48,-10.05,-64.48,39.81,24.71,56.45,105.83,226.85,200.64,146.17,59.48
2968,88.71,71.54,-17.16,-80.10,52.94,27.21,52.41,101.79,223.82,195.59,142.13,54.43
2969,68.52,45.34,-23.18,-56.93,45.87,11.11,47.36,99.82,219.78,189.54,138.09,49.38
2970,60.49,44.33,-16.16,-52.41,38.32,14.09,41.30,95.78,218.77,192.56,141.12,54.43
2971,77.60,57.46,-20.15,-67.51,48.90,18.66,42.31,93.76,219.78,191.56,136.07,49.38
2972,77.60,54.43,-23.18,-66.02,50.39,15.63,45.34,100.83,223.82,193.57,137.08,51.40
2973,77.60,55.44,-22.17,-66.50,49.91,16.64,32.26,94.77,219.78,195.59,142.13,58.47
2974,71.54,49.38,-22.17,-60.44,46.88,13.61,25.19,87.70,219.78,194.58,142.13,55.44
2975,73.56,57.46,-16.11,-65.49,44.86,20.67,25.19,88.71,226.85,200.64,148.19,59.48
2976,77.60,61.50,-16.11,-69.53,46.88,22.69,23.18,86.69,227.86,202.61,148.19,61.50
2977,72.55,67.51,-5.05,-70.01,38.80,31.25,18.13,83.66,229.88,204.63,151.22,64.52
2978,75.58,73.56,-2.02,-74.57,38.80,35.77,13.08,79.62,230.89,210.69,159.29,72.55
2979,84.67,86.69,2.02,-85.68,41.35,44.38,3.99,74.57,229.88,211.70,162.32,78.61
2980,85.68,104.82,19.14,-95.25,33.27,61.98,-7.02,61.50,228.87,212.71,167.37,82.65
2981,83.66,105.83,22.17,-94.72,30.77,64.00,-17.12,52.41,222.81,208.67,167.37,83.66
2982,91.74,112.89,21.16,-102.32,35.29,67.03,-27.21,43.32,217.76,205.64,165.35,84.67
2983,93.76,110.87,17.12,-102.32,38.32,64.00,-32.26,35.24,212.71,202.61,162.32,82.65
2984,85.68,108.86,23.18,-97.27,31.25,66.02,-40.29,30.24,208.67,203.62,166.36,90.73
2985,94.77,122.99,28.22,-108.86,33.27,75.63,-49.38,23.18,203.62,200.64,166.36,91.74
2986,96.79,114.91,18.13,-105.83,39.33,66.54,-55.44,18.13,194.58,190.55,160.30,88.71
2987,100.83,117.94,17.12,-109.38,41.88,67.55,-60.49,13.08,191.56,187.52,162.32,90.73
2988,117.94,143.14,25.19,-130.54,46.40,84.19,-66.54,7.02,190.55,187.52,161.31,91.74
2989,131.07,148.19,17.12,-139.63,56.98,82.65,-61.50,13.08,192.56,187.52,161.31,87.70
2990,133.09,134.10,1.01,-133.57,66.06,67.55,-58.47,16.11,187.52,180.45,159.29,85.68
2991,138.09,133.09,-5.00,-135.59,71.54,64.04,-52.41,21.16,186.51,179.44,161.31,91.74
2992,147.18,121.98,-25.19,-134.58,86.21,48.42,-46.35,30.24,187.52,175.40,155.25,82.65
2993,146.17,102.80,-43.37,-124.48,94.77,29.71,-47.36,33.27,182.47,167.37,148.19,78.61
2994,147.18,104.82,-42.36,-125.97,94.77,31.25,-44.33,34.23,181.46,167.37,149.20,85.68
2995,155.25,103.81,-51.45,-129.53,103.37,26.20,-44.33,37.26,179.44,165.35,146.17,83.66
2996,167.37,111.88,-55.49,-139.63,111.45,28.22,-39.28,41.30,179.44,164.34,146.17,83.66
2997,171.36,110.87,-60.49,-141.12,115.92,25.19,-39.28,44.33,181.46,162.32,145.16,83.66
2998,176.41,100.83,-75.58,-138.62,126.02,12.65,-33.27,51.40,187.52,166.36,149.20,93.76
2999,175.40,97.80,-77.60,-136.60,126.50,10.10,-23.18,59.48,194.58,171.36,156.26,103.81
3000,176.41,83.66,-92.75,-130.01,134.58,-4.52,-21.16,65.53,198.62,170.35,153.23,95.78
3001,169.34,63.52,-105.83,-116.40,137.61,-21.16,-15.10,67.51,191.56,165.35,147.18,86.69
3002,158.28,61.50,-96.79,-109.87,127.56,-17.65,-12.07,67.51,191.56,158.28,144.15,88.71
3003,162.32,68.52,-93.81,-115.39,128.09,-12.65,-2.98,76.59,200.64,165.35,153.23,104.82
3004,153.23,59.48,-93.76,-106.36,123.52,-17.12,0.96,78.61,199.63,165.35,151.22,93.76
3005,147.18,53.42,-93.76,-100.30,120.49,-20.15,-6.01,75.58,192.56,156.26,136.07,73.56
3006,142.13,49.38,-92.75,-95.73,117.46,-21.68,2.98,78.61,194.58,159.29,137.08,80.63
3007,130.06,42.31,-87.75,-86.16,108.90,-22.69,3.99,74.57,188.53,155.25,137.08,79.62
3008,132.08,47.36,-84.72,-89.72,108.42,-18.66,-6.01,61.50,174.39,144.15,127.03,71.54
3009,145.16,61.50,-83.66,-103.33,114.43,-11.06,-7.02,56.45,172.37,143.14,126.02,74.57
3010,143.14,57.46,-85.68,-100.30,114.43,-14.09,-10.05,55.44,168.33,139.10,125.01,73.56
3011,143.14,60.49,-82.65,-101.79,112.89,-11.06,-5.00,58.47,170.35,140.11,126.02,75.58
3012,140.11,64.52,-75.58,-102.32,107.85,-5.53,0.96,59.48,171.36,141.12,126.02,70.53
3013,115.92,41.30,-74.62,-78.61,95.30,-16.64,0.00,55.44,167.37,135.06,120.97,62.51
3014,105.83,28.22,-77.60,-67.03,91.74,-24.67,1.97,56.45,164.34,132.08,116.93,60.49
3015,90.73,19.14,-71.59,-54.91,81.16,-26.20,8.03,60.49,169.34,134.10,114.91,55.44
3016,78.61,9.04,-69.57,-43.80,74.09,-30.24,13.08,65.53,172.37,136.07,112.89,54.43
3017,78.61,9.04,-69.57,-43.80,74.09,-30.24,25.19,74.57,175.40,137.08,109.87,47.36
3018,60.49,2.98,-57.50,-31.73,59.00,-27.26,34.23,78.61,184.49,145.16,117.94,58.47
3019,46.35,-3.99,-50.34,-21.16,48.32,-27.17,37.26,80.63,186.51,146.17,117.94,60.49
3020,40.29,-13.08,-53.37,-13.61,46.83,-33.22,46.35,86.69,182.47,142.13,107.85,36.25
3021,36.25,-18.13,-54.38,-9.04,45.29,-36.25,48.37,86.69,181.46,139.10,103.81,29.23
3022,29.23,-25.19,-54.43,-2.02,41.83,-39.81,50.39,89.72,181.46,137.08,100.83,32.26
3023,28.22,-30.24,-58.47,1.01,43.32,-44.33,54.43,90.73,178.43,135.06,97.80,24.18
3024,28.22,-30.24,-58.47,1.01,43.32,-44.33,62.51,94.77,179.44,136.07,97.80,24.18
3025,25.19,-33.27,-58.47,4.04,41.83,-45.87,67.51,97.80,178.43,134.10,95.78,27.21
3026,24.18,-49.38,-73.56,12.60,48.85,-61.45,66.54,97.80,173.38,128.04,87.70,7.02
3027,21.16,-63.52,-84.67,21.16,52.89,-74.09,72.55,107.85,173.38,124.00,80.63,0.96
3028,22.17,-58.47,-80.63,18.13,51.40,-69.53,73.56,106.84,166.36,116.93,73.56,-0.96
3029,20.15,-62.51,-82.65,21.16,51.40,-72.55,72.55,101.79,161.31,111.88,68.52,-7.02
3030,16.11,-65.53,-81.64,24.71,48.85,-73.56,73.56,104.82,159.29,111.88,66.54,-8.03
3031,12.07,-65.53,-77.60,26.73,44.81,-71.54,73.56,103.81,159.29,112.89,67.51,-10.05
3032,14.09,-72.55,-86.64,29.23,50.34,-79.57,71.54,102.80,157.27,106.84,62.51,-11.06
3033,9.04,-78.61,-87.65,34.76,48.32,-83.13,68.52,96.79,153.23,102.80,57.46,-14.09
3034,16.11,-73.56,-89.67,28.70,52.89,-81.59,69.53,99.82,154.24,101.79,55.44,-13.08
3035,25.19,-77.60,-102.80,26.20,64.00,-90.20,64.52,96.79,146.17,96.79,49.38,-16.11
3036,8.03,-91.74,-99.77,41.83,53.90,-95.73,59.48,87.70,139.10,92.75,45.34,-20.15
3037,12.07,-75.58,-87.65,31.73,49.86,-81.59,70.53,100.83,148.19,98.81,52.41,-22.17
3038,12.07,-72.55,-84.62,30.24,48.32,-78.56,76.59,104.82,154.24,103.81,56.45,-18.13
3039,8.03,-85.68,-93.71,38.80,50.87,-89.67,69.53,97.80,148.19,96.79,48.37,-13.08
3040,7.02,-87.70,-94.72,40.34,50.87,-91.21,71.54,99.82,146.17,95.78,46.35,-13.08
3041,0.00,-88.71,-88.71,44.33,44.33,-88.71,72.55,98.81,142.13,91.74,43.32,-20.15
3042,5.00,-80.63,-85.63,37.79,45.29,-83.13,69.53,94.77,142.13,91.74,43.32,-19.14
3043,0.96,-81.64,-82.60,40.34,41.78,-82.12,69.53,92.75,143.14,91.74,44.33,-16.11
3044,3.99,-87.70,-91.69,41.83,47.84,-89.67,66.54,91.74,139.10,89.72,43.32,-19.14
3045,14.09,-72.55,-86.64,29.23,50.34,-79.57,74.57,98.81,145.16,94.77,46.35,-14.09
3046,15.10,-75.58,-90.68,30.24,52.89,-83.13,76.59,102.80,146.17,94.77,44.33,-22.17
3047,1.97,-85.68,-87.65,41.83,44.81,-86.64,70.53,94.77,141.12,95.78,49.38,-9.04
3048,3.99,-75.58,-79.57,35.77,41.78,-77.55,77.60,95.78,145.16,97.80,52.41,-5.00
3049,3.99,-83.66,-87.65,39.81,45.82,-85.63,72.55,95.78,144.15,92.75,45.34,-19.14
3050,8.03,-81.64,-89.67,36.78,48.85,-85.63,59.48,90.73,139.10,89.72,44.33,-18.13
3051,20.15,-77.60,-97.75,28.70,58.95,-87.65,63.52,94.77,140.11,91.74,44.33,-26.20
3052,11.06,-77.60,-88.66,33.27,49.86,-83.13,68.52,97.80,143.14,92.75,46.35,-25.19
3053,14.09,-74.57,-88.66,30.24,51.35,-81.59,71.54,98.81,143.14,96.79,51.40,-20.15
3054,15.10,-77.60,-92.70,31.25,53.90,-85.15,71.54,97.80,142.13,97.80,51.40,-20.15
3055,12.07,-78.61,-90.68,33.27,51.35,-84.62,70.53,96.79,144.15,98.81,52.41,-17.12
3056,12.07,-79.62,-91.69,33.75,51.88,-85.63,70.53,95.78,144.15,98.81,53.42,-10.05
3057,13.08,-78.61,-91.69,32.74,52.36,-85.15,69.53,94.77,141.12,95.78,47.36,-18.13
3058,6.01,-90.73,-96.74,42.36,51.35,-93.71,70.53,95.78,139.10,95.78,44.33,-28.22
3059,-0.96,-92.75,-91.79,46.83,45.39,-92.27,70.53,93.76,140.11,96.79,46.35,-24.18
3060,8.03,-81.64,-89.67,36.78,48.85,-85.63,72.55,96.79,141.12,97.80,47.36,-24.18
3061,14.09,-76.59,-90.68,31.25,52.36,-83.61,71.54,96.79,142.13,96.79,50.39,-19.14
3062,20.15,-68.52,-88.66,24.18,54.38,-78.56,70.53,93.76,143.14,99.82,50.39,-18.13
3063,33.27,-60.49,-93.76,13.61,63.52,-77.12,71.54,98.81,144.15,99.82,50.39,-21.16
3064,41.30,-54.43,-95.73,6.54,68.52,-75.05,73.56,100.83,146.17,101.79,54.43,-18.13
3065,25.19,-55.44,-80.63,15.10,52.89,-68.03,77.60,100.83,146.17,102.80,54.43,-21.16
3066,-2.98,-74.57,-71.59,38.75,34.28,-73.08,69.53,92.75,141.12,97.80,52.41,-14.09
3067,-8.03,-87.70,-79.67,47.84,35.82,-83.71,65.53,88.71,139.10,97.80,53.42,-14.09
3068,7.02,-69.53,-76.55,31.25,41.78,-73.04,68.52,90.73,141.12,97.80,53.42,-22.17
3069,19.14,-61.50,-80.63,21.16,49.86,-71.06,67.51,89.72,139.10,94.77,48.37,-26.20
3070,16.11,-64.52,-80.63,24.18,48.37,-72.55,68.52,91.74,142.13,99.82,50.39,-25.19
3071,15.10,-59.48,-74.57,22.17,44.81,-67.03,73.56,96.79,153.23,108.86,57.46,-16.11
3072,12.07,-65.53,-77.60,26.73,44.81,-71.54,78.61,103.81,159.29,111.88,57.46,-20.15
3073,-2.98,-82.65,-79.67,42.79,38.32,-81.16,87.70,110.87,164.34,112.89,52.41,-25.19
3074,-10.05,-84.67,-74.62,47.36,32.26,-79.67,100.83,124.00,175.40,118.95,51.40,-28.22
3075,-15.10,-82.65,-67.55,48.85,26.20,-75.10,112.89,137.08,185.50,124.00,47.36,-39.28
3076,-17.12,-82.65,-65.53,49.86,24.18,-74.09,130.06,155.25,207.66,136.07,48.37,-49.38
3077,-27.21,-92.75,-65.53,59.96,19.14,-79.14,140.11,168.33,218.77,141.12,51.40,-55.44
3078,-24.18,-91.74,-67.55,57.94,21.68,-79.67,152.22,179.44,220.79,141.12,47.36,-56.45
3079,-7.02,-78.61,-71.59,42.79,32.26,-75.10,160.30,189.54,221.80,142.13,44.33,-63.52
3080,0.00,-73.56,-73.56,36.78,36.78,-73.56,145.16,174.39,207.66,141.12,48.37,-56.45
3081,-0.96,-47.36,-46.40,24.14,22.69,-46.88,134.10,159.29,202.61,150.21,69.53,-34.23
3082,-5.00,-35.24,-30.24,20.10,12.60,-32.74,121.98,141.12,194.58,159.29,91.74,-23.18
3083,8.03,-14.09,-22.12,3.03,15.05,-18.08,95.78,111.88,187.52,176.41,119.96,-0.96
3084,14.09,1.97,-12.12,-8.03,13.13,-5.05,64.52,79.62,178.43,190.55,151.22,29.23
3085,15.10,8.03,-7.07,-11.54,11.11,0.48,35.24,46.35,160.30,196.60,176.41,52.41
3086,15.10,34.23,19.14,-24.67,-2.02,26.69,-0.96,0.00,132.08,200.64,202.61,80.63
3087,22.17,50.39,28.22,-36.25,-3.03,39.33,-34.23,-44.33,109.87,206.65,228.87,107.85
3088,31.25,72.55,41.30,-51.88,-5.00,56.93,-65.53,-87.70,84.67,206.65,249.01,131.07
3089,16.11,80.63,64.52,-48.37,-24.18,72.60,-100.83,-136.07,54.43,204.63,271.18,158.28
3090,19.14,86.69,67.55,-52.89,-24.18,77.12,-125.01,-166.36,50.39,220.79,304.45,192.56
3091,32.26,99.82,67.55,-66.02,-17.65,83.71,-143.14,-185.50,50.39,239.92,339.74,223.82
3092,39.28,100.83,61.54,-70.05,-11.11,81.21,-167.37,-213.72,18.13,231.90,359.94,252.04
3093,57.46,99.82,42.36,-78.61,7.55,71.11,-190.55,-239.92,-27.21,198.62,355.90,272.19
3094,74.57,95.78,21.20,-85.15,26.69,58.51,-201.65,-249.01,-55.44,174.39,349.84,285.31
3095,90.73,85.68,-5.05,-88.18,47.89,40.34,-210.69,-257.09,-87.70,144.15,338.73,302.48
3096,112.89,78.61,-34.28,-95.73,73.61,22.17,-215.74,-259.11,-116.93,112.89,318.59,310.51
3097,129.05,82.65,-46.40,-105.83,87.75,18.13,-218.77,-258.10,-145.16,78.61,290.36,311.52
3098,146.17,75.58,-70.58,-110.87,108.37,2.50,-226.85,-256.08,-170.35,45.34,269.16,326.66
3099,173.38,77.60,-95.78,-125.49,134.58,-9.09,-236.90,-253.05,-187.52,19.14,248.00,332.72
3100,190.55,85.68,-104.86,-138.09,147.71,-9.57,-228.87,-234.92,-191.56,-5.00,215.74,321.61
3101,194.58,84.67,-109.91,-139.63,152.27,-12.60,-224.83,-227.86,-207.66,-35.24,169.34,297.43
3102,179.44,79.62,-99.82,-129.53,139.63,-10.10,-228.87,-232.90,-252.04,-95.78,90.73,261.13
3103,171.36,105.83,-65.53,-138.57,118.47,20.15,-243.96,-255.07,-298.44,-142.13,42.31,254.06
3104,197.61,160.30,-37.31,-178.96,117.46,61.50,-295.41,-310.51,-369.02,-182.47,23.18,274.21
3105,208.67,194.58,-14.09,-201.60,111.40,90.25,-328.68,-348.83,-420.42,-218.77,1.97,282.28
3106,201.65,214.73,13.08,-208.19,94.29,113.90,-359.94,-385.13,-463.79,-235.89,0.96,299.45
3107,205.64,256.08,50.44,-230.84,77.60,153.28,-390.18,-422.44,-495.04,-226.85,28.22,337.72
3108,215.74,307.48,91.74,-261.61,62.02,199.63,-425.47,-466.82,-509.13,-205.64,63.52,374.02
3109,212.71,344.79,132.08,-278.73,40.34,238.43,-474.85,-523.27,-543.41,-204.63,84.67,406.29
3110,217.76,402.29,184.54,-310.03,16.64,293.44,-536.39,-598.90,-591.83,-196.60,112.89,443.60
3111,229.88,451.67,221.80,-340.75,4.04,336.76,-617.02,-695.69,-675.49,-223.82,114.91,468.84
3112,259.11,485.96,226.85,-372.53,16.16,356.43,-691.65,-788.43,-784.39,-294.40,80.63,489.99
3113,273.20,513.17,239.97,-393.16,16.64,376.57,-772.33,-893.30,-919.50,-396.24,11.06,495.04
3114,252.04,522.26,270.22,-387.15,-9.09,396.24,-824.73,-974.94,-1056.63,-518.22,-84.67,477.88
3115,230.89,485.96,255.07,-358.40,-12.07,370.51,-816.66,-991.10,-1150.39,-629.14,-194.58,429.51
3116,189.54,385.13,195.59,-287.33,-3.03,290.36,-767.28,-969.94,-1261.31,-793.48,-365.99,321.61
3117,132.08,285.31,153.23,-208.67,-10.58,219.30,-713.81,-945.71,-1395.41,-988.07,-568.66,202.61
3118,64.52,179.44,114.91,-121.98,-25.19,147.18,-627.12,-880.17,-1468.01,-1137.31,-743.05,77.60
3119,-3.99,99.82,103.81,-47.89,-53.90,101.79,-535.38,-795.50,-1478.11,-1221.98,-849.93,-11.06
3120,-87.70,36.25,123.95,25.72,-105.83,80.10,-483.94,-755.16,-1498.25,-1287.52,-926.57,-72.55
3121,-127.03,-50.39,76.64,88.71,-101.84,13.13,-406.29,-676.50,-1468.01,-1309.73,-962.87,-121.98
3122,-128.04,-94.77,33.27,111.40,-80.68,-30.77,-310.51,-566.64,-1365.17,-1254.24,-934.65,-138.09
3123,-148.19,-112.89,35.29,130.54,-91.74,-38.80,-242.95,-494.03,-1284.49,-1195.78,-899.36,-156.26
3124,-164.34,-106.84,57.50,135.59,-110.92,-24.67,-197.61,-437.54,-1203.85,-1123.17,-837.86,-147.18
3125,-200.64,-118.95,81.69,159.77,-141.17,-18.66,-135.06,-368.01,-1113.08,-1044.51,-784.39,-155.25
3126,-249.01,-152.22,96.79,200.59,-172.90,-27.74,-62.51,-295.41,-1027.40,-977.97,-749.10,-192.56
3127,-274.21,-171.36,102.85,222.76,-188.53,-34.28,9.04,-221.80,-937.68,-907.43,-716.84,-226.85
3128,-290.36,-204.63,85.73,247.47,-188.05,-59.48,91.74,-131.07,-850.94,-847.91,-694.68,-270.17
3129,-321.61,-250.02,71.59,285.79,-196.60,-89.24,166.36,-49.38,-779.35,-801.56,-679.53,-310.51
3130,-332.72,-284.30,48.42,308.49,-190.59,-117.94,243.96,32.26,-708.76,-752.13,-655.35,-331.71
3131,-316.57,-308.49,8.08,312.53,-162.32,-150.21,320.60,117.94,-633.18,-699.72,-620.05,-326.66
3132,-305.46,-336.71,-31.25,321.09,-137.13,-184.01,379.07,187.52,-576.68,-662.41,-600.92,-332.72
3133,-310.51,-357.92,-47.41,334.21,-131.55,-202.66,424.46,235.89,-536.39,-632.17,-580.72,-341.76
3134,-314.55,-369.98,-55.44,342.24,-129.58,-212.71,444.61,258.10,-514.18,-605.92,-559.57,-345.80
3135,-303.44,-357.92,-54.48,330.65,-124.48,-206.22,443.60,262.14,-501.10,-584.76,-537.40,-340.75
3136,-300.46,-352.87,-52.41,326.66,-124.05,-202.66,438.55,260.12,-487.97,-564.62,-516.20,-338.73
3137,-303.44,-358.93,-55.49,331.18,-124.00,-207.23,421.43,251.03,-475.86,-543.41,-498.07,-341.76
3138,-304.45,-355.90,-51.45,330.17,-126.50,-203.67,409.31,248.00,-455.71,-517.21,-470.81,-333.73
3139,-294.40,-356.91,-62.51,325.65,-115.97,-209.73,416.38,262.14,-423.45,-484.95,-443.60,-324.64
3140,-275.22,-352.87,-77.65,314.02,-98.81,-215.26,419.41,277.24,-389.17,-452.68,-414.36,-311.52
3141,-265.17,-353.88,-88.71,309.50,-88.23,-221.32,416.38,283.29,-359.94,-426.48,-395.23,-301.47
3142,-246.99,-347.82,-100.83,297.38,-73.08,-224.35,406.29,279.25,-339.74,-405.28,-381.09,-301.47
3143,-228.87,-342.77,-113.90,285.79,-57.50,-228.34,398.26,275.22,-317.58,-383.11,-361.95,-290.36
3144,-220.79,-340.75,-119.96,280.75,-50.44,-230.36,392.20,271.18,-291.37,-355.90,-335.75,-267.19
3145,-208.67,-336.71,-128.04,272.67,-40.34,-232.38,379.07,263.15,-272.19,-335.75,-321.61,-266.18
3146,-190.55,-328.68,-138.14,259.59,-26.20,-233.43,363.97,261.13,-252.04,-314.55,-304.45,-256.08
3147,-172.37,-324.64,-152.27,248.48,-10.05,-238.48,353.88,259.11,-231.90,-291.37,-278.25,-230.89
3148,-160.30,-325.65,-165.35,242.95,2.50,-245.50,350.85,254.06,-217.76,-277.24,-269.16,-229.88
3149,-152.22,-318.59,-166.36,235.40,7.07,-242.47,332.72,236.90,-212.71,-269.16,-260.12,-227.86
3150,-142.13,-311.52,-169.39,226.80,13.61,-240.45,320.60,228.87,-202.61,-257.09,-249.01,-216.75
3151,-135.06,-310.51,-175.45,222.76,20.19,-243.00,325.65,242.95,-180.45,-238.91,-235.89,-208.67
3152,-122.99,-301.47,-178.48,212.23,27.74,-239.97,321.61,241.94,-163.33,-220.79,-217.76,-198.62
3153,-109.87,-282.28,-172.42,196.07,31.25,-227.38,312.53,241.94,-139.10,-194.58,-192.56,-173.38
3154,-91.74,-270.17,-178.43,180.93,43.32,-224.30,307.48,249.01,-121.98,-180.45,-180.45,-164.34
3155,-81.64,-265.17,-183.53,173.38,50.92,-224.35,301.47,243.96,-109.87,-167.37,-172.37,-173.38
3156,-80.63,-252.04,-171.41,166.31,45.39,-211.75,295.41,238.91,-89.72,-147.18,-156.26,-162.32
3157,-69.53,-222.81,-153.28,146.17,41.88,-188.05,293.39,243.96,-65.53,-125.01,-138.09,-144.15
3158,-61.50,-210.69,-149.20,136.07,43.85,-179.97,292.38,252.04,-39.28,-99.82,-116.93,-137.08
3159,-51.40,-203.62,-152.22,127.51,50.39,-177.95,289.35,253.05,-23.18,-83.66,-104.82,-131.07
3160,-46.35,-178.43,-132.08,112.37,42.84,-155.25,288.34,260.12,3.99,-55.44,-76.59,-101.79
3161,-48.37,-177.42,-129.05,112.89,40.34,-153.23,282.28,258.10,17.12,-43.32,-65.53,-99.82
3162,-48.37,-166.36,-117.99,107.37,34.81,-142.18,278.25,258.10,32.26,-27.21,-55.44,-93.76
3163,-58.47,-151.22,-92.75,104.82,17.12,-121.98,281.27,265.17,54.43,-5.00,-35.24,-70.53
3164,-55.44,-155.25,-99.82,105.35,22.17,-127.56,271.18,256.08,56.45,-5.00,-40.29,-88.71
3165,-31.25,-130.06,-98.81,80.63,33.75,-114.43,257.09,248.00,66.54,7.02,-31.25,-84.67
3166,-35.24,-122.99,-87.75,79.09,26.25,-105.39,244.97,234.92,74.57,15.10,-21.16,-71.54
3167,-37.26,-117.94,-80.68,77.60,21.68,-99.34,228.87,218.77,84.67,29.23,-6.01,-59.48
3168,-23.18,-99.82,-76.64,61.50,26.73,-88.23,208.67,206.65,95.78,43.32,3.99,-54.43
3169,-22.17,-86.69,-64.52,54.43,21.16,-75.63,183.48,184.49,101.79,53.42,12.07,-47.36
3170,-14.09,-69.53,-55.44,41.78,20.67,-62.51,154.24,160.30,107.85,65.53,26.20,-32.26
3171,-14.09,-57.46,-43.37,35.77,14.62,-50.44,129.05,142.13,115.92,76.59,35.24,-31.25
3172,-14.09,-47.36,-33.27,30.72,9.57,-40.34,107.85,124.00,120.97,84.67,42.31,-25.19
3173,-3.99,-41.30,-37.31,22.65,16.64,-39.33,92.75,108.86,122.99,86.69,46.35,-18.13
3174,2.98,-33.27,-36.25,15.15,19.62,-34.76,79.62,98.81,126.02,91.74,49.38,-13.08
3175,5.00,-31.25,-36.25,13.13,20.63,-33.75,73.56,91.74,128.04,93.76,51.40,-13.08
3176,2.98,-30.24,-33.22,13.61,18.08,-31.73,72.55,91.74,134.10,99.82,57.46,-9.04
3177,2.98,-20.15,-23.13,8.56,13.03,-21.64,69.53,89.72,137.08,103.81,60.49,-2.98
3178,8.03,-17.12,-25.15,4.52,16.59,-21.11,71.54,91.74,141.12,108.86,64.52,0.96
3179,15.10,-19.14,-34.23,2.02,24.67,-26.69,65.53,82.65,141.12,109.87,66.54,0.00
3180,18.13,-15.10,-33.22,-1.49,25.68,-24.14,63.52,83.66,145.16,114.91,73.56,6.01
3181,19.14,-8.03,-27.17,-5.53,23.13,-17.60,69.53,97.80,154.24,124.00,82.65,15.10
3182,18.13,-3.99,-22.12,-7.07,20.10,-13.03,66.54,89.72,152.22,122.99,82.65,13.08
3183,17.12,-6.01,-23.13,-5.53,20.10,-14.57,62.51,83.66,148.19,118.95,78.61,8.03
3184,21.16,-5.00,-26.16,-8.08,23.66,-15.58,54.43,79.62,145.16,115.92,74.57,1.97
3185,26.20,9.04,-17.16,-17.60,21.68,-4.04,56.45,78.61,151.22,121.98,81.64,9.04
3186,12.07,-8.03,-20.10,-2.02,16.06,-14.04,52.41,75.58,145.16,116.93,77.60,7.02
3187,-3.99,-29.23,-25.24,16.59,10.63,-27.26,45.34,68.52,141.12,111.88,72.55,0.00
3188,-0.96,-18.13,-17.16,9.52,8.08,-17.65,45.34,68.52,144.15,116.93,77.60,6.01
3189,5.00,-14.09,-19.09,4.52,12.02,-16.59,47.36,68.52,145.16,119.96,79.62,0.00
3190,8.03,-8.03,-16.06,0.00,12.02,-12.02,43.32,68.52,148.19,122.99,81.64,1.97
3191,10.05,-0.96,-11.01,-4.52,10.53,-5.96,40.29,64.52,149.20,125.01,86.69,12.07
3192,10.05,-3.99,-14.04,-3.03,12.02,-8.99,43.32,66.54,152.22,126.02,86.69,6.01
3193,2.98,-13.08,-16.06,5.05,9.52,-14.57,44.33,66.54,151.22,125.01,85.68,0.00
3194,12.07,-8.03,-20.10,-2.02,16.06,-14.04,44.33,67.51,153.23,130.06,92.75,8.03
3195,26.20,0.96,-25.24,-13.56,25.72,-12.12,44.33,69.53,156.26,131.07,95.78,15.10
3196,21.16,-5.00,-26.16,-8.08,23.66,-15.58,44.33,66.54,156.26,130.06,93.76,15.10
3197,26.20,5.00,-21.20,-15.58,23.70,-8.08,46.35,68.52,158.28,134.10,96.79,16.11
3198,25.19,1.97,-23.22,-13.56,24.23,-10.63,42.31,64.52,157.27,133.09,94.77,12.07
3199,17.12,-14.09,-31.20,-1.49,24.14,-22.65,31.25,58.47,148.19,122.99,87.70,7.02
3200,23.18,0.00,-23.18,-11.59,23.18,-11.59,38.27,60.49,152.22,127.03,93.76,11.06
3201,28.22,7.02,-21.20,-17.60,24.71,-7.07,41.30,60.49,155.25,131.07,97.80,15.10
3202,21.16,0.96,-20.19,-11.06,20.67,-9.62,37.26,58.47,150.21,126.02,91.74,13.08
3203,16.11,-1.97,-18.08,-7.07,17.07,-10.00,34.23,54.43,147.18,124.00,87.70,10.05
3204,19.14,3.99,-15.15,-11.54,17.16,-5.58,33.27,56.45,150.21,128.04,92.75,20.15
3205,19.14,8.03,-11.11,-13.56,15.15,-1.54,34.23,57.46,151.22,131.07,94.77,18.13
3206,27.21,9.04,-18.17,-18.13,22.69,-4.57,31.25,56.45,149.20,130.06,94.77,14.09
3207,32.26,13.08,-19.18,-22.65,25.72,-3.03,33.27,61.50,155.25,134.10,100.83,22.17
3208,31.25,14.09,-17.16,-22.65,24.23,-1.54,33.27,59.48,153.23,132.08,97.80,19.14
3209,28.22,15.10,-13.13,-21.64,20.67,1.01,34.23,60.49,152.22,134.10,99.82,21.16
3210,18.13,15.10,-3.03,-16.59,10.58,6.06,35.24,62.51,156.26,139.10,103.81,24.18
3211,28.22,23.18,-5.05,-25.68,16.64,9.09,34.23,61.50,156.26,138.09,102.80,24.18
3212,32.26,23.18,-9.09,-27.69,20.67,7.07,31.25,59.48,155.25,138.09,103.81,22.17
3213,17.12,10.05,-7.07,-13.56,12.12,1.49,33.27,58.47,153.23,134.10,100.83,16.11
3214,24.18,10.05,-14.14,-17.12,19.18,-2.02,32.26,58.47,152.22,131.07,100.83,18.13
3215,25.19,13.08,-12.12,-19.14,18.66,0.48,29.23,56.45,152.22,134.10,104.82,24.18
3216,20.15,9.04,-11.11,-14.57,15.63,-1.01,31.25,56.45,154.24,132.08,105.83,23.18
3217,28.22,13.08,-15.15,-20.63,21.68,-1.01,24.18,47.36,148.19,126.02,101.79,20.15
3218,31.25,16.11,-15.15,-23.66,23.22,0.48,22.17,50.39,152.22,132.08,107.85,31.25
3219,25.19,15.10,-10.10,-20.15,17.65,2.50,29.23,58.47,158.28,136.07,112.89,38.27
3220,15.10,9.04,-6.06,-12.07,10.58,1.49,29.23,54.43,156.26,133.09,108.86,32.26
3221,23.18,14.09,-9.09,-18.61,16.16,2.50,25.19,53.42,156.26,134.10,109.87,30.24
3222,29.23,21.16,-8.08,-25.19,18.66,6.54,22.17,53.42,154.24,133.09,111.88,32.26
3223,25.19,16.11,-9.09,-20.63,17.16,3.51,20.15,49.38,151.22,131.07,106.84,29.23
3224,20.15,15.10,-5.05,-17.60,12.60,5.05,20.15,49.38,151.22,129.05,103.81,23.18
3225,20.15,18.13,-2.02,-19.14,11.11,8.08,21.16,48.37,152.22,130.06,105.83,24.18
3226,26.20,23.18,-3.03,-24.67,14.62,10.10,23.18,49.38,152.22,133.09,108.86,29.23
3227,26.20,22.17,-4.04,-24.18,15.15,9.09,25.19,53.42,156.26,134.10,108.86,29.23
3228,25.19,20.15,-5.05,-22.65,15.15,7.55,21.16,49.38,153.23,129.05,104.82,31.25
3229,29.23,23.18,-6.06,-26.20,17.65,8.56,25.19,52.41,155.25,132.08,107.85,31.25
3230,39.28,29.23,-10.05,-34.23,24.67,9.62,21.16,51.40,155.25,132.08,107.85,31.25
3231,27.21,22.17,-5.05,-24.67,16.16,8.56,19.14,48.37,152.22,130.06,104.82,32.26
3232,24.18,27.21,3.03,-25.68,10.58,15.15,30.24,56.45,156.26,135.06,109.87,31.25
3233,38.27,35.24,-3.03,-36.73,20.67,16.11,16.11,46.35,153.23,134.10,111.88,38.27
3234,26.20,18.13,-8.08,-22.17,17.16,5.05,11.06,41.30,150.21,133.09,112.89,39.28
3235,10.05,14.09,4.04,-12.07,3.03,9.09,17.12,42.31,150.21,134.10,113.90,40.29
3236,2.98,8.03,5.05,-5.48,-1.01,6.54,14.09,41.30,147.18,131.07,109.87,34.23
3237,9.04,9.04,0.00,-9.04,4.52,4.52,17.12,42.31,145.16,129.05,104.82,26.20
3238,16.11,14.09,-2.02,-15.10,9.09,6.06,11.06,34.23,140.11,128.04,102.80,27.21
3239,16.11,17.12,1.01,-16.59,7.55,9.09,14.09,41.30,143.14,131.07,107.85,32.26
3240,22.17,29.23,7.07,-25.68,7.55,18.17,26.20,50.39,148.19,136.07,111.88,35.24
3241,29.23,35.24,6.01,-32.21,11.64,20.63,18.13,39.28,146.17,139.10,113.90,41.30
3242,37.26,38.27,1.01,-37.74,18.13,19.67,10.05,36.25,144.15,137.08,112.89,38.27
3243,23.18,34.23,11.06,-28.70,6.06,22.65,6.01,34.23,139.10,132.08,110.87,35.24
3244,6.01,28.22,22.21,-17.12,-8.08,25.24,3.99,30.24,138.09,134.10,113.90,49.38
3245,9.04,20.15,11.11,-14.57,-1.01,15.63,3.99,28.22,136.07,130.06,110.87,42.31
3246,14.09,23.18,9.09,-18.61,2.50,16.16,0.00,27.21,133.09,126.02,105.83,26.20
3247,15.10,28.22,13.13,-21.64,1.01,20.67,5.00,31.25,136.07,128.04,106.84,28.22
3248,23.18,37.26,14.09,-30.19,4.57,25.68,5.00,31.25,137.08,130.06,111.88,37.26
3249,23.18,34.23,11.06,-28.70,6.06,22.65,2.98,28.22,135.06,129.05,112.89,36.25
3250,22.17,30.24,8.08,-26.20,7.07,19.18,8.03,31.25,135.06,126.02,109.87,31.25
3251,22.17,39.28,17.12,-30.72,2.55,28.22,-0.96,26.20,130.06,124.00,109.87,33.27
3252,16.11,39.28,23.18,-27.69,-3.51,31.25,-9.04,20.15,126.02,120.97,107.85,33.27
3253,9.04,43.32,34.28,-26.16,-12.60,38.80,0.00,25.19,129.05,124.00,109.87,36.25
3254,12.07,40.29,28.22,-26.16,-8.08,34.28,-3.99,22.17,129.05,126.02,113.90,46.35
3255,16.11,39.28,23.18,-27.69,-3.51,31.25,-10.05,19.14,127.03,122.99,110.87,44.33
3256,10.05,39.28,29.23,-24.67,-9.57,34.28,-8.03,23.18,131.07,121.98,109.87,39.28
3257,13.08,41.30,28.22,-27.17,-7.55,34.76,-9.04,18.13,124.00,118.95,107.85,37.26
3258,14.09,45.34,31.25,-29.71,-8.56,38.32,-6.01,18.13,120.97,118.95,106.84,40.29
3259,17.12,51.40,34.28,-34.23,-8.56,42.84,-3.99,20.15,122.99,120.97,111.88,47.36
3260,19.14,48.37,29.23,-33.75,-5.05,38.80,-10.05,18.13,120.97,114.91,109.87,41.30
3261,14.09,39.28,25.19,-26.69,-5.53,32.26,-17.12,11.06,112.89,107.85,101.79,32.26
3262,14.09,40.29,26.20,-27.17,-6.06,33.27,-21.16,7.02,108.86,105.83,98.81,32.26
3263,21.16,52.41,31.25,-36.78,-5.05,41.83,-22.17,8.03,113.90,109.87,104.82,41.30
3264,29.23,61.50,32.26,-45.34,-1.49,46.88,-22.17,7.02,110.87,107.85,101.79,40.29
3265,20.15,57.46,37.31,-38.80,-8.56,47.41,-18.13,6.01,107.85,101.79,96.79,35.24
3266,18.13,62.51,44.38,-40.29,-13.13,53.47,-19.14,6.01,105.83,99.82,95.78,37.26
3267,20.15,64.52,44.38,-42.31,-12.12,54.48,-19.14,6.01,105.83,101.79,98.81,43.32
3268,22.17,68.52,46.35,-45.34,-12.07,57.46,-22.17,0.00,102.80,98.81,99.82,43.32
3269,22.17,67.51,45.34,-44.81,-11.59,56.45,-26.20,-2.98,97.80,93.76,94.77,39.28
3270,22.17,64.52,42.36,-43.32,-10.10,53.47,-29.23,-7.02,96.79,94.77,95.78,42.31
3271,12.07,64.52,52.46,-38.27,-20.19,58.51,-30.24,-12.07,91.74,93.76,92.75,37.26
3272,0.96,54.43,53.47,-27.69,-26.25,53.95,-34.23,-11.06,88.71,89.72,91.74,36.25
3273,6.01,53.42,47.41,-29.71,-20.67,50.44,-42.31,-21.16,82.65,87.70,91.74,41.30
3274,14.09,64.52,50.44,-39.28,-18.17,57.50,-40.29,-19.14,82.65,88.71,90.73,39.28
3275,24.18,69.53,45.34,-46.83,-10.58,57.46,-38.27,-14.09,80.63,88.71,89.72,41.30
3276,14.09,69.53,55.44,-41.78,-20.67,62.51,-39.28,-17.12,78.61,87.70,88.71,43.32
3277,6.01,68.52,62.51,-37.26,-28.22,65.53,-43.32,-25.19,73.56,83.66,84.67,39.28
3278,3.99,62.51,58.51,-33.22,-27.26,60.53,-52.41,-31.25,65.53,75.58,79.62,35.24
3279,0.96,68.52,67.55,-34.71,-33.27,68.03,-49.38,-29.23,67.51,76.59,82.65,39.28
3280,10.05,71.54,61.50,-40.77,-25.72,66.54,-49.38,-35.24,64.52,72.55,81.64,39.28
3281,12.07,72.55,60.49,-42.31,-24.18,66.54,-54.43,-33.27,61.50,69.53,78.61,39.28
3282,0.00,72.55,72.55,-36.25,-36.25,72.55,-60.49,-40.29,56.45,67.51,77.60,40.29
3283,-2.98,71.54,74.53,-34.28,-38.75,73.04,-62.51,-50.39,47.36,59.48,72.55,37.26
3284,9.04,81.64,72.60,-45.34,-31.78,77.12,-66.54,-50.39,43.32,56.45,69.53,39.28
3285,14.09,80.63,66.54,-47.36,-26.20,73.61,-70.53,-55.44,38.27,51.40,64.52,35.24
3286,-5.00,77.60,82.60,-36.30,-43.80,80.10,-63.52,-53.42,37.26,51.40,65.53,33.27
3287,-13.08,81.64,94.72,-34.28,-53.90,88.18,-64.52,-51.40,40.29,56.45,71.54,39.28
3288,-12.07,88.71,100.78,-38.32,-56.40,94.72,-70.53,-56.45,35.24,54.43,71.54,48.37
3289,-10.05,92.75,102.80,-41.35,-56.40,97.75,-74.57,-64.52,24.18,45.34,62.51,41.30
3290,-1.97,91.74,93.71,-44.86,-47.84,92.70,-76.59,-72.55,18.13,40.29,55.44,26.20
3291,-3.99,86.69,90.68,-41.35,-47.31,88.66,-85.68,-80.63,9.04,34.23,53.42,29.23
3292,-14.09,86.69,100.78,-36.30,-57.41,93.71,-92.75,-84.67,5.00,31.25,53.42,33.27
3293,-20.15,84.67,104.82,-32.26,-62.46,94.72,-91.74,-86.69,0.00,28.22,50.39,29.23
3294,-20.15,86.69,106.84,-33.27,-63.47,96.74,-98.81,-94.77,-5.00,24.18,48.37,33.27
3295,-24.18,88.71,112.89,-32.26,-68.52,100.78,-102.80,-101.79,-11.06,20.15,46.35,35.24
3296,-28.22,85.68,113.90,-28.70,-71.06,99.77,-108.86,-111.88,-16.11,16.11,46.35,36.25
3297,-31.25,97.80,129.05,-33.27,-80.15,113.42,-109.87,-115.92,-19.14,15.10,46.35,34.23
3298,-34.23,94.77,129.00,-30.24,-81.59,111.88,-102.80,-105.83,-26.20,6.01,35.24,21.16
3299,-25.19,92.75,117.94,-33.75,-71.54,105.35,-106.84,-107.85,-31.25,1.97,30.24,24.18
3300,-19.14,107.85,126.98,-44.33,-73.04,117.41,-114.91,-118.95,-37.26,0.96,35.24,31.25
3301,-24.18,112.89,137.08,-44.33,-80.63,124.96,-113.90,-121.98,-43.32,-2.98,33.27,34.23
3302,-19.14,118.95,138.09,-49.91,-78.61,128.52,-116.93,-122.99,-51.40,-12.07,21.16,28.22
3303,-26.20,118.95,145.16,-46.35,-85.68,132.03,-128.04,-133.09,-59.48,-17.12,19.14,25.19
3304,-39.28,119.96,159.24,-40.34,-99.24,139.58,-125.01,-138.09,-62.51,-18.13,20.15,32.26
3305,-24.18,135.06,159.24,-55.44,-91.69,147.13,-125.01,-138.09,-66.54,-19.14,22.17,34.23
3306,-17.12,139.10,156.22,-60.97,-86.64,147.66,-141.12,-151.22,-78.61,-27.21,12.07,27.21
3307,-26.20,130.06,156.26,-51.93,-91.21,143.14,-142.13,-154.24,-87.70,-38.27,3.99,22.17
3308,-22.17,139.10,161.26,-58.47,-91.69,150.16,-150.21,-163.33,-94.77,-43.32,1.97,25.19
3309,-23.18,149.20,172.37,-62.99,-97.75,160.78,-153.23,-171.36,-100.83,-46.35,-0.96,24.18
3310,-34.23,141.12,175.35,-53.42,-104.77,158.23,-149.20,-168.33,-105.83,-47.36,0.96,26.20
3311,-34.23,136.07,170.30,-50.92,-102.27,153.19,-160.30,-179.44,-119.96,-60.49,-10.05,15.10
3312,-29.23,146.17,175.40,-58.47,-102.32,160.78,-165.35,-187.52,-131.07,-68.52,-18.13,13.08
3313,-35.24,148.19,183.43,-56.45,-109.34,165.78,-169.34,-193.57,-138.09,-72.55,-17.12,27.21
3314,-38.27,149.20,187.47,-55.44,-112.85,168.33,-170.35,-195.59,-144.15,-77.60,-22.17,17.12
3315,-41.30,151.22,192.52,-54.96,-116.89,171.84,-172.37,-199.63,-153.23,-84.67,-31.25,9.04
3316,-53.42,145.16,198.57,-45.87,-125.97,171.84,-182.47,-209.68,-164.34,-92.75,-37.26,10.05
3317,-50.39,155.25,205.64,-52.41,-127.99,180.45,-186.51,-214.73,-170.35,-96.79,-39.28,9.04
3318,-51.40,154.24,205.64,-51.40,-128.52,179.92,-194.58,-226.85,-180.45,-103.81,-41.30,14.09
3319,-48.37,157.27,205.64,-54.43,-126.98,181.46,-199.63,-235.89,-189.54,-112.89,-45.34,12.07
3320,-40.29,169.34,209.63,-64.52,-124.96,189.49,-196.60,-229.88,-191.56,-114.91,-46.35,15.10
3321,-50.39,162.32,212.71,-55.97,-131.55,187.52,-204.63,-239.92,-203.62,-125.01,-54.43,10.05
3322,-70.53,153.23,223.77,-41.35,-147.13,188.48,-212.71,-254.06,-221.80,-140.11,-67.51,-1.97
3323,-70.53,167.37,237.91,-48.42,-154.20,202.61,-212.71,-258.10,-228.87,-143.14,-66.54,3.99
3324,-66.54,173.38,239.92,-53.42,-153.23,206.65,-219.78,-269.16,-239.92,-151.22,-72.55,0.96
3325,-66.54,176.41,242.95,-54.91,-154.72,209.68,-224.83,-278.25,-250.02,-160.30,-77.60,0.00
3326,-64.52,184.49,249.01,-59.96,-156.74,216.75,-230.89,-286.32,-260.12,-167.37,-81.64,-0.96
3327,-68.52,180.45,248.96,-55.97,-158.72,214.68,-239.92,-294.40,-270.17,-176.41,-89.72,-6.01
3328,-72.55,187.52,260.07,-57.46,-166.31,223.77,-240.93,-299.45,-280.26,-182.47,-93.76,-3.99
3329,-68.52,188.53,257.04,-60.01,-162.75,222.76,-251.03,-309.50,-294.40,-194.58,-105.83,-8.03
3330,-71.54,182.47,254.01,-55.44,-162.75,218.24,-256.08,-316.57,-303.44,-203.62,-111.88,-10.05
3331,-68.52,193.57,262.09,-62.51,-165.30,227.81,-255.07,-313.54,-308.49,-204.63,-112.89,-6.01
3332,-75.58,194.58,270.17,-59.48,-172.85,232.38,-267.19,-330.70,-318.59,-211.70,-117.94,-5.00
3333,-80.63,191.56,272.19,-55.44,-176.41,231.85,-270.17,-336.71,-331.71,-222.81,-127.03,-14.09
3334,-79.62,188.53,268.15,-54.43,-173.86,228.34,-274.21,-336.71,-343.78,-232.90,-135.06,-21.16
3335,-95.78,175.40,271.18,-39.81,-183.48,223.29,-284.30,-351.86,-357.92,-244.97,-141.12,-16.11
3336,-84.67,189.54,274.21,-52.41,-179.44,231.85,-281.27,-348.83,-358.93,-243.96,-141.12,-15.10
3337,-83.66,200.64,284.30,-58.47,-183.96,242.47,-285.31,-356.91,-367.00,-250.02,-146.17,-18.13
3338,-94.77,192.56,287.33,-48.90,-191.03,239.92,-291.37,-365.99,-382.10,-262.14,-156.26,-22.17
3339,-97.80,189.54,287.33,-45.87,-192.56,238.43,-298.44,-376.04,-393.21,-271.18,-164.34,-27.21
3340,-100.83,189.54,290.36,-44.33,-195.59,239.92,-309.50,-392.20,-405.28,-281.27,-169.34,-27.21
3341,-95.78,199.63,295.41,-51.93,-195.59,247.52,-310.51,-389.17,-412.34,-283.29,-169.34,-21.16
3342,-102.80,206.65,309.45,-51.93,-206.12,258.05,-311.52,-392.20,-421.43,-290.36,-176.41,-24.18
3343,-107.85,210.69,318.54,-51.40,-213.19,264.59,-317.58,-406.29,-433.55,-300.46,-183.48,-27.21
3344,-103.81,210.69,314.50,-53.42,-209.15,262.57,-319.59,-413.35,-442.59,-306.47,-189.54,-28.22
3345,-105.83,205.64,311.47,-49.91,-208.62,258.53,-323.63,-412.34,-449.65,-315.56,-198.62,-35.24
3346,-111.88,210.69,322.58,-49.38,-217.23,266.61,-328.68,-419.41,-459.75,-322.62,-203.62,-33.27
3347,-107.85,211.70,319.55,-51.93,-213.67,265.60,-327.67,-420.42,-463.79,-325.65,-205.64,-30.24
3348,-100.83,219.78,320.60,-59.48,-210.69,270.17,-332.72,-423.45,-472.83,-331.71,-208.67,-27.21
3349,-102.80,220.79,323.59,-59.00,-213.19,272.19,-341.76,-433.55,-488.98,-344.79,-218.77,-38.27
3350,-110.87,213.72,324.60,-51.40,-217.71,269.16,-340.75,-437.54,-496.05,-351.86,-226.85,-48.37
3351,-112.89,214.73,327.62,-50.92,-220.26,271.18,-342.77,-446.63,-503.12,-356.91,-227.86,-47.36
3352,-101.79,219.78,321.57,-59.00,-211.65,270.65,-348.83,-453.69,-509.13,-362.96,-231.90,-46.35
3353,-102.80,222.81,325.61,-60.01,-214.20,274.21,-351.86,-455.71,-516.20,-368.01,-232.90,-42.31
3354,-106.84,220.79,327.62,-56.98,-217.23,274.21,-351.86,-457.73,-522.26,-370.99,-232.90,-43.32
3355,-109.87,217.76,327.62,-53.95,-218.72,272.67,-353.88,-461.77,-531.34,-378.06,-238.91,-43.32
3356,-121.98,207.66,329.64,-42.84,-225.79,268.63,-365.99,-478.89,-544.42,-389.17,-245.98,-44.33
3357,-124.00,207.66,331.66,-41.83,-227.81,269.64,-372.00,-486.97,-553.51,-396.24,-255.07,-52.41
3358,-130.06,201.65,331.71,-35.77,-230.89,266.66,-365.99,-475.86,-557.55,-401.28,-259.11,-51.40
3359,-140.11,194.58,334.69,-27.21,-237.38,264.64,-365.99,-479.90,-560.58,-404.27,-260.12,-45.34
3360,-134.10,199.63,333.73,-32.74,-233.91,266.66,-365.99,-483.94,-566.64,-408.30,-264.16,-46.35
3361,-126.02,204.63,330.65,-39.28,-228.34,267.62,-364.98,-482.93,-569.66,-411.33,-268.20,-56.45
3362,-122.99,207.66,330.65,-42.31,-226.80,269.16,-372.00,-487.97,-576.68,-417.39,-275.22,-62.51
3363,-124.00,202.61,326.61,-39.28,-225.31,264.59,-370.99,-487.97,-581.73,-424.46,-280.26,-60.49
3364,-121.98,205.64,327.62,-41.83,-224.78,266.61,-365.99,-484.95,-579.71,-425.47,-280.26,-60.49
3365,-119.96,209.68,329.64,-44.86,-224.78,269.64,-363.97,-482.93,-579.71,-426.48,-281.27,-57.46
3366,-122.99,207.66,330.65,-42.31,-226.80,269.16,-364.98,-482.93,-581.73,-427.49,-282.28,-58.47
3367,-121.98,204.63,326.61,-41.30,-224.30,265.60,-363.97,-481.92,-583.75,-430.52,-283.29,-55.44
3368,-119.96,203.62,323.59,-41.83,-221.75,263.58,-362.96,-479.90,-585.77,-434.56,-289.35,-61.50
3369,-116.93,205.64,322.58,-44.33,-219.73,264.11,-360.94,-478.89,-584.76,-436.58,-293.39,-67.51
3370,-127.03,193.57,320.60,-33.27,-223.82,257.09,-356.91,-473.84,-582.74,-437.54,-292.38,-66.54
3371,-138.09,178.43,316.52,-20.15,-227.28,247.47,-355.90,-469.85,-580.72,-436.58,-292.38,-66.54
3372,-137.08,172.37,309.45,-17.65,-223.24,240.89,-351.86,-464.80,-574.67,-431.53,-287.33,-60.49
3373,-136.07,165.35,301.42,-14.62,-218.72,233.39,-348.83,-460.76,-575.67,-433.55,-294.40,-68.52
3374,-133.09,167.37,300.46,-17.12,-216.75,233.91,-342.77,-455.71,-572.65,-432.54,-295.41,-73.56
3375,-133.09,167.37,300.46,-17.12,-216.75,233.91,-336.71,-447.63,-564.62,-425.47,-289.35,-66.54
3376,-124.00,162.32,286.32,-19.14,-205.16,224.30,-339.74,-450.66,-564.62,-428.50,-296.42,-76.59
3377,-109.87,166.36,276.23,-28.22,-193.05,221.27,-341.76,-447.63,-564.62,-429.51,-300.46,-85.68
3378,-115.92,159.29,275.22,-21.68,-195.55,217.23,-329.69,-437.54,-556.54,-424.46,-295.41,-78.61
3379,-118.95,152.22,271.18,-16.64,-195.06,211.70,-319.59,-433.55,-549.47,-420.42,-296.42,-83.66
3380,-118.95,148.19,267.14,-14.62,-193.05,207.66,-318.59,-424.46,-543.41,-419.41,-298.44,-87.70
3381,-124.00,141.12,265.12,-8.56,-194.54,203.09,-317.58,-425.47,-539.37,-419.41,-297.43,-85.68
3382,-120.97,143.14,264.11,-11.06,-192.52,203.62,-312.53,-421.43,-533.36,-415.37,-294.40,-86.69
3383,-125.01,137.08,262.09,-6.01,-193.53,199.58,-302.48,-409.31,-522.26,-408.30,-288.34,-82.65
3384,-122.99,125.01,248.00,-1.01,-185.50,186.51,-296.42,-400.28,-516.20,-406.29,-287.33,-81.64
3385,-116.93,125.01,241.94,-4.04,-179.44,183.48,-290.36,-393.21,-508.12,-402.29,-286.32,-80.63
3386,-114.91,125.01,239.92,-5.05,-177.42,182.47,-285.31,-385.13,-499.08,-397.25,-286.32,-89.72
3387,-112.89,114.91,227.81,-1.01,-170.35,171.36,-283.29,-377.05,-491.00,-394.22,-287.33,-95.78
3388,-111.88,113.90,225.79,-1.01,-168.81,169.82,-272.19,-367.00,-479.90,-386.14,-280.26,-87.70
3389,-104.82,113.90,218.72,-4.52,-161.74,166.31,-261.13,-355.90,-468.84,-381.09,-277.24,-85.68
3390,-110.87,101.79,212.66,4.52,-161.74,157.23,-258.10,-347.82,-458.74,-375.03,-275.22,-85.68
3391,-115.92,96.79,212.71,9.57,-164.29,154.72,-253.05,-335.75,-443.60,-363.97,-268.20,-83.66
3392,-100.83,94.77,195.59,3.03,-148.19,145.16,-241.94,-323.63,-431.53,-353.88,-262.14,-78.61
3393,-92.75,91.74,184.49,0.48,-138.62,138.09,-234.92,-315.56,-423.45,-347.82,-263.15,-88.71
3394,-93.76,87.70,181.46,3.03,-137.61,134.58,-228.87,-308.49,-412.34,-337.72,-255.07,-82.65
3395,-100.83,80.63,181.46,10.10,-141.12,131.02,-221.80,-299.45,-398.26,-325.65,-244.97,-75.58
3396,-93.76,77.60,171.36,8.08,-132.56,124.48,-212.71,-289.35,-387.15,-319.59,-244.97,-83.66
3397,-74.57,83.66,158.23,-4.52,-116.40,120.92,-200.64,-277.24,-374.02,-308.49,-239.92,-81.64
3398,-83.66,71.54,155.21,6.06,-119.43,113.38,-191.56,-264.16,-359.94,-298.44,-233.91,-84.67
3399,-87.70,60.49,148.19,13.61,-117.94,104.34,-184.49,-254.06,-349.84,-290.36,-226.85,-77.60
3400,-85.68,55.44,141.12,15.10,-113.38,98.28,-176.41,-243.96,-337.72,-281.27,-220.79,-77.60
3401,-89.72,49.38,139.10,20.15,-114.38,94.24,-175.40,-239.92,-327.67,-273.20,-215.74,-77.60
3402,-91.74,40.29,132.03,25.72,-111.88,86.16,-170.35,-228.87,-317.58,-266.18,-211.70,-76.59
3403,-86.69,42.31,129.00,22.17,-107.85,85.63,-154.24,-205.64,-297.43,-252.04,-203.62,-70.53
3404,-73.56,52.41,125.97,10.58,-99.77,89.19,-146.17,-195.59,-283.29,-239.92,-194.58,-56.45
3405,-68.52,44.33,112.85,12.07,-90.68,78.56,-148.19,-192.56,-277.24,-234.92,-191.56,-59.48
3406,-66.54,42.31,108.86,12.12,-87.70,75.58,-142.13,-186.51,-267.19,-227.86,-190.55,-70.53
3407,-68.52,33.27,101.79,17.60,-85.15,67.51,-134.10,-181.46,-256.08,-219.78,-186.51,-76.59
3408,-60.49,38.27,98.76,11.11,-79.62,68.52,-118.95,-163.33,-235.89,-203.62,-170.35,-65.53
3409,-56.45,37.26,93.71,9.57,-75.05,65.49,-110.87,-148.19,-223.82,-196.60,-165.35,-65.53
3410,-56.45,23.18,79.62,16.64,-68.03,51.40,-107.85,-145.16,-218.77,-192.56,-165.35,-71.54
3411,-52.41,21.16,73.56,15.63,-62.99,47.36,-100.83,-133.09,-200.64,-177.42,-151.22,-61.50
3412,-58.47,13.08,71.54,22.69,-65.01,42.31,-95.78,-128.04,-188.53,-167.37,-144.15,-60.49
3413,-55.44,7.02,62.46,24.18,-58.95,34.71,-90.73,-121.98,-178.43,-159.29,-136.07,-61.50
3414,-52.41,6.01,58.42,23.18,-55.39,32.21,-84.67,-111.88,-166.36,-150.21,-127.03,-55.44
3415,-52.41,10.05,62.46,21.16,-57.41,36.25,-72.55,-99.82,-156.26,-143.14,-125.01,-62.51
3416,-48.37,5.00,53.37,21.68,-50.87,29.19,-65.53,-88.71,-146.17,-134.10,-119.96,-64.52
3417,-33.27,14.09,47.36,9.57,-40.29,30.72,-63.52,-80.63,-133.09,-122.99,-111.88,-55.44
3418,-31.25,12.07,43.32,9.57,-37.26,27.69,-57.46,-74.57,-121.98,-114.91,-105.83,-49.38
3419,-33.27,1.97,35.24,15.63,-34.23,18.61,-54.43,-71.54,-113.90,-108.86,-102.80,-52.41
3420,-32.26,11.06,43.32,10.58,-37.79,27.17,-44.33,-59.48,-99.82,-94.77,-91.74,-45.34
3421,-39.28,-1.97,37.31,20.63,-38.32,17.65,-40.29,-52.41,-91.74,-90.73,-88.71,-45.34
3422,-44.33,-8.03,36.30,26.16,-40.34,14.14,-38.27,-49.38,-87.70,-88.71,-90.73,-53.42
3423,-37.26,-0.96,36.30,19.09,-36.78,17.65,-31.25,-41.30,-73.56,-76.59,-81.64,-45.34
3424,-27.21,-1.97,25.24,14.57,-26.25,11.64,-29.23,-37.26,-66.54,-73.56,-81.64,-43.32
3425,-30.24,-3.99,26.25,17.12,-28.27,11.11,-25.19,-31.25,-58.47,-67.51,-78.61,-44.33
3426,-21.16,0.00,21.16,10.58,-21.16,10.58,-23.18,-27.21,-49.38,-61.50,-69.53,-40.29
3427,-14.09,-1.97,12.12,8.03,-13.13,5.05,-17.12,-19.14,-40.29,-54.43,-62.51,-35.24
3428,-17.12,-3.99,13.13,10.53,-15.15,4.57,-12.07,-12.07,-30.24,-45.34,-60.49,-39.28
3429,-13.08,-3.99,9.09,8.51,-11.11,2.55,-9.04,-10.05,-26.20,-43.32,-61.50,-41.30
3430,-18.13,-11.06,7.07,14.57,-12.60,-2.02,-6.01,-2.98,-19.14,-37.26,-55.44,-41.30
3431,-18.13,-1.97,16.16,10.05,-17.16,7.07,-2.98,2.98,-10.05,-27.21,-44.33,-39.28
3432,-21.16,-12.07,9.09,16.59,-15.15,-1.49,1.97,8.03,-5.00,-22.17,-42.31,-25.19
3433,-19.14,-26.20,-7.07,22.65,-6.06,-16.64,2.98,12.07,1.97,-18.13,-45.34,-25.19
3434,-14.09,-20.15,-6.06,17.12,-4.04,-13.13,7.02,17.12,11.06,-11.06,-38.27,-26.20
3435,-12.07,-19.14,-7.07,15.58,-2.50,-13.13,9.04,21.16,18.13,-8.03,-33.27,-24.18
3436,-11.06,-24.18,-13.13,17.60,1.01,-18.66,13.08,24.18,23.18,-3.99,-32.26,-30.24
3437,-15.10,-21.16,-6.06,18.13,-4.52,-13.61,19.14,31.25,29.23,2.98,-25.19,-23.18
3438,-12.07,-21.16,-9.09,16.59,-1.49,-15.15,19.14,37.26,38.27,12.07,-19.14,-21.16
3439,-9.04,-27.21,-18.17,18.13,4.57,-22.69,19.14,39.28,41.30,13.08,-18.13,-26.20
3440,-9.04,-22.17,-13.13,15.58,2.02,-17.65,20.15,39.28,48.37,21.16,-12.07,-20.15
3441,-16.11,-28.22,-12.12,22.17,-2.02,-20.19,21.16,35.24,51.40,24.18,-10.05,-24.18
3442,-17.12,-32.26,-15.15,24.67,-1.01,-23.70,23.18,42.31,52.41,25.19,-9.04,-22.17
3443,-0.96,-16.11,-15.15,8.51,7.07,-15.63,32.26,56.45,65.53,37.26,-0.96,-22.17
3444,2.98,-12.07,-15.05,4.52,8.99,-13.56,38.27,60.49,72.55,42.31,3.99,-17.12
3445,2.98,-12.07,-15.05,4.52,8.99,-13.56,36.25,58.47,77.60,48.37,9.04,-6.01
3446,9.04,-3.99,-13.03,-2.50,11.01,-8.51,36.25,61.50,77.60,48.37,5.00,-21.16
3447,12.07,-10.05,-22.12,-1.01,17.07,-16.06,41.30,68.52,82.65,53.42,11.06,-17.12
3448,10.05,-6.01,-16.06,-2.02,13.03,-11.01,46.35,73.56,91.74,60.49,21.16,-2.98
3449,5.00,-13.08,-18.08,4.04,11.54,-15.58,44.33,71.54,89.72,56.45,18.13,-10.05
3450,9.04,-27.21,-36.25,9.09,22.65,-31.73,40.29,68.52,91.74,57.46,15.10,-16.11
3451,10.05,-22.17,-32.21,6.06,21.11,-27.17,42.31,73.56,95.78,61.50,18.13,-13.08
3452,13.08,-26.20,-39.28,6.54,26.16,-32.74,47.36,78.61,100.83,64.52,21.16,-13.08
3453,12.07,-30.24,-42.31,9.09,27.17,-36.25,48.37,79.62,103.81,66.54,22.17,-10.05
3454,-1.97,-30.24,-28.27,16.11,13.13,-29.28,47.36,78.61,108.86,69.53,26.20,-3.99
3455,6.01,-24.18,-30.19,9.09,18.08,-27.17,49.38,79.62,113.90,71.54,27.21,-5.00
3456,12.07,-22.17,-34.23,5.05,23.13,-28.18,48.37,79.62,113.90,70.53,22.17,-10.05
3457,14.09,-19.14,-33.22,2.50,23.66,-26.16,51.40,83.66,117.94,75.58,25.19,-9.04
3458,16.11,-23.18,-39.28,3.51,27.69,-31.20,50.39,86.69,119.96,77.60,29.23,-7.02
3459,6.01,-34.23,-40.24,14.09,23.13,-37.21,54.43,87.70,122.99,78.61,29.23,-7.02
3460,8.03,-29.23,-37.26,10.58,22.65,-33.22,57.46,90.73,126.02,82.65,33.27,-2.98
3461,7.02,-26.20,-33.22,9.57,20.10,-29.71,55.44,89.72,126.02,83.66,33.27,-5.00
3462,3.99,-26.20,-30.19,11.11,17.07,-28.18,62.51,96.79,131.07,87.70,37.26,-1.97
3463,7.02,-20.15,-27.17,6.54,17.07,-23.66,63.52,95.78,134.10,90.73,40.29,0.96
3464,10.05,-19.14,-29.19,4.52,19.62,-24.14,65.53,97.80,136.07,91.74,44.33,6.01
3465,12.07,-21.16,-33.22,4.52,22.65,-27.17,64.52,98.81,140.11,94.77,45.34,5.00
3466,8.03,-20.15,-28.18,6.06,18.08,-24.14,61.50,91.74,139.10,94.77,42.31,-6.01
3467,9.04,-24.18,-33.22,7.55,21.11,-28.70,67.51,101.79,141.12,95.78,45.34,-1.97
3468,11.06,-25.19,-36.25,7.07,23.66,-30.72,65.53,100.83,141.12,93.76,44.33,-2.98
3469,2.98,-22.17,-25.15,9.57,14.04,-23.66,61.50,98.81,141.12,97.80,47.36,0.00
3470,12.07,-24.18,-36.25,6.06,24.14,-30.19,66.54,103.81,148.19,101.79,50.39,0.00
3471,18.13,-22.17,-40.29,2.02,29.19,-31.20,69.53,107.85,150.21,101.79,48.37,-6.01
3472,14.09,-24.18,-38.27,5.05,26.16,-31.20,67.51,106.84,151.22,106.84,54.43,2.98
3473,18.13,-28.22,-46.35,5.05,32.21,-37.26,67.51,102.80,149.20,106.84,56.45,1.97
3474,13.08,-21.16,-34.23,4.04,23.66,-27.69,72.55,106.84,153.23,107.85,59.48,-0.96
3475,7.02,-19.14,-26.16,6.06,16.59,-22.65,79.62,110.87,157.27,110.87,60.49,0.00
3476,15.10,-20.15,-35.24,2.50,25.15,-27.69,75.58,106.84,155.25,112.89,60.49,1.97
3477,26.20,-14.09,-40.29,-6.06,33.22,-27.17,70.53,103.81,158.28,113.90,62.51,3.99
3478,19.14,-26.20,-45.34,3.51,32.21,-35.77,77.60,108.86,158.28,112.89,58.47,-3.99
3479,8.03,-38.27,-46.30,15.10,27.17,-42.26,72.55,105.83,158.28,112.89,60.49,-1.97
3480,2.98,-37.26,-40.24,17.12,21.59,-38.75,70.53,104.82,158.28,112.89,59.48,-1.97
3481,8.03,-37.26,-45.29,14.62,26.64,-41.25,68.52,106.84,160.30,111.88,60.49,0.96
3482,11.06,-27.21,-38.27,8.08,24.67,-32.74,63.52,104.82,161.31,115.92,64.52,12.07
3483,23.18,-19.14,-42.31,-2.02,32.74,-30.72,72.55,111.88,160.30,114.91,60.49,3.99
3484,26.20,-21.16,-47.36,-2.50,36.78,-34.23,73.56,109.87,161.31,112.89,59.48,0.96
3485,0.00,0.00,0.00,0.00,0.00,0.00,0.00,0.00,0.00,0.00,0.00,0.00
3486,0.00,0.00,0.00,0.00,0.00,0.00,0.00,0.00,0.00,0.00,0.00,0.00
3487,0.00,0.00,0.00,0.00,0.00,0.00,0.00,0.00,0.00,0.00,0.00,0.00
3488,0.00,0.00,0.00,0.00,0.00,0.00,0.00,0.00,0.00,0.00,0.00,0.00
3489,0.00,0.00,0.00,0.00,0.00,0.00,0.00,0.00,0.00,0.00,0.00,0.00
3490,0.00,0.00,0.00,0.00,0.00,0.00,0.00,0.00,0.00,0.00,0.00,0.00
3491,0.00,0.00,0.00,0.00,0.00,0.00,0.00,0.00,0.00,0.00,0.00,0.00
3492,0.00,0.00,0.00,0.00,0.00,0.00,0.00,0.00,0.00,0.00,0.00,0.00
3493,0.00,0.00,0.00,0.00,0.00,0.00,0.00,0.00,0.00,0.00,0.00,0.00
3494,0.00,0.00,0.00,0.00,0.00,0.00,0.00,0.00,0.00,0.00,0.00,0.00
3495,0.00,0.00,0.00,0.00,0.00,0.00,0.00,0.00,0.00,0.00,0.00,0.00
3496,0.00,0.00,0.00,0.00,0.00,0.00,0.00,0.00,0.00,0.00,0.00,0.00
3497,0.00,0.00,0.00,0.00,0.00,0.00,0.00,0.00,0.00,0.00,0.00,0.00
3498,0.00,0.00,0.00,0.00,0.00,0.00,0.00,0.00,0.00,0.00,0.00,0.00
3499,0.00,0.00,0.00,0.00,0.00,0.00,0.00,0.00,0.00,0.00,0.00,0.00
3500,0.00,0.00,0.00,0.00,0.00,0.00,0.00,0.00,0.00,0.00,0.00,0.00
3501,0.00,0.00,0.00,0.00,0.00,0.00,0.00,0.00,0.00,0.00,0.00,0.00
3502,0.00,0.00,0.00,0.00,0.00,0.00,0.00,0.00,0.00,0.00,0.00,0.00
3503,0.00,0.00,0.00,0.00,0.00,0.00,0.00,0.00,0.00,0.00,0.00,0.00
3504,0.00,0.00,0.00,0.00,0.00,0.00,0.00,0.00,0.00,0.00,0.00,0.00
3505,0.00,0.00,0.00,0.00,0.00,0.00,0.00,0.00,0.00,0.00,0.00,0.00
3506,0.00,0.00,0.00,0.00,0.00,0.00,0.00,0.00,0.00,0.00,0.00,0.00
3507,0.00,0.00,0.00,0.00,0.00,0.00,0.00,0.00,0.00,0.00,0.00,0.00
3508,0.00,0.00,0.00,0.00,0.00,0.00,0.00,0.00,0.00,0.00,0.00,0.00
3509,0.00,0.00,0.00,0.00,0.00,0.00,0.00,0.00,0.00,0.00,0.00,0.00
3510,0.00,0.00,0.00,0.00,0.00,0.00,0.00,0.00,0.00,0.00,0.00,0.00
3511,0.00,0.00,0.00,0.00,0.00,0.00,0.00,0.00,0.00,0.00,0.00,0.00
3512,0.00,0.00,0.00,0.00,0.00,0.00,0.00,0.00,0.00,0.00,0.00,0.00
3513,0.00,0.00,0.00,0.00,0.00,0.00,0.00,0.00,0.00,0.00,0.00,0.00
3514,0.00,0.00,0.00,0.00,0.00,0.00,0.00,0.00,0.00,0.00,0.00,0.00
3515,0.00,0.00,0.00,0.00,0.00,0.00,0.00,0.00,0.00,0.00,0.00,0.00
3516,0.00,0.00,0.00,0.00,0.00,0.00,0.00,0.00,0.00,0.00,0.00,0.00
3517,0.00,0.00,0.00,0.00,0.00,0.00,0.00,0.00,0.00,0.00,0.00,0.00
3518,0.00,0.00,0.00,0.00,0.00,0.00,0.00,0.00,0.00,0.00,0.00,0.00
3519,0.00,0.00,0.00,0.00,0.00,0.00,0.00,0.00,0.00,0.00,0.00,0.00
3520,0.00,0.00,0.00,0.00,0.00,0.00,0.00,0.00,0.00,0.00,0.00,0.00
3521,0.00,0.00,0.00,0.00,0.00,0.00,0.00,0.00,0.00,0.00,0.00,0.00
3522,0.00,0.00,0.00,0.00,0.00,0.00,0.00,0.00,0.00,0.00,0.00,0.00
3523,0.00,0.00,0.00,0.00,0.00,0.00,0.00,0.00,0.00,0.00,0.00,0.00
3524,0.00,0.00,0.00,0.00,0.00,0.00,0.00,0.00,0.00,0.00,0.00,0.00
3525,0.00,0.00,0.00,0.00,0.00,0.00,0.00,0.00,0.00,0.00,0.00,0.00
3526,0.00,0.00,0.00,0.00,0.00,0.00,0.00,0.00,0.00,0.00,0.00,0.00
3527,0.00,0.00,0.00,0.00,0.00,0.00,0.00,0.00,0.00,0.00,0.00,0.00
3528,0.00,0.00,0.00,0.00,0.00,0.00,0.00,0.00,0.00,0.00,0.00,0.00
3529,0.00,0.00,0.00,0.00,0.00,0.00,0.00,0.00,0.00,0.00,0.00,0.00
3530,0.00,0.00,0.00,0.00,0.00,0.00,0.00,0.00,0.00,0.00,0.00,0.00
3531,0.00,0.00,0.00,0.00,0.00,0.00,0.00,0.00,0.00,0.00,0.00,0.00
3532,0.00,0.00,0.00,0.00,0.00,0.00,0.00,0.00,0.00,0.00,0.00,0.00
3533,0.00,0.00,0.00,0.00,0.00,0.00,0.00,0.00,0.00,0.00,0.00,0.00
3534,0.00,0.00,0.00,0.00,0.00,0.00,0.00,0.00,0.00,0.00,0.00,0.00
3535,0.00,0.00,0.00,0.00,0.00,0.00,0.00,0.00,0.00,0.00,0.00,0.00
3536,0.00,0.00,0.00,0.00,0.00,0.00,0.00,0.00,0.00,0.00,0.00,0.00
3537,0.00,0.00,0.00,0.00,0.00,0.00,0.00,0.00,0.00,0.00,0.00,0.00
3538,0.00,0.00,0.00,0.00,0.00,0.00,0.00,0.00,0.00,0.00,0.00,0.00
3539,0.00,0.00,0.00,0.00,0.00,0.00,0.00,0.00,0.00,0.00,0.00,0.00
3540,0.00,0.00,0.00,0.00,0.00,0.00,0.00,0.00,0.00,0.00,0.00,0.00
3541,0.00,0.00,0.00,0.00,0.00,0.00,0.00,0.00,0.00,0.00,0.00,0.00
3542,0.00,0.00,0.00,0.00,0.00,0.00,0.00,0.00,0.00,0.00,0.00,0.00
3543,0.00,0.00,0.00,0.00,0.00,0.00,0.00,0.00,0.00,0.00,0.00,0.00
3544,0.00,0.00,0.00,0.00,0.00,0.00,0.00,0.00,0.00,0.00,0.00,0.00
3545,0.00,0.00,0.00,0.00,0.00,0.00,0.00,0.00,0.00,0.00,0.00,0.00
3546,0.00,0.00,0.00,0.00,0.00,0.00,0.00,0.00,0.00,0.00,0.00,0.00
3547,0.00,0.00,0.00,0.00,0.00,0.00,0.00,0.00,0.00,0.00,0.00,0.00
3548,0.00,0.00,0.00,0.00,0.00,0.00,0.00,0.00,0.00,0.00,0.00,0.00
3549,0.00,0.00,0.00,0.00,0.00,0.00,0.00,0.00,0.00,0.00,0.00,0.00
3550,0.00,0.00,0.00,0.00,0.00,0.00,0.00,0.00,0.00,0.00,0.00,0.00
3551,0.00,0.00,0.00,0.00,0.00,0.00,0.00,0.00,0.00,0.00,0.00,0.00
3552,0.00,0.00,0.00,0.00,0.00,0.00,0.00,0.00,0.00,0.00,0.00,0.00
3553,0.00,0.00,0.00,0.00,0.00,0.00,0.00,0.00,0.00,0.00,0.00,0.00
3554,0.00,0.00,0.00,0.00,0.00,0.00,0.00,0.00,0.00,0.00,0.00,0.00
3555,0.00,0.00,0.00,0.00,0.00,0.00,0.00,0.00,0.00,0.00,0.00,0.00
3556,0.00,0.00,0.00,0.00,0.00,0.00,0.00,0.00,0.00,0.00,0.00,0.00
3557,0.00,0.00,0.00,0.00,0.00,0.00,0.00,0.00,0.00,0.00,0.00,0.00
3558,0.00,0.00,0.00,0.00,0.00,0.00,0.00,0.00,0.00,0.00,0.00,0.00
3559,0.00,0.00,0.00,0.00,0.00,0.00,0.00,0.00,0.00,0.00,0.00,0.00
3560,0.00,0.00,0.00,0.00,0.00,0.00,0.00,0.00,0.00,0.00,0.00,0.00
3561,0.00,0.00,0.00,0.00,0.00,0.00,0.00,0.00,0.00,0.00,0.00,0.00
3562,0.00,0.00,0.00,0.00,0.00,0.00,0.00,0.00,0.00,0.00,0.00,0.00
3563,0.00,0.00,0.00,0.00,0.00,0.00,0.00,0.00,0.00,0.00,0.00,0.00
3564,0.00,0.00,0.00,0.00,0.00,0.00,0.00,0.00,0.00,0.00,0.00,0.00
3565,0.00,0.00,0.00,0.00,0.00,0.00,0.00,0.00,0.00,0.00,0.00,0.00
3566,0.00,0.00,0.00,0.00,0.00,0.00,0.00,0.00,0.00,0.00,0.00,0.00
3567,0.00,0.00,0.00,0.00,0.00,0.00,0.00,0.00,0.00,0.00,0.00,0.00
3568,0.00,0.00,0.00,0.00,0.00,0.00,0.00,0.00,0.00,0.00,0.00,0.00
3569,0.00,0.00,0.00,0.00,0.00,0.00,0.00,0.00,0.00,0.00,0.00,0.00
3570,0.00,0.00,0.00,0.00,0.00,0.00,0.00,0.00,0.00,0.00,0.00,0.00
3571,0.00,0.00,0.00,0.00,0.00,0.00,0.00,0.00,0.00,0.00,0.00,0.00
3572,0.00,0.00,0.00,0.00,0.00,0.00,0.00,0.00,0.00,0.00,0.00,0.00
3573,0.00,0.00,0.00,0.00,0.00,0.00,0.00,0.00,0.00,0.00,0.00,0.00
3574,0.00,0.00,0.00,0.00,0.00,0.00,0.00,0.00,0.00,0.00,0.00,0.00
3575,0.00,0.00,0.00,0.00,0.00,0.00,0.00,0.00,0.00,0.00,0.00,0.00
3576,0.00,0.00,0.00,0.00,0.00,0.00,0.00,0.00,0.00,0.00,0.00,0.00
3577,0.00,0.00,0.00,0.00,0.00,0.00,0.00,0.00,0.00,0.00,0.00,0.00
3578,0.00,0.00,0.00,0.00,0.00,0.00,0.00,0.00,0.00,0.00,0.00,0.00
3579,0.00,0.00,0.00,0.00,0.00,0.00,0.00,0.00,0.00,0.00,0.00,0.00
3580,0.00,0.00,0.00,0.00,0.00,0.00,0.00,0.00,0.00,0.00,0.00,0.00
3581,0.00,0.00,0.00,0.00,0.00,0.00,0.00,0.00,0.00,0.00,0.00,0.00
3582,0.00,0.00,0.00,0.00,0.00,0.00,0.00,0.00,0.00,0.00,0.00,0.00
3583,0.00,0.00,0.00,0.00,0.00,0.00,0.00,0.00,0.00,0.00,0.00,0.00
3584,0.00,0.00,0.00,0.00,0.00,0.00,0.00,0.00,0.00,0.00,0.00,0.00
3585,0.00,0.00,0.00,0.00,0.00,0.00,0.00,0.00,0.00,0.00,0.00,0.00
3586,0.00,0.00,0.00,0.00,0.00,0.00,0.00,0.00,0.00,0.00,0.00,0.00
3587,0.00,0.00,0.00,0.00,0.00,0.00,0.00,0.00,0.00,0.00,0.00,0.00
3588,0.00,0.00,0.00,0.00,0.00,0.00,0.00,0.00,0.00,0.00,0.00,0.00
3589,0.00,0.00,0.00,0.00,0.00,0.00,0.00,0.00,0.00,0.00,0.00,0.00
3590,0.00,0.00,0.00,0.00,0.00,0.00,0.00,0.00,0.00,0.00,0.00,0.00
3591,0.00,0.00,0.00,0.00,0.00,0.00,0.00,0.00,0.00,0.00,0.00,0.00
3592,0.00,0.00,0.00,0.00,0.00,0.00,0.00,0.00,0.00,0.00,0.00,0.00
3593,0.00,0.00,0.00,0.00,0.00,0.00,0.00,0.00,0.00,0.00,0.00,0.00
3594,0.00,0.00,0.00,0.00,0.00,0.00,0.00,0.00,0.00,0.00,0.00,0.00
3595,0.00,0.00,0.00,0.00,0.00,0.00,0.00,0.00,0.00,0.00,0.00,0.00
3596,0.00,0.00,0.00,0.00,0.00,0.00,0.00,0.00,0.00,0.00,0.00,0.00
3597,0.00,0.00,0.00,0.00,0.00,0.00,0.00,0.00,0.00,0.00,0.00,0.00
3598,0.00,0.00,0.00,0.00,0.00,0.00,0.00,0.00,0.00,0.00,0.00,0.00
3599,0.00,0.00,0.00,0.00,0.00,0.00,0.00,0.00,0.00,0.00,0.00,0.00
3600,0.00,0.00,0.00,0.00,0.00,0.00,0.00,0.00,0.00,0.00,0.00,0.00
3601,0.00,0.00,0.00,0.00,0.00,0.00,0.00,0.00,0.00,0.00,0.00,0.00
3602,0.00,0.00,0.00,0.00,0.00,0.00,0.00,0.00,0.00,0.00,0.00,0.00
3603,0.00,0.00,0.00,0.00,0.00,0.00,0.00,0.00,0.00,0.00,0.00,0.00
3604,0.00,0.00,0.00,0.00,0.00,0.00,0.00,0.00,0.00,0.00,0.00,0.00
3605,0.00,0.00,0.00,0.00,0.00,0.00,0.00,0.00,0.00,0.00,0.00,0.00
3606,0.00,0.00,0.00,0.00,0.00,0.00,0.00,0.00,0.00,0.00,0.00,0.00
3607,0.00,0.00,0.00,0.00,0.00,0.00,0.00,0.00,0.00,0.00,0.00,0.00
3608,0.00,0.00,0.00,0.00,0.00,0.00,0.00,0.00,0.00,0.00,0.00,0.00
3609,0.00,0.00,0.00,0.00,0.00,0.00,0.00,0.00,0.00,0.00,0.00,0.00
3610,0.00,0.00,0.00,0.00,0.00,0.00,0.00,0.00,0.00,0.00,0.00,0.00
3611,0.00,0.00,0.00,0.00,0.00,0.00,0.00,0.00,0.00,0.00,0.00,0.00
3612,0.00,0.00,0.00,0.00,0.00,0.00,0.00,0.00,0.00,0.00,0.00,0.00
3613,0.00,0.00,0.00,0.00,0.00,0.00,0.00,0.00,0.00,0.00,0.00,0.00
3614,0.00,0.00,0.00,0.00,0.00,0.00,0.00,0.00,0.00,0.00,0.00,0.00
3615,0.00,0.00,0.00,0.00,0.00,0.00,0.00,0.00,0.00,0.00,0.00,0.00
3616,0.00,0.00,0.00,0.00,0.00,0.00,0.00,0.00,0.00,0.00,0.00,0.00
3617,0.00,0.00,0.00,0.00,0.00,0.00,0.00,0.00,0.00,0.00,0.00,0.00
3618,0.00,0.00,0.00,0.00,0.00,0.00,0.00,0.00,0.00,0.00,0.00,0.00
3619,0.00,0.00,0.00,0.00,0.00,0.00,0.00,0.00,0.00,0.00,0.00,0.00
3620,0.00,0.00,0.00,0.00,0.00,0.00,0.00,0.00,0.00,0.00,0.00,0.00
3621,0.00,0.00,0.00,0.00,0.00,0.00,0.00,0.00,0.00,0.00,0.00,0.00
3622,0.00,0.00,0.00,0.00,0.00,0.00,0.00,0.00,0.00,0.00,0.00,0.00
3623,0.00,0.00,0.00,0.00,0.00,0.00,0.00,0.00,0.00,0.00,0.00,0.00
3624,0.00,0.00,0.00,0.00,0.00,0.00,0.00,0.00,0.00,0.00,0.00,0.00
3625,0.00,0.00,0.00,0.00,0.00,0.00,0.00,0.00,0.00,0.00,0.00,0.00
3626,0.00,0.00,0.00,0.00,0.00,0.00,0.00,0.00,0.00,0.00,0.00,0.00
3627,0.00,0.00,0.00,0.00,0.00,0.00,0.00,0.00,0.00,0.00,0.00,0.00
3628,0.00,0.00,0.00,0.00,0.00,0.00,0.00,0.00,0.00,0.00,0.00,0.00
3629,0.00,0.00,0.00,0.00,0.00,0.00,0.00,0.00,0.00,0.00,0.00,0.00
3630,0.00,0.00,0.00,0.00,0.00,0.00,0.00,0.00,0.00,0.00,0.00,0.00
3631,0.00,0.00,0.00,0.00,0.00,0.00,0.00,0.00,0.00,0.00,0.00,0.00
3632,0.00,0.00,0.00,0.00,0.00,0.00,0.00,0.00,0.00,0.00,0.00,0.00
3633,0.00,0.00,0.00,0.00,0.00,0.00,0.00,0.00,0.00,0.00,0.00,0.00
3634,0.00,0.00,0.00,0.00,0.00,0.00,0.00,0.00,0.00,0.00,0.00,0.00
3635,0.00,0.00,0.00,0.00,0.00,0.00,0.00,0.00,0.00,0.00,0.00,0.00
3636,0.00,0.00,0.00,0.00,0.00,0.00,0.00,0.00,0.00,0.00,0.00,0.00
3637,0.00,0.00,0.00,0.00,0.00,0.00,0.00,0.00,0.00,0.00,0.00,0.00
3638,0.00,0.00,0.00,0.00,0.00,0.00,0.00,0.00,0.00,0.00,0.00,0.00
3639,0.00,0.00,0.00,0.00,0.00,0.00,0.00,0.00,0.00,0.00,0.00,0.00
3640,0.00,0.00,0.00,0.00,0.00,0.00,0.00,0.00,0.00,0.00,0.00,0.00
3641,0.00,0.00,0.00,0.00,0.00,0.00,0.00,0.00,0.00,0.00,0.00,0.00
3642,0.00,0.00,0.00,0.00,0.00,0.00,0.00,0.00,0.00,0.00,0.00,0.00
3643,0.00,0.00,0.00,0.00,0.00,0.00,0.00,0.00,0.00,0.00,0.00,0.00
3644,0.00,0.00,0.00,0.00,0.00,0.00,0.00,0.00,0.00,0.00,0.00,0.00
3645,0.00,0.00,0.00,0.00,0.00,0.00,0.00,0.00,0.00,0.00,0.00,0.00
3646,0.00,0.00,0.00,0.00,0.00,0.00,0.00,0.00,0.00,0.00,0.00,0.00
3647,0.00,0.00,0.00,0.00,0.00,0.00,0.00,0.00,0.00,0.00,0.00,0.00
3648,0.00,0.00,0.00,0.00,0.00,0.00,0.00,0.00,0.00,0.00,0.00,0.00
3649,0.00,0.00,0.00,0.00,0.00,0.00,0.00,0.00,0.00,0.00,0.00,0.00
3650,0.00,0.00,0.00,0.00,0.00,0.00,0.00,0.00,0.00,0.00,0.00,0.00
3651,0.00,0.00,0.00,0.00,0.00,0.00,0.00,0.00,0.00,0.00,0.00,0.00
3652,0.00,0.00,0.00,0.00,0.00,0.00,0.00,0.00,0.00,0.00,0.00,0.00
3653,0.00,0.00,0.00,0.00,0.00,0.00,0.00,0.00,0.00,0.00,0.00,0.00
3654,0.00,0.00,0.00,0.00,0.00,0.00,0.00,0.00,0.00,0.00,0.00,0.00
3655,0.00,0.00,0.00,0.00,0.00,0.00,0.00,0.00,0.00,0.00,0.00,0.00
3656,0.00,0.00,0.00,0.00,0.00,0.00,0.00,0.00,0.00,0.00,0.00,0.00
3657,0.00,0.00,0.00,0.00,0.00,0.00,0.00,0.00,0.00,0.00,0.00,0.00
3658,0.00,0.00,0.00,0.00,0.00,0.00,0.00,0.00,0.00,0.00,0.00,0.00
3659,0.00,0.00,0.00,0.00,0.00,0.00,0.00,0.00,0.00,0.00,0.00,0.00
3660,0.00,0.00,0.00,0.00,0.00,0.00,0.00,0.00,0.00,0.00,0.00,0.00
3661,0.00,0.00,0.00,0.00,0.00,0.00,0.00,0.00,0.00,0.00,0.00,0.00
3662,0.00,0.00,0.00,0.00,0.00,0.00,0.00,0.00,0.00,0.00,0.00,0.00
3663,0.00,0.00,0.00,0.00,0.00,0.00,0.00,0.00,0.00,0.00,0.00,0.00
3664,0.00,0.00,0.00,0.00,0.00,0.00,0.00,0.00,0.00,0.00,0.00,0.00
3665,0.00,0.00,0.00,0.00,0.00,0.00,0.00,0.00,0.00,0.00,0.00,0.00
3666,0.00,0.00,0.00,0.00,0.00,0.00,0.00,0.00,0.00,0.00,0.00,0.00
3667,0.00,0.00,0.00,0.00,0.00,0.00,0.00,0.00,0.00,0.00,0.00,0.00
3668,0.00,0.00,0.00,0.00,0.00,0.00,0.00,0.00,0.00,0.00,0.00,0.00
3669,0.00,0.00,0.00,0.00,0.00,0.00,0.00,0.00,0.00,0.00,0.00,0.00
3670,0.00,0.00,0.00,0.00,0.00,0.00,0.00,0.00,0.00,0.00,0.00,0.00
3671,0.00,0.00,0.00,0.00,0.00,0.00,0.00,0.00,0.00,0.00,0.00,0.00
3672,0.00,0.00,0.00,0.00,0.00,0.00,0.00,0.00,0.00,0.00,0.00,0.00
3673,0.00,0.00,0.00,0.00,0.00,0.00,0.00,0.00,0.00,0.00,0.00,0.00
3674,0.00,0.00,0.00,0.00,0.00,0.00,0.00,0.00,0.00,0.00,0.00,0.00
3675,0.00,0.00,0.00,0.00,0.00,0.00,0.00,0.00,0.00,0.00,0.00,0.00
3676,0.00,0.00,0.00,0.00,0.00,0.00,0.00,0.00,0.00,0.00,0.00,0.00
3677,0.00,0.00,0.00,0.00,0.00,0.00,0.00,0.00,0.00,0.00,0.00,0.00
3678,0.00,0.00,0.00,0.00,0.00,0.00,0.00,0.00,0.00,0.00,0.00,0.00
3679,0.00,0.00,0.00,0.00,0.00,0.00,0.00,0.00,0.00,0.00,0.00,0.00
3680,0.00,0.00,0.00,0.00,0.00,0.00,0.00,0.00,0.00,0.00,0.00,0.00
3681,0.00,0.00,0.00,0.00,0.00,0.00,0.00,0.00,0.00,0.00,0.00,0.00
3682,0.00,0.00,0.00,0.00,0.00,0.00,0.00,0.00,0.00,0.00,0.00,0.00
3683,0.00,0.00,0.00,0.00,0.00,0.00,0.00,0.00,0.00,0.00,0.00,0.00
3684,0.00,0.00,0.00,0.00,0.00,0.00,0.00,0.00,0.00,0.00,0.00,0.00
3685,0.00,0.00,0.00,0.00,0.00,0.00,0.00,0.00,0.00,0.00,0.00,0.00
3686,0.00,0.00,0.00,0.00,0.00,0.00,0.00,0.00,0.00,0.00,0.00,0.00
3687,0.00,0.00,0.00,0.00,0.00,0.00,0.00,0.00,0.00,0.00,0.00,0.00
3688,0.00,0.00,0.00,0.00,0.00,0.00,0.00,0.00,0.00,0.00,0.00,0.00
3689,0.00,0.00,0.00,0.00,0.00,0.00,0.00,0.00,0.00,0.00,0.00,0.00
3690,0.00,0.00,0.00,0.00,0.00,0.00,0.00,0.00,0.00,0.00,0.00,0.00
3691,0.00,0.00,0.00,0.00,0.00,0.00,0.00,0.00,0.00,0.00,0.00,0.00
3692,0.00,0.00,0.00,0.00,0.00,0.00,0.00,0.00,0.00,0.00,0.00,0.00
3693,0.00,0.00,0.00,0.00,0.00,0.00,0.00,0.00,0.00,0.00,0.00,0.00
3694,0.00,0.00,0.00,0.00,0.00,0.00,0.00,0.00,0.00,0.00,0.00,0.00
3695,0.00,0.00,0.00,0.00,0.00,0.00,0.00,0.00,0.00,0.00,0.00,0.00
3696,0.00,0.00,0.00,0.00,0.00,0.00,0.00,0.00,0.00,0.00,0.00,0.00
3697,0.00,0.00,0.00,0.00,0.00,0.00,0.00,0.00,0.00,0.00,0.00,0.00
3698,0.00,0.00,0.00,0.00,0.00,0.00,0.00,0.00,0.00,0.00,0.00,0.00
3699,0.00,0.00,0.00,0.00,0.00,0.00,0.00,0.00,0.00,0.00,0.00,0.00
3700,0.00,0.00,0.00,0.00,0.00,0.00,0.00,0.00,0.00,0.00,0.00,0.00
3701,0.00,0.00,0.00,0.00,0.00,0.00,0.00,0.00,0.00,0.00,0.00,0.00
3702,0.00,0.00,0.00,0.00,0.00,0.00,0.00,0.00,0.00,0.00,0.00,0.00
3703,0.00,0.00,0.00,0.00,0.00,0.00,0.00,0.00,0.00,0.00,0.00,0.00
3704,0.00,0.00,0.00,0.00,0.00,0.00,0.00,0.00,0.00,0.00,0.00,0.00
3705,0.00,0.00,0.00,0.00,0.00,0.00,0.00,0.00,0.00,0.00,0.00,0.00
3706,0.00,0.00,0.00,0.00,0.00,0.00,0.00,0.00,0.00,0.00,0.00,0.00
3707,0.00,0.00,0.00,0.00,0.00,0.00,0.00,0.00,0.00,0.00,0.00,0.00
3708,0.00,0.00,0.00,0.00,0.00,0.00,0.00,0.00,0.00,0.00,0.00,0.00
3709,0.00,0.00,0.00,0.00,0.00,0.00,0.00,0.00,0.00,0.00,0.00,0.00
3710,0.00,0.00,0.00,0.00,0.00,0.00,0.00,0.00,0.00,0.00,0.00,0.00
3711,0.00,0.00,0.00,0.00,0.00,0.00,0.00,0.00,0.00,0.00,0.00,0.00
3712,0.00,0.00,0.00,0.00,0.00,0.00,0.00,0.00,0.00,0.00,0.00,0.00
3713,0.00,0.00,0.00,0.00,0.00,0.00,0.00,0.00,0.00,0.00,0.00,0.00
3714,0.00,0.00,0.00,0.00,0.00,0.00,0.00,0.00,0.00,0.00,0.00,0.00
3715,0.00,0.00,0.00,0.00,0.00,0.00,0.00,0.00,0.00,0.00,0.00,0.00
3716,0.00,0.00,0.00,0.00,0.00,0.00,0.00,0.00,0.00,0.00,0.00,0.00
3717,0.00,0.00,0.00,0.00,0.00,0.00,0.00,0.00,0.00,0.00,0.00,0.00
3718,0.00,0.00,0.00,0.00,0.00,0.00,0.00,0.00,0.00,0.00,0.00,0.00
3719,0.00,0.00,0.00,0.00,0.00,0.00,0.00,0.00,0.00,0.00,0.00,0.00
3720,0.00,0.00,0.00,0.00,0.00,0.00,0.00,0.00,0.00,0.00,0.00,0.00
3721,0.00,0.00,0.00,0.00,0.00,0.00,0.00,0.00,0.00,0.00,0.00,0.00
3722,0.00,0.00,0.00,0.00,0.00,0.00,0.00,0.00,0.00,0.00,0.00,0.00
3723,0.00,0.00,0.00,0.00,0.00,0.00,0.00,0.00,0.00,0.00,0.00,0.00
3724,0.00,0.00,0.00,0.00,0.00,0.00,0.00,0.00,0.00,0.00,0.00,0.00
3725,0.00,0.00,0.00,0.00,0.00,0.00,0.00,0.00,0.00,0.00,0.00,0.00
3726,0.00,0.00,0.00,0.00,0.00,0.00,0.00,0.00,0.00,0.00,0.00,0.00
3727,0.00,0.00,0.00,0.00,0.00,0.00,0.00,0.00,0.00,0.00,0.00,0.00
3728,0.00,0.00,0.00,0.00,0.00,0.00,0.00,0.00,0.00,0.00,0.00,0.00
3729,0.00,0.00,0.00,0.00,0.00,0.00,0.00,0.00,0.00,0.00,0.00,0.00
3730,0.00,0.00,0.00,0.00,0.00,0.00,0.00,0.00,0.00,0.00,0.00,0.00
3731,0.00,0.00,0.00,0.00,0.00,0.00,0.00,0.00,0.00,0.00,0.00,0.00
3732,0.00,0.00,0.00,0.00,0.00,0.00,0.00,0.00,0.00,0.00,0.00,0.00
3733,0.00,0.00,0.00,0.00,0.00,0.00,0.00,0.00,0.00,0.00,0.00,0.00
3734,0.00,0.00,0.00,0.00,0.00,0.00,0.00,0.00,0.00,0.00,0.00,0.00
3735,0.00,0.00,0.00,0.00,0.00,0.00,0.00,0.00,0.00,0.00,0.00,0.00
3736,0.00,0.00,0.00,0.00,0.00,0.00,0.00,0.00,0.00,0.00,0.00,0.00
3737,0.00,0.00,0.00,0.00,0.00,0.00,0.00,0.00,0.00,0.00,0.00,0.00
3738,0.00,0.00,0.00,0.00,0.00,0.00,0.00,0.00,0.00,0.00,0.00,0.00
3739,0.00,0.00,0.00,0.00,0.00,0.00,0.00,0.00,0.00,0.00,0.00,0.00
3740,0.00,0.00,0.00,0.00,0.00,0.00,0.00,0.00,0.00,0.00,0.00,0.00
3741,0.00,0.00,0.00,0.00,0.00,0.00,0.00,0.00,0.00,0.00,0.00,0.00
3742,0.00,0.00,0.00,0.00,0.00,0.00,0.00,0.00,0.00,0.00,0.00,0.00
3743,0.00,0.00,0.00,0.00,0.00,0.00,0.00,0.00,0.00,0.00,0.00,0.00
3744,0.00,0.00,0.00,0.00,0.00,0.00,0.00,0.00,0.00,0.00,0.00,0.00
3745,0.00,0.00,0.00,0.00,0.00,0.00,0.00,0.00,0.00,0.00,0.00,0.00
3746,0.00,0.00,0.00,0.00,0.00,0.00,0.00,0.00,0.00,0.00,0.00,0.00
3747,0.00,0.00,0.00,0.00,0.00,0.00,0.00,0.00,0.00,0.00,0.00,0.00
3748,0.00,0.00,0.00,0.00,0.00,0.00,0.00,0.00,0.00,0.00,0.00,0.00
3749,0.00,0.00,0.00,0.00,0.00,0.00,0.00,0.00,0.00,0.00,0.00,0.00
3750,0.00,0.00,0.00,0.00,0.00,0.00,0.00,0.00,0.00,0.00,0.00,0.00
3751,0.00,0.00,0.00,0.00,0.00,0.00,0.00,0.00,0.00,0.00,0.00,0.00
3752,0.00,0.00,0.00,0.00,0.00,0.00,0.00,0.00,0.00,0.00,0.00,0.00
3753,0.00,0.00,0.00,0.00,0.00,0.00,0.00,0.00,0.00,0.00,0.00,0.00
3754,0.00,0.00,0.00,0.00,0.00,0.00,0.00,0.00,0.00,0.00,0.00,0.00
3755,0.00,0.00,0.00,0.00,0.00,0.00,0.00,0.00,0.00,0.00,0.00,0.00
3756,0.00,0.00,0.00,0.00,0.00,0.00,0.00,0.00,0.00,0.00,0.00,0.00
3757,0.00,0.00,0.00,0.00,0.00,0.00,0.00,0.00,0.00,0.00,0.00,0.00
3758,0.00,0.00,0.00,0.00,0.00,0.00,0.00,0.00,0.00,0.00,0.00,0.00
3759,0.00,0.00,0.00,0.00,0.00,0.00,0.00,0.00,0.00,0.00,0.00,0.00
3760,0.00,0.00,0.00,0.00,0.00,0.00,0.00,0.00,0.00,0.00,0.00,0.00
3761,0.00,0.00,0.00,0.00,0.00,0.00,0.00,0.00,0.00,0.00,0.00,0.00
3762,0.00,0.00,0.00,0.00,0.00,0.00,0.00,0.00,0.00,0.00,0.00,0.00
3763,0.00,0.00,0.00,0.00,0.00,0.00,0.00,0.00,0.00,0.00,0.00,0.00
3764,0.00,0.00,0.00,0.00,0.00,0.00,0.00,0.00,0.00,0.00,0.00,0.00
3765,0.00,0.00,0.00,0.00,0.00,0.00,0.00,0.00,0.00,0.00,0.00,0.00
3766,0.00,0.00,0.00,0.00,0.00,0.00,0.00,0.00,0.00,0.00,0.00,0.00
3767,0.00,0.00,0.00,0.00,0.00,0.00,0.00,0.00,0.00,0.00,0.00,0.00
3768,0.00,0.00,0.00,0.00,0.00,0.00,0.00,0.00,0.00,0.00,0.00,0.00
3769,0.00,0.00,0.00,0.00,0.00,0.00,0.00,0.00,0.00,0.00,0.00,0.00
3770,0.00,0.00,0.00,0.00,0.00,0.00,0.00,0.00,0.00,0.00,0.00,0.00
3771,0.00,0.00,0.00,0.00,0.00,0.00,0.00,0.00,0.00,0.00,0.00,0.00
3772,0.00,0.00,0.00,0.00,0.00,0.00,0.00,0.00,0.00,0.00,0.00,0.00
3773,0.00,0.00,0.00,0.00,0.00,0.00,0.00,0.00,0.00,0.00,0.00,0.00
3774,0.00,0.00,0.00,0.00,0.00,0.00,0.00,0.00,0.00,0.00,0.00,0.00
3775,0.00,0.00,0.00,0.00,0.00,0.00,0.00,0.00,0.00,0.00,0.00,0.00
3776,0.00,0.00,0.00,0.00,0.00,0.00,0.00,0.00,0.00,0.00,0.00,0.00
3777,0.00,0.00,0.00,0.00,0.00,0.00,0.00,0.00,0.00,0.00,0.00,0.00
3778,0.00,0.00,0.00,0.00,0.00,0.00,0.00,0.00,0.00,0.00,0.00,0.00
3779,0.00,0.00,0.00,0.00,0.00,0.00,0.00,0.00,0.00,0.00,0.00,0.00
3780,0.00,0.00,0.00,0.00,0.00,0.00,0.00,0.00,0.00,0.00,0.00,0.00
3781,0.00,0.00,0.00,0.00,0.00,0.00,0.00,0.00,0.00,0.00,0.00,0.00
3782,0.00,0.00,0.00,0.00,0.00,0.00,0.00,0.00,0.00,0.00,0.00,0.00
3783,0.00,0.00,0.00,0.00,0.00,0.00,0.00,0.00,0.00,0.00,0.00,0.00
3784,0.00,0.00,0.00,0.00,0.00,0.00,0.00,0.00,0.00,0.00,0.00,0.00
3785,0.00,0.00,0.00,0.00,0.00,0.00,0.00,0.00,0.00,0.00,0.00,0.00
3786,0.00,0.00,0.00,0.00,0.00,0.00,0.00,0.00,0.00,0.00,0.00,0.00
3787,0.00,0.00,0.00,0.00,0.00,0.00,0.00,0.00,0.00,0.00,0.00,0.00
3788,0.00,0.00,0.00,0.00,0.00,0.00,0.00,0.00,0.00,0.00,0.00,0.00
3789,0.00,0.00,0.00,0.00,0.00,0.00,0.00,0.00,0.00,0.00,0.00,0.00
3790,0.00,0.00,0.00,0.00,0.00,0.00,0.00,0.00,0.00,0.00,0.00,0.00
3791,0.00,0.00,0.00,0.00,0.00,0.00,0.00,0.00,0.00,0.00,0.00,0.00
3792,0.00,0.00,0.00,0.00,0.00,0.00,0.00,0.00,0.00,0.00,0.00,0.00
3793,0.00,0.00,0.00,0.00,0.00,0.00,0.00,0.00,0.00,0.00,0.00,0.00
3794,0.00,0.00,0.00,0.00,0.00,0.00,0.00,0.00,0.00,0.00,0.00,0.00
3795,0.00,0.00,0.00,0.00,0.00,0.00,0.00,0.00,0.00,0.00,0.00,0.00
3796,0.00,0.00,0.00,0.00,0.00,0.00,0.00,0.00,0.00,0.00,0.00,0.00
3797,0.00,0.00,0.00,0.00,0.00,0.00,0.00,0.00,0.00,0.00,0.00,0.00
3798,0.00,0.00,0.00,0.00,0.00,0.00,0.00,0.00,0.00,0.00,0.00,0.00
3799,0.00,0.00,0.00,0.00,0.00,0.00,0.00,0.00,0.00,0.00,0.00,0.00
3800,0.00,0.00,0.00,0.00,0.00,0.00,0.00,0.00,0.00,0.00,0.00,0.00
3801,0.00,0.00,0.00,0.00,0.00,0.00,0.00,0.00,0.00,0.00,0.00,0.00
3802,0.00,0.00,0.00,0.00,0.00,0.00,0.00,0.00,0.00,0.00,0.00,0.00
3803,0.00,0.00,0.00,0.00,0.00,0.00,0.00,0.00,0.00,0.00,0.00,0.00
3804,0.00,0.00,0.00,0.00,0.00,0.00,0.00,0.00,0.00,0.00,0.00,0.00
3805,0.00,0.00,0.00,0.00,0.00,0.00,0.00,0.00,0.00,0.00,0.00,0.00
3806,0.00,0.00,0.00,0.00,0.00,0.00,0.00,0.00,0.00,0.00,0.00,0.00
3807,0.00,0.00,0.00,0.00,0.00,0.00,0.00,0.00,0.00,0.00,0.00,0.00
3808,0.00,0.00,0.00,0.00,0.00,0.00,0.00,0.00,0.00,0.00,0.00,0.00
3809,0.00,0.00,0.00,0.00,0.00,0.00,0.00,0.00,0.00,0.00,0.00,0.00
3810,0.00,0.00,0.00,0.00,0.00,0.00,0.00,0.00,0.00,0.00,0.00,0.00
3811,0.00,0.00,0.00,0.00,0.00,0.00,0.00,0.00,0.00,0.00,0.00,0.00
3812,0.00,0.00,0.00,0.00,0.00,0.00,0.00,0.00,0.00,0.00,0.00,0.00
3813,0.00,0.00,0.00,0.00,0.00,0.00,0.00,0.00,0.00,0.00,0.00,0.00
3814,0.00,0.00,0.00,0.00,0.00,0.00,0.00,0.00,0.00,0.00,0.00,0.00
3815,0.00,0.00,0.00,0.00,0.00,0.00,0.00,0.00,0.00,0.00,0.00,0.00
3816,0.00,0.00,0.00,0.00,0.00,0.00,0.00,0.00,0.00,0.00,0.00,0.00
3817,0.00,0.00,0.00,0.00,0.00,0.00,0.00,0.00,0.00,0.00,0.00,0.00
3818,0.00,0.00,0.00,0.00,0.00,0.00,0.00,0.00,0.00,0.00,0.00,0.00
3819,0.00,0.00,0.00,0.00,0.00,0.00,0.00,0.00,0.00,0.00,0.00,0.00
3820,0.00,0.00,0.00,0.00,0.00,0.00,0.00,0.00,0.00,0.00,0.00,0.00
3821,0.00,0.00,0.00,0.00,0.00,0.00,0.00,0.00,0.00,0.00,0.00,0.00
3822,0.00,0.00,0.00,0.00,0.00,0.00,0.00,0.00,0.00,0.00,0.00,0.00
3823,0.00,0.00,0.00,0.00,0.00,0.00,0.00,0.00,0.00,0.00,0.00,0.00
3824,0.00,0.00,0.00,0.00,0.00,0.00,0.00,0.00,0.00,0.00,0.00,0.00
3825,0.00,0.00,0.00,0.00,0.00,0.00,0.00,0.00,0.00,0.00,0.00,0.00
3826,0.00,0.00,0.00,0.00,0.00,0.00,0.00,0.00,0.00,0.00,0.00,0.00
3827,0.00,0.00,0.00,0.00,0.00,0.00,0.00,0.00,0.00,0.00,0.00,0.00
3828,0.00,0.00,0.00,0.00,0.00,0.00,0.00,0.00,0.00,0.00,0.00,0.00
3829,0.00,0.00,0.00,0.00,0.00,0.00,0.00,0.00,0.00,0.00,0.00,0.00
3830,0.00,0.00,0.00,0.00,0.00,0.00,0.00,0.00,0.00,0.00,0.00,0.00
3831,0.00,0.00,0.00,0.00,0.00,0.00,0.00,0.00,0.00,0.00,0.00,0.00
3832,0.00,0.00,0.00,0.00,0.00,0.00,0.00,0.00,0.00,0.00,0.00,0.00
3833,0.00,0.00,0.00,0.00,0.00,0.00,0.00,0.00,0.00,0.00,0.00,0.00
3834,0.00,0.00,0.00,0.00,0.00,0.00,0.00,0.00,0.00,0.00,0.00,0.00
3835,0.00,0.00,0.00,0.00,0.00,0.00,0.00,0.00,0.00,0.00,0.00,0.00
3836,0.00,0.00,0.00,0.00,0.00,0.00,0.00,0.00,0.00,0.00,0.00,0.00
3837,0.00,0.00,0.00,0.00,0.00,0.00,0.00,0.00,0.00,0.00,0.00,0.00
3838,0.00,0.00,0.00,0.00,0.00,0.00,0.00,0.00,0.00,0.00,0.00,0.00
3839,0.00,0.00,0.00,0.00,0.00,0.00,0.00,0.00,0.00,0.00,0.00,0.00
3840,0.00,0.00,0.00,0.00,0.00,0.00,0.00,0.00,0.00,0.00,0.00,0.00
3841,0.00,0.00,0.00,0.00,0.00,0.00,0.00,0.00,0.00,0.00,0.00,0.00
3842,0.00,0.00,0.00,0.00,0.00,0.00,0.00,0.00,0.00,0.00,0.00,0.00
3843,0.00,0.00,0.00,0.00,0.00,0.00,0.00,0.00,0.00,0.00,0.00,0.00
3844,0.00,0.00,0.00,0.00,0.00,0.00,0.00,0.00,0.00,0.00,0.00,0.00
3845,0.00,0.00,0.00,0.00,0.00,0.00,0.00,0.00,0.00,0.00,0.00,0.00
3846,0.00,0.00,0.00,0.00,0.00,0.00,0.00,0.00,0.00,0.00,0.00,0.00
3847,0.00,0.00,0.00,0.00,0.00,0.00,0.00,0.00,0.00,0.00,0.00,0.00
3848,0.00,0.00,0.00,0.00,0.00,0.00,0.00,0.00,0.00,0.00,0.00,0.00
3849,0.00,0.00,0.00,0.00,0.00,0.00,0.00,0.00,0.00,0.00,0.00,0.00
3850,0.00,0.00,0.00,0.00,0.00,0.00,0.00,0.00,0.00,0.00,0.00,0.00
3851,0.00,0.00,0.00,0.00,0.00,0.00,0.00,0.00,0.00,0.00,0.00,0.00
3852,0.00,0.00,0.00,0.00,0.00,0.00,0.00,0.00,0.00,0.00,0.00,0.00
3853,0.00,0.00,0.00,0.00,0.00,0.00,0.00,0.00,0.00,0.00,0.00,0.00
3854,0.00,0.00,0.00,0.00,0.00,0.00,0.00,0.00,0.00,0.00,0.00,0.00
3855,0.00,0.00,0.00,0.00,0.00,0.00,0.00,0.00,0.00,0.00,0.00,0.00
3856,0.00,0.00,0.00,0.00,0.00,0.00,0.00,0.00,0.00,0.00,0.00,0.00
3857,0.00,0.00,0.00,0.00,0.00,0.00,0.00,0.00,0.00,0.00,0.00,0.00
3858,0.00,0.00,0.00,0.00,0.00,0.00,0.00,0.00,0.00,0.00,0.00,0.00
3859,0.00,0.00,0.00,0.00,0.00,0.00,0.00,0.00,0.00,0.00,0.00,0.00
3860,0.00,0.00,0.00,0.00,0.00,0.00,0.00,0.00,0.00,0.00,0.00,0.00
3861,0.00,0.00,0.00,0.00,0.00,0.00,0.00,0.00,0.00,0.00,0.00,0.00
3862,0.00,0.00,0.00,0.00,0.00,0.00,0.00,0.00,0.00,0.00,0.00,0.00
3863,0.00,0.00,0.00,0.00,0.00,0.00,0.00,0.00,0.00,0.00,0.00,0.00
3864,0.00,0.00,0.00,0.00,0.00,0.00,0.00,0.00,0.00,0.00,0.00,0.00
3865,0.00,0.00,0.00,0.00,0.00,0.00,0.00,0.00,0.00,0.00,0.00,0.00
3866,0.00,0.00,0.00,0.00,0.00,0.00,0.00,0.00,0.00,0.00,0.00,0.00
3867,0.00,0.00,0.00,0.00,0.00,0.00,0.00,0.00,0.00,0.00,0.00,0.00
3868,0.00,0.00,0.00,0.00,0.00,0.00,0.00,0.00,0.00,0.00,0.00,0.00
3869,0.00,0.00,0.00,0.00,0.00,0.00,0.00,0.00,0.00,0.00,0.00,0.00
3870,0.00,0.00,0.00,0.00,0.00,0.00,0.00,0.00,0.00,0.00,0.00,0.00
3871,0.00,0.00,0.00,0.00,0.00,0.00,0.00,0.00,0.00,0.00,0.00,0.00
3872,0.00,0.00,0.00,0.00,0.00,0.00,0.00,0.00,0.00,0.00,0.00,0.00
3873,0.00,0.00,0.00,0.00,0.00,0.00,0.00,0.00,0.00,0.00,0.00,0.00
3874,0.00,0.00,0.00,0.00,0.00,0.00,0.00,0.00,0.00,0.00,0.00,0.00
3875,0.00,0.00,0.00,0.00,0.00,0.00,0.00,0.00,0.00,0.00,0.00,0.00
3876,0.00,0.00,0.00,0.00,0.00,0.00,0.00,0.00,0.00,0.00,0.00,0.00
3877,0.00,0.00,0.00,0.00,0.00,0.00,0.00,0.00,0.00,0.00,0.00,0.00
3878,0.00,0.00,0.00,0.00,0.00,0.00,0.00,0.00,0.00,0.00,0.00,0.00
3879,0.00,0.00,0.00,0.00,0.00,0.00,0.00,0.00,0.00,0.00,0.00,0.00
3880,0.00,0.00,0.00,0.00,0.00,0.00,0.00,0.00,0.00,0.00,0.00,0.00
3881,0.00,0.00,0.00,0.00,0.00,0.00,0.00,0.00,0.00,0.00,0.00,0.00
3882,0.00,0.00,0.00,0.00,0.00,0.00,0.00,0.00,0.00,0.00,0.00,0.00
3883,0.00,0.00,0.00,0.00,0.00,0.00,0.00,0.00,0.00,0.00,0.00,0.00
3884,0.00,0.00,0.00,0.00,0.00,0.00,0.00,0.00,0.00,0.00,0.00,0.00
3885,0.00,0.00,0.00,0.00,0.00,0.00,0.00,0.00,0.00,0.00,0.00,0.00
3886,0.00,0.00,0.00,0.00,0.00,0.00,0.00,0.00,0.00,0.00,0.00,0.00
3887,0.00,0.00,0.00,0.00,0.00,0.00,0.00,0.00,0.00,0.00,0.00,0.00
3888,0.00,0.00,0.00,0.00,0.00,0.00,0.00,0.00,0.00,0.00,0.00,0.00
3889,0.00,0.00,0.00,0.00,0.00,0.00,0.00,0.00,0.00,0.00,0.00,0.00
3890,0.00,0.00,0.00,0.00,0.00,0.00,0.00,0.00,0.00,0.00,0.00,0.00
3891,0.00,0.00,0.00,0.00,0.00,0.00,0.00,0.00,0.00,0.00,0.00,0.00
3892,0.00,0.00,0.00,0.00,0.00,0.00,0.00,0.00,0.00,0.00,0.00,0.00
3893,0.00,0.00,0.00,0.00,0.00,0.00,0.00,0.00,0.00,0.00,0.00,0.00
3894,0.00,0.00,0.00,0.00,0.00,0.00,0.00,0.00,0.00,0.00,0.00,0.00
3895,45.34,-37.26,-82.60,-4.04,63.95,-59.91,58.47,99.82,177.42,139.10,92.75,15.10
3896,43.32,-30.24,-73.56,-6.54,58.42,-51.88,57.46,96.79,178.43,142.13,94.77,18.13
3897,45.34,-26.20,-71.54,-9.57,58.42,-48.85,59.48,101.79,181.46,144.15,95.78,19.14
3898,50.39,-25.19,-75.58,-12.60,62.99,-50.39,65.53,104.82,181.46,146.17,98.81,20.15
3899,45.34,-21.16,-66.50,-12.07,55.92,-43.80,67.51,106.84,184.49,149.20,102.80,26.20
3900,39.28,-25.19,-64.48,-7.02,51.88,-44.81,72.55,107.85,186.51,151.22,102.80,27.21
3901,41.30,-26.20,-67.51,-7.55,54.38,-46.83,58.47,97.80,178.43,144.15,96.79,18.13
3902,51.40,-24.18,-75.58,-13.61,63.47,-49.86,54.43,96.79,175.40,139.10,93.76,20.15
3903,58.47,-18.13,-76.59,-20.15,67.51,-47.36,70.53,106.84,178.43,143.14,96.79,22.17
3904,37.26,-31.25,-68.52,-2.98,52.89,-49.86,65.53,105.83,177.42,144.15,95.78,18.13
3905,24.18,-39.28,-63.47,7.55,43.80,-51.35,65.53,103.81,174.39,141.12,91.74,14.09
3906,32.26,-29.23,-61.50,-1.49,46.88,-45.34,61.50,100.83,170.35,139.10,88.71,11.06
3907,28.22,-34.23,-62.46,2.98,45.34,-48.32,61.50,97.80,170.35,139.10,88.71,15.10
3908,36.25,-25.19,-61.45,-5.53,48.85,-43.32,64.52,99.82,174.39,141.12,93.76,17.12
3909,40.29,-22.17,-62.46,-9.04,51.35,-42.31,58.47,100.83,177.42,143.14,96.79,19.14
3910,36.25,-23.18,-59.43,-6.54,47.84,-41.30,62.51,98.81,176.41,144.15,95.78,20.15
3911,39.28,-31.25,-70.53,-3.99,54.91,-50.87,64.52,99.82,170.35,141.12,90.73,13.08
3912,39.28,-40.29,-79.57,0.48,59.43,-59.91,62.51,101.79,170.35,140.11,90.73,12.07
3913,48.37,-28.22,-76.59,-10.05,62.46,-52.41,63.52,102.80,174.39,143.14,94.77,15.10
3914,55.44,-23.18,-78.61,-16.11,67.03,-50.87,64.52,106.84,175.40,144.15,95.78,16.11
3915,62.51,-15.10,-77.60,-23.70,70.05,-46.35,66.54,106.84,179.44,148.19,97.80,24.18
3916,58.47,-18.13,-76.59,-20.15,67.51,-47.36,66.54,106.84,181.46,149.20,97.80,21.16
3917,38.27,-32.26,-70.53,-2.98,54.38,-51.40,61.50,101.79,170.35,140.11,88.71,5.00
3918,33.27,-42.31,-75.58,4.52,54.43,-58.95,61.50,98.81,168.33,139.10,88.71,9.04
3919,41.30,-39.28,-80.58,-1.01,60.92,-59.91,62.51,102.80,172.37,141.12,92.75,21.16
3920,45.34,-31.25,-76.59,-7.02,60.97,-53.90,61.50,104.82,173.38,143.14,93.76,20.15
3921,49.38,-25.19,-74.57,-12.07,61.98,-49.86,61.50,106.84,174.39,145.16,93.76,18.13
3922,42.31,-31.25,-73.56,-5.53,57.94,-52.41,60.49,104.82,171.36,141.12,88.71,8.03
3923,43.32,-30.24,-73.56,-6.54,58.42,-51.88,60.49,105.83,171.36,142.13,89.72,14.09
3924,59.48,-17.12,-76.59,-21.16,68.03,-46.83,63.52,107.85,174.39,143.14,92.75,18.13
3925,44.33,-30.24,-74.57,-7.02,59.43,-52.41,59.48,102.80,170.35,138.09,89.72,16.11
3926,37.26,-35.24,-72.51,-1.01,54.86,-53.85,54.43,96.79,166.36,139.10,91.74,25.19
3927,38.27,-32.26,-70.53,-2.98,54.38,-51.40,56.45,99.82,168.33,137.08,88.71,13.08
3928,42.31,-21.16,-63.47,-10.58,52.89,-42.31,60.49,103.81,172.37,141.12,93.76,17.12
3929,45.34,-25.19,-70.53,-10.05,57.94,-47.84,57.46,97.80,170.35,138.09,92.75,18.13
3930,31.25,-41.30,-72.55,5.00,51.88,-56.93,57.46,100.83,167.37,133.09,85.68,10.05
3931,37.26,-32.26,-69.53,-2.50,53.37,-50.87,58.47,106.84,172.37,139.10,94.77,23.18
3932,33.27,-46.35,-79.62,6.54,56.45,-62.99,53.42,98.81,167.37,131.07,85.68,9.04
3933,33.27,-45.34,-78.61,6.01,55.92,-61.98,54.43,98.81,166.36,132.08,83.66,10.05
3934,47.36,-22.17,-69.53,-12.60,58.42,-45.82,57.46,103.81,174.39,142.13,96.79,27.21
3935,45.34,-25.19,-70.53,-10.05,57.94,-47.84,60.49,102.80,173.38,139.10,93.76,17.12
3936,38.27,-34.23,-72.51,-2.02,55.39,-53.37,62.51,103.81,170.35,135.06,87.70,5.00
3937,35.24,-32.26,-67.51,-1.49,51.35,-49.86,63.52,105.83,170.35,135.06,88.71,9.04
3938,35.24,-39.28,-74.53,2.02,54.86,-56.88,60.49,104.82,170.35,136.07,88.71,13.08
3939,32.26,-41.30,-73.56,4.52,52.89,-57.41,61.50,103.81,169.34,135.06,86.69,12.07
3940,27.21,-39.28,-66.50,6.01,46.83,-52.89,62.51,103.81,168.33,135.06,87.70,17.12
3941,31.25,-37.26,-68.52,2.98,49.86,-52.89,59.48,103.81,166.36,134.10,87.70,14.09
3942,41.30,-26.20,-67.51,-7.55,54.38,-46.83,62.51,105.83,168.33,138.09,90.73,15.10
3943,44.33,-21.16,-65.49,-11.59,54.91,-43.32,61.50,105.83,170.35,136.07,89.72,17.12
3944,42.31,-23.18,-65.49,-9.57,53.90,-44.33,62.51,105.83,170.35,135.06,88.71,13.08
3945,40.29,-28.22,-68.52,-6.01,54.38,-48.37,64.52,107.85,173.38,137.08,89.72,10.05
3946,36.25,-27.21,-63.47,-4.52,49.86,-45.34,64.52,107.85,173.38,139.10,93.76,14.09
3947,36.25,-25.19,-61.45,-5.53,48.85,-43.32,69.53,109.87,174.39,141.12,95.78,14.09
3948,45.34,-20.15,-65.49,-12.60,55.39,-42.79,69.53,107.85,174.39,138.09,90.73,9.04
3949,48.37,-11.06,-59.43,-18.66,53.90,-35.24,60.49,104.82,173.38,143.14,93.76,18.13
3950,50.39,0.96,-49.43,-25.68,49.91,-24.23,59.48,104.82,181.46,150.21,102.80,27.21
3951,49.38,5.00,-44.38,-27.17,46.88,-19.67,59.48,102.80,188.53,155.25,106.84,24.18
3952,50.39,2.98,-47.41,-26.69,48.90,-22.21,54.43,101.79,187.52,156.26,103.81,17.12
3953,50.39,10.05,-40.34,-30.19,45.39,-15.15,60.49,104.82,195.59,163.33,112.89,26.20
3954,50.39,7.02,-43.37,-28.70,46.88,-18.17,56.45,99.82,194.58,164.34,114.91,29.23
3955,52.41,6.01,-46.40,-29.19,49.43,-20.19,54.43,97.80,191.56,161.31,109.87,27.21
3956,44.33,11.06,-33.27,-27.69,38.80,-11.11,57.46,103.81,199.63,169.34,114.91,34.23
3957,51.40,24.18,-27.21,-37.79,39.33,-1.49,53.42,97.80,199.63,170.35,115.92,36.25
3958,56.45,29.23,-27.21,-42.84,41.83,1.01,55.44,95.78,201.65,173.38,119.96,40.29
3959,50.39,26.20,-24.18,-38.27,37.31,1.01,56.45,94.77,202.61,174.39,119.96,38.27
3960,49.38,34.23,-15.15,-41.78,32.26,9.57,57.46,95.78,205.64,179.44,125.01,42.31
3961,55.44,41.30,-14.14,-48.37,34.81,13.61,54.43,96.79,211.70,186.51,132.08,52.41
3962,59.48,43.32,-16.16,-51.40,37.84,13.61,49.38,93.76,208.67,182.47,126.02,43.32
3963,58.47,49.38,-9.09,-53.90,33.80,20.15,45.34,92.75,209.68,184.49,130.06,44.33
3964,64.52,58.47,-6.06,-61.50,35.29,26.20,49.38,94.77,213.72,190.55,137.08,50.39
3965,62.51,54.43,-8.08,-58.47,35.29,23.18,49.38,97.80,213.72,187.52,135.06,46.35
3966,58.47,48.37,-10.10,-53.42,34.28,19.14,49.38,100.83,217.76,192.56,138.09,52.41
3967,69.53,59.48,-10.05,-64.48,39.81,24.71,56.45,105.83,226.85,200.64,146.17,59.48
3968,88.71,71.54,-17.16,-80.10,52.94,27.21,52.41,101.79,223.82,195.59,142.13,54.43
3969,68.52,45.34,-23.18,-56.93,45.87,11.11,47.36,99.82,219.78,189.54,138.09,49.38
3970,60.49,44.33,-16.16,-52.41,38.32,14.09,41.30,95.78,218.77,192.56,141.12,54.43
3971,77.60,57.46,-20.15,-67.51,48.90,18.66,42.31,93.76,219.78,191.56,136.07,49.38
3972,77.60,54.43,-23.18,-66.02,50.39,15.63,45.34,100.83,223.82,193.57,137.08,51.40
3973,77.60,55.44,-22.17,-66.50,49.91,16.64,32.26,94.77,219.78,195.59,142.13,58.47
3974,71.54,49.38,-22.17,-60.44,46.88,13.61,25.19,87.70,219.78,194.58,142.13,55.44
3975,73.56,57.46,-16.11,-65.49,44.86,20.67,25.19,88.71,226.85,200.64,148.19,59.48
3976,77.60,61.50,-16.11,-69.53,46.88,22.69,23.18,86.69,227.86,202.61,148.19,61.50
3977,72.55,67.51,-5.05,-70.01,38.80,31.25,18.13,83.66,229.88,204.63,151.22,64.52
3978,75.58,73.56,-2.02,-74.57,38.80,35.77,13.08,79.62,230.89,210.69,159.29,72.55
3979,84.67,86.69,2.02,-85.68,41.35,44.38,3.99,74.57,229.88,211.70,162.32,78.61
3980,85.68,104.82,19.14,-95.25,33.27,61.98,-7.02,61.50,228.87,212.71,167.37,82.65
3981,83.66,105.83,22.17,-94.72,30.77,64.00,-17.12,52.41,222.81,208.67,167.37,83.66
3982,91.74,112.89,21.16,-102.32,35.29,67.03,-27.21,43.32,217.76,205.64,165.35,84.67
3983,93.76,110.87,17.12,-102.32,38.32,64.00,-32.26,35.24,212.71,202.61,162.32,82.65
3984,85.68,108.86,23.18,-97.27,31.25,66.02,-40.29,30.24,208.67,203.62,166.36,90.73
3985,94.77,122.99,28.22,-108.86,33.27,75.63,-49.38,23.18,203.62,200.64,166.36,91.74
3986,96.79,114.91,18.13,-105.83,39.33,66.54,-55.44,18.13,194.58,190.55,160.30,88.71
3987,100.83,117.94,17.12,-109.38,41.88,67.55,-60.49,13.08,191.56,187.52,162.32,90.73
3988,117.94,143.14,25.19,-130.54,46.40,84.19,-66.54,7.02,190.55,187.52,161.31,91.74
3989,131.07,148.19,17.12,-139.63,56.98,82.65,-61.50,13.08,192.56,187.52,161.31,87.70
3990,133.09,134.10,1.01,-133.57,66.06,67.55,-58.47,16.11,187.52,180.45,159.29,85.68
3991,138.09,133.09,-5.00,-135.59,71.54,64.04,-52.41,21.16,186.51,179.44,161.31,91.74
3992,147.18,121.98,-25.19,-134.58,86.21,48.42,-46.35,30.24,187.52,175.40,155.25,82.65
3993,146.17,102.80,-43.37,-124.48,94.77,29.71,-47.36,33.27,182.47,167.37,148.19,78.61
3994,147.18,104.82,-42.36,-125.97,94.77,31.25,-44.33,34.23,181.46,167.37,149.20,85.68
3995,155.25,103.81,-51.45,-129.53,103.37,26.20,-44.33,37.26,179.44,165.35,146.17,83.66
3996,167.37,111.88,-55.49,-139.63,111.45,28.22,-39.28,41.30,179.44,164.34,146.17,83.66
3997,171.36,110.87,-60.49,-141.12,115.92,25.19,-39.28,44.33,181.46,162.32,145.16,83.66
3998,176.41,100.83,-75.58,-138.62,126.02,12.65,-33.27,51.40,187.52,166.36,149.20,93.76
3999,175.40,97.80,-77.60,-136.60,126.50,10.10,-23.18,59.48,194.58,171.36,156.26,103.81
4000,176.41,83.66,-92.75,-130.01,134.58,-4.52,-21.16,65.53,198.62,170.35,153.23,95.78
4001,169.34,63.52,-105.83,-116.40,137.61,-21.16,-15.10,67.51,191.56,165.35,147.18,86.69
4002,158.28,61.50,-96.79,-109.87,127.56,-17.65,-12.07,67.51,191.56,158.28,144.15,88.71
4003,162.32,68.52,-93.81,-115.39,128.09,-12.65,-2.98,76.59,200.64,165.35,153.23,104.82
4004,153.23,59.48,-93.76,-106.36,123.52,-17.12,0.96,78.61,199.63,165.35,151.22,93.76
4005,147.18,53.42,-93.76,-100.30,120.49,-20.15,-6.01,75.58,192.56,156.26,136.07,73.56
4006,142.13,49.38,-92.75,-95.73,117.46,-21.68,2.98,78.61,194.58,159.29,137.08,80.63
4007,130.06,42.31,-87.75,-86.16,108.90,-22.69,3.99,74.57,188.53,155.25,137.08,79.62
4008,132.08,47.36,-84.72,-89.72,108.42,-18.66,-6.01,61.50,174.39,144.15,127.03,71.54
4009,145.16,61.50,-83.66,-103.33,114.43,-11.06,-7.02,56.45,172.37,143.14,126.02,74.57
4010,143.14,57.46,-85.68,-100.30,114.43,-14.09,-10.05,55.44,168.33,139.10,125.01,73.56
4011,143.14,60.49,-82.65,-101.79,112.89,-11.06,-5.00,58.47,170.35,140.11,126.02,75.58
4012,140.11,64.52,-75.58,-102.32,107.85,-5.53,0.96,59.48,171.36,141.12,126.02,70.53
4013,115.92,41.30,-74.62,-78.61,95.30,-16.64,0.00,55.44,167.37,135.06,120.97,62.51
4014,105.83,28.22,-77.60,-67.03,91.74,-24.67,1.97,56.45,164.34,132.08,116.93,60.49
4015,90.73,19.14,-71.59,-54.91,81.16,-26.20,8.03,60.49,169.34,134.10,114.91,55.44
4016,78.61,9.04,-69.57,-43.80,74.09,-30.24,13.08,65.53,172.37,136.07,112.89,54.43
4017,78.61,9.04,-69.57,-43.80,74.09,-30.24,25.19,74.57,175.40,137.08,109.87,47.36
4018,60.49,2.98,-57.50,-31.73,59.00,-27.26,34.23,78.61,184.49,145.16,117.94,58.47
4019,46.35,-3.99,-50.34,-21.16,48.32,-27.17,37.26,80.63,186.51,146.17,117.94,60.49
4020,40.29,-13.08,-53.37,-13.61,46.83,-33.22,46.35,86.69,182.47,142.13,107.85,36.25
4021,36.25,-18.13,-54.38,-9.04,45.29,-36.25,48.37,86.69,181.46,139.10,103.81,29.23
4022,29.23,-25.19,-54.43,-2.02,41.83,-39.81,50.39,89.72,181.46,137.08,100.83,32.26
4023,28.22,-30.24,-58.47,1.01,43.32,-44.33,54.43,90.73,178.43,135.06,97.80,24.18
4024,28.22,-30.24,-58.47,1.01,43.32,-44.33,62.51,94.77,179.44,136.07,97.80,24.18
4025,25.19,-33.27,-58.47,4.04,41.83,-45.87,67.51,97.80,178.43,134.10,95.78,27.21
4026,24.18,-49.38,-73.56,12.60,48.85,-61.45,66.54,97.80,173.38,128.04,87.70,7.02
4027,21.16,-63.52,-84.67,21.16,52.89,-74.09,72.55,107.85,173.38,124.00,80.63,0.96
4028,22.17,-58.47,-80.63,18.13,51.40,-69.53,73.56,106.84,166.36,116.93,73.56,-0.96
4029,20.15,-62.51,-82.65,21.16,51.40,-72.55,72.55,101.79,161.31,111.88,68.52,-7.02
4030,16.11,-65.53,-81.64,24.71,48.85,-73.56,73.56,104.82,159.29,111.88,66.54,-8.03
4031,12.07,-65.53,-77.60,26.73,44.81,-71.54,73.56,103.81,159.29,112.89,67.51,-10.05
4032,14.09,-72.55,-86.64,29.23,50.34,-79.57,71.54,102.80,157.27,106.84,62.51,-11.06
4033,9.04,-78.61,-87.65,34.76,48.32,-83.13,68.52,96.79,153.23,102.80,57.46,-14.09
4034,16.11,-73.56,-89.67,28.70,52.89,-81.59,69.53,99.82,154.24,101.79,55.44,-13.08
4035,25.19,-77.60,-102.80,26.20,64.00,-90.20,64.52,96.79,146.17,96.79,49.38,-16.11
4036,8.03,-91.74,-99.77,41.83,53.90,-95.73,59.48,87.70,139.10,92.75,45.34,-20.15
4037,12.07,-75.58,-87.65,31.73,49.86,-81.59,70.53,100.83,148.19,98.81,52.41,-22.17
4038,12.07,-72.55,-84.62,30.24,48.32,-78.56,76.59,104.82,154.24,103.81,56.45,-18.13
4039,8.03,-85.68,-93.71,38.80,50.87,-89.67,69.53,97.80,148.19,96.79,48.37,-13.08
4040,7.02,-87.70,-94.72,40.34,50.87,-91.21,71.54,99.82,146.17,95.78,46.35,-13.08
4041,0.00,-88.71,-88.71,44.33,44.33,-88.71,72.55,98.81,142.13,91.74,43.32,-20.15
4042,5.00,-80.63,-85.63,37.79,45.29,-83.13,69.53,94.77,142.13,91.74,43.32,-19.14
4043,0.96,-81.64,-82.60,40.34,41.78,-82.12,69.53,92.75,143.14,91.74,44.33,-16.11
4044,3.99,-87.70,-91.69,41.83,47.84,-89.67,66.54,91.74,139.10,89.72,43.32,-19.14
4045,14.09,-72.55,-86.64,29.23,50.34,-79.57,74.57,98.81,145.16,94.77,46.35,-14.09
4046,15.10,-75.58,-90.68,30.24,52.89,-83.13,76.59,102.80,146.17,94.77,44.33,-22.17
4047,1.97,-85.68,-87.65,41.83,44.81,-86.64,70.53,94.77,141.12,95.78,49.38,-9.04
4048,3.99,-75.58,-79.57,35.77,41.78,-77.55,77.60,95.78,145.16,97.80,52.41,-5.00
4049,3.99,-83.66,-87.65,39.81,45.82,-85.63,72.55,95.78,144.15,92.75,45.34,-19.14
4050,8.03,-81.64,-89.67,36.78,48.85,-85.63,59.48,90.73,139.10,89.72,44.33,-18.13
4051,20.15,-77.60,-97.75,28.70,58.95,-87.65,63.52,94.77,140.11,91.74,44.33,-26.20
4052,11.06,-77.60,-88.66,33.27,49.86,-83.13,68.52,97.80,143.14,92.75,46.35,-25.19
4053,14.09,-74.57,-88.66,30.24,51.35,-81.59,71.54,98.81,143.14,96.79,51.40,-20.15
4054,15.10,-77.60,-92.70,31.25,53.90,-85.15,71.54,97.80,142.13,97.80,51.40,-20.15
4055,12.07,-78.61,-90.68,33.27,51.35,-84.62,70.53,96.79,144.15,98.81,52.41,-17.12
4056,12.07,-79.62,-91.69,33.75,51.88,-85.63,70.53,95.78,144.15,98.81,53.42,-10.05
4057,13.08,-78.61,-91.69,32.74,52.36,-85.15,69.53,94.77,141.12,95.78,47.36,-18.13
4058,6.01,-90.73,-96.74,42.36,51.35,-93.71,70.53,95.78,139.10,95.78,44.33,-28.22
4059,-0.96,-92.75,-91.79,46.83,45.39,-92.27,70.53,93.76,140.11,96.79,46.35,-24.18
4060,8.03,-81.64,-89.67,36.78,48.85,-85.63,72.55,96.79,141.12,97.80,47.36,-24.18
4061,14.09,-76.59,-90.68,31.25,52.36,-83.61,71.54,96.79,142.13,96.79,50.39,-19.14
4062,20.15,-68.52,-88.66,24.18,54.38,-78.56,70.53,93.76,143.14,99.82,50.39,-18.13
4063,33.27,-60.49,-93.76,13.61,63.52,-77.12,71.54,98.81,144.15,99.82,50.39,-21.16
4064,41.30,-54.43,-95.73,6.54,68.52,-75.05,73.56,100.83,146.17,101.79,54.43,-18.13
4065,25.19,-55.44,-80.63,15.10,52.89,-68.03,77.60,100.83,146.17,102.80,54.43,-21.16
4066,-2.98,-74.57,-71.59,38.75,34.28,-73.08,69.53,92.75,141.12,97.80,52.41,-14.09
4067,-8.03,-87.70,-79.67,47.84,35.82,-83.71,65.53,88.71,139.10,97.80,53.42,-14.09
4068,7.02,-69.53,-76.55,31.25,41.78,-73.04,68.52,90.73,141.12,97.80,53.42,-22.17
4069,19.14,-61.50,-80.63,21.16,49.86,-71.06,67.51,89.72,139.10,94.77,48.37,-26.20
4070,16.11,-64.52,-80.63,24.18,48.37,-72.55,68.52,91.74,142.13,99.82,50.39,-25.19
4071,15.10,-59.48,-74.57,22.17,44.81,-67.03,73.56,96.79,153.23,108.86,57.46,-16.11
4072,12.07,-65.53,-77.60,26.73,44.81,-71.54,78.61,103.81,159.29,111.88,57.46,-20.15
4073,-2.98,-82.65,-79.67,42.79,38.32,-81.16,87.70,110.87,164.34,112.89,52.41,-25.19
4074,-10.05,-84.67,-74.62,47.36,32.26,-79.67,100.83,124.00,175.40,118.95,51.40,-28.22
4075,-15.10,-82.65,-67.55,48.85,26.20,-75.10,112.89,137.08,185.50,124.00,47.36,-39.28
4076,-17.12,-82.65,-65.53,49.86,24.18,-74.09,130.06,155.25,207.66,136.07,48.37,-49.38
4077,-27.21,-92.75,-65.53,59.96,19.14,-79.14,140.11,168.33,218.77,141.12,51.40,-55.44
4078,-24.18,-91.74,-67.55,57.94,21.68,-79.67,152.22,179.44,220.79,141.12,47.36,-56.45
4079,-7.02,-78.61,-71.59,42.79,32.26,-75.10,160.30,189.54,221.80,142.13,44.33,-63.52
4080,0.00,-73.56,-73.56,36.78,36.78,-73.56,145.16,174.39,207.66,141.12,48.37,-56.45
4081,-0.96,-47.36,-46.40,24.14,22.69,-46.88,134.10,159.29,202.61,150.21,69.53,-34.23
4082,-5.00,-35.24,-30.24,20.10,12.60,-32.74,121.98,141.12,194.58,159.29,91.74,-23.18
4083,8.03,-14.09,-22.12,3.03,15.05,-18.08,95.78,111.88,187.52,176.41,119.96,-0.96
4084,14.09,1.97,-12.12,-8.03,13.13,-5.05,64.52,79.62,178.43,190.55,151.22,29.23
4085,15.10,8.03,-7.07,-11.54,11.11,0.48,35.24,46.35,160.30,196.60,176.41,52.41
4086,15.10,34.23,19.14,-24.67,-2.02,26.69,-0.96,0.00,132.08,200.64,202.61,80.63
4087,22.17,50.39,28.22,-36.25,-3.03,39.33,-34.23,-44.33,109.87,206.65,228.87,107.85
4088,31.25,72.55,41.30,-51.88,-5.00,56.93,-65.53,-87.70,84.67,206.65,249.01,131.07
4089,16.11,80.63,64.52,-48.37,-24.18,72.60,-100.83,-136.07,54.43,204.63,271.18,158.28
4090,19.14,86.69,67.55,-52.89,-24.18,77.12,-125.01,-166.36,50.39,220.79,304.45,192.56
4091,32.26,99.82,67.55,-66.02,-17.65,83.71,-143.14,-185.50,50.39,239.92,339.74,223.82
4092,39.28,100.83,61.54,-70.05,-11.11,81.21,-167.37,-213.72,18.13,231.90,359.94,252.04
4093,57.46,99.82,42.36,-78.61,7.55,71.11,-190.55,-239.92,-27.21,198.62,355.90,272.19
4094,74.57,95.78,21.20,-85.15,26.69,58.51,-201.65,-249.01,-55.44,174.39,349.84,285.31
4095,90.73,85.68,-5.05,-88.18,47.89,40.34,-210.69,-257.09,-87.70,144.15,338.73,302.48
4096,112.89,78.61,-34.28,-95.73,73.61,22.17,-215.74,-259.11,-116.93,112.89,318.59,310.51
4097,129.05,82.65,-46.40,-105.83,87.75,18.13,-218.77,-258.10,-145.16,78.61,290.36,311.52
4098,146.17,75.58,-70.58,-110.87,108.37,2.50,-226.85,-256.08,-170.35,45.34,269.16,326.66
4099,173.38,77.60,-95.78,-125.49,134.58,-9.09,-236.90,-253.05,-187.52,19.14,248.00,332.72
4100,190.55,85.68,-104.86,-138.09,147.71,-9.57,-228.87,-234.92,-191.56,-5.00,215.74,321.61
4101,194.58,84.67,-109.91,-139.63,152.27,-12.60,-224.83,-227.86,-207.66,-35.24,169.34,297.43
4102,179.44,79.62,-99.82,-129.53,139.63,-10.10,-228.87,-232.90,-252.04,-95.78,90.73,261.13
4103,171.36,105.83,-65.53,-138.57,118.47,20.15,-243.96,-255.07,-298.44,-142.13,42.31,254.06
4104,197.61,160.30,-37.31,-178.96,117.46,61.50,-295.41,-310.51,-369.02,-182.47,23.18,274.21
4105,208.67,194.58,-14.09,-201.60,111.40,90.25,-328.68,-348.83,-420.42,-218.77,1.97,282.28
4106,201.65,214.73,13.08,-208.19,94.29,113.90,-359.94,-385.13,-463.79,-235.89,0.96,299.45
4107,205.64,256.08,50.44,-230.84,77.60,153.28,-390.18,-422.44,-495.04,-226.85,28.22,337.72
4108,215.74,307.48,91.74,-261.61,62.02,199.63,-425.47,-466.82,-509.13,-205.64,63.52,374.02
4109,212.71,344.79,132.08,-278.73,40.34,238.43,-474.85,-523.27,-543.41,-204.63,84.67,406.29
4110,217.76,402.29,184.54,-310.03,16.64,293.44,-536.39,-598.90,-591.83,-196.60,112.89,443.60
4111,229.88,451.67,221.80,-340.75,4.04,336.76,-617.02,-695.69,-675.49,-223.82,114.91,468.84
4112,259.11,485.96,226.85,-372.53,16.16,356.43,-691.65,-788.43,-784.39,-294.40,80.63,489.99
4113,273.20,513.17,239.97,-393.16,16.64,376.57,-772.33,-893.30,-919.50,-396.24,11.06,495.04
4114,252.04,522.26,270.22,-387.15,-9.09,396.24,-824.73,-974.94,-1056.63,-518.22,-84.67,477.88
4115,230.89,485.96,255.07,-358.40,-12.07,370.51,-816.66,-991.10,-1150.39,-629.14,-194.58,429.51
4116,189.54,385.13,195.59,-287.33,-3.03,290.36,-767.28,-969.94,-1261.31,-793.48,-365.99,321.61
4117,132.08,285.31,153.23,-208.67,-10.58,219.30,-713.81,-945.71,-1395.41,-988.07,-568.66,202.61
4118,64.52,179.44,114.91,-121.98,-25.19,147.18,-627.12,-880.17,-1468.01,-1137.31,-743.05,77.60
4119,-3.99,99.82,103.81,-47.89,-53.90,101.79,-535.38,-795.50,-1478.11,-1221.98,-849.93,-11.06
4120,-87.70,36.25,123.95,25.72,-105.83,80.10,-483.94,-755.16,-1498.25,-1287.52,-926.57,-72.55
4121,-127.03,-50.39,76.64,88.71,-101.84,13.13,-406.29,-676.50,-1468.01,-1309.73,-962.87,-121.98
4122,-128.04,-94.77,33.27,111.40,-80.68,-30.77,-310.51,-566.64,-1365.17,-1254.24,-934.65,-138.09
4123,-148.19,-112.89,35.29,130.54,-91.74,-38.80,-242.95,-494.03,-1284.49,-1195.78,-899.36,-156.26
4124,-164.34,-106.84,57.50,135.59,-110.92,-24.67,-197.61,-437.54,-1203.85,-1123.17,-837.86,-147.18
4125,-200.64,-118.95,81.69,159.77,-141.17,-18.66,-135.06,-368.01,-1113.08,-1044.51,-784.39,-155.25
4126,-249.01,-152.22,96.79,200.59,-172.90,-27.74,-62.51,-295.41,-1027.40,-977.97,-749.10,-192.56
4127,-274.21,-171.36,102.85,222.76,-188.53,-34.28,9.04,-221.80,-937.68,-907.43,-716.84,-226.85
4128,-290.36,-204.63,85.73,247.47,-188.05,-59.48,91.74,-131.07,-850.94,-847.91,-694.68,-270.17
4129,-321.61,-250.02,71.59,285.79,-196.60,-89.24,166.36,-49.38,-779.35,-801.56,-679.53,-310.51
4130,-332.72,-284.30,48.42,308.49,-190.59,-117.94,243.96,32.26,-708.76,-752.13,-655.35,-331.71
4131,-316.57,-308.49,8.08,312.53,-162.32,-150.21,320.60,117.94,-633.18,-699.72,-620.05,-326.66
4132,-305.46,-336.71,-31.25,321.09,-137.13,-184.01,379.07,187.52,-576.68,-662.41,-600.92,-332.72
4133,-310.51,-357.92,-47.41,334.21,-131.55,-202.66,424.46,235.89,-536.39,-632.17,-580.72,-341.76
4134,-314.55,-369.98,-55.44,342.24,-129.58,-212.71,444.61,258.10,-514.18,-605.92,-559.57,-345.80
4135,-303.44,-357.92,-54.48,330.65,-124.48,-206.22,443.60,262.14,-501.10,-584.76,-537.40,-340.75
4136,-300.46,-352.87,-52.41,326.66,-124.05,-202.66,438.55,260.12,-487.97,-564.62,-516.20,-338.73
4137,-303.44,-358.93,-55.49,331.18,-124.00,-207.23,421.43,251.03,-475.86,-543.41,-498.07,-341.76
4138,-304.45,-355.90,-51.45,330.17,-126.50,-203.67,409.31,248.00,-455.71,-517.21,-470.81,-333.73
4139,-294.40,-356.91,-62.51,325.65,-115.97,-209.73,416.38,262.14,-423.45,-484.95,-443.60,-324.64
4140,-275.22,-352.87,-77.65,314.02,-98.81,-215.26,419.41,277.24,-389.17,-452.68,-414.36,-311.52
4141,-265.17,-353.88,-88.71,309.50,-88.23,-221.32,416.38,283.29,-359.94,-426.48,-395.23,-301.47
4142,-246.99,-347.82,-100.83,297.38,-73.08,-224.35,406.29,279.25,-339.74,-405.28,-381.09,-301.47
4143,-228.87,-342.77,-113.90,285.79,-57.50,-228.34,398.26,275.22,-317.58,-383.11,-361.95,-290.36
4144,-220.79,-340.75,-119.96,280.75,-50.44,-230.36,392.20,271.18,-291.37,-355.90,-335.75,-267.19
4145,-208.67,-336.71,-128.04,272.67,-40.34,-232.38,379.07,263.15,-272.19,-335.75,-321.61,-266.18
4146,-190.55,-328.68,-138.14,259.59,-26.20,-233.43,363.97,261.13,-252.04,-314.55,-304.45,-256.08
4147,-172.37,-324.64,-152.27,248.48,-10.05,-238.48,353.88,259.11,-231.90,-291.37,-278.25,-230.89
4148,-160.30,-325.65,-165.35,242.95,2.50,-245.50,350.85,254.06,-217.76,-277.24,-269.16,-229.88
4149,-152.22,-318.59,-166.36,235.40,7.07,-242.47,332.72,236.90,-212.71,-269.16,-260.12,-227.86
4150,-142.13,-311.52,-169.39,226.80,13.61,-240.45,320.60,228.87,-202.61,-257.09,-249.01,-216.75
4151,-135.06,-310.51,-175.45,222.76,20.19,-243.00,325.65,242.95,-180.45,-238.91,-235.89,-208.67
4152,-122.99,-301.47,-178.48,212.23,27.74,-239.97,321.61,241.94,-163.33,-220.79,-217.76,-198.62
4153,-109.87,-282.28,-172.42,196.07,31.25,-227.38,312.53,241.94,-139.10,-194.58,-192.56,-173.38
4154,-91.74,-270.17,-178.43,180.93,43.32,-224.30,307.48,249.01,-121.98,-180.45,-180.45,-164.34
4155,-81.64,-265.17,-183.53,173.38,50.92,-224.35,301.47,243.96,-109.87,-167.37,-172.37,-173.38
4156,-80.63,-252.04,-171.41,166.31,45.39,-211.75,295.41,238.91,-89.72,-147.18,-156.26,-162.32
4157,-69.53,-222.81,-153.28,146.17,41.88,-188.05,293.39,243.96,-65.53,-125.01,-138.09,-144.15
4158,-61.50,-210.69,-149.20,136.07,43.85,-179.97,292.38,252.04,-39.28,-99.82,-116.93,-137.08
4159,-51.40,-203.62,-152.22,127.51,50.39,-177.95,289.35,253.05,-23.18,-83.66,-104.82,-131.07
4160,-46.35,-178.43,-132.08,112.37,42.84,-155.25,288.34,260.12,3.99,-55.44,-76.59,-101.79
4161,-48.37,-177.42,-129.05,112.89,40.34,-153.23,282.28,258.10,17.12,-43.32,-65.53,-99.82
4162,-48.37,-166.36,-117.99,107.37,34.81,-142.18,278.25,258.10,32.26,-27.21,-55.44,-93.76
4163,-58.47,-151.22,-92.75,104.82,17.12,-121.98,281.27,265.17,54.43,-5.00,-35.24,-70.53
4164,-55.44,-155.25,-99.82,105.35,22.17,-127.56,271.18,256.08,56.45,-5.00,-40.29,-88.71
4165,-31.25,-130.06,-98.81,80.63,33.75,-114.43,257.09,248.00,66.54,7.02,-31.25,-84.67
4166,-35.24,-122.99,-87.75,79.09,26.25,-105.39,244.97,234.92,74.57,15.10,-21.16,-71.54
4167,-37.26,-117.94,-80.68,77.60,21.68,-99.34,228.87,218.77,84.67,29.23,-6.01,-59.48
4168,-23.18,-99.82,-76.64,61.50,26.73,-88.23,208.67,206.65,95.78,43.32,3.99,-54.43
4169,-22.17,-86.69,-64.52,54.43,21.16,-75.63,183.48,184.49,101.79,53.42,12.07,-47.36
4170,-14.09,-69.53,-55.44,41.78,20.67,-62.51,154.24,160.30,107.85,65.53,26.20,-32.26
4171,-14.09,-57.46,-43.37,35.77,14.62,-50.44,129.05,142.13,115.92,76.59,35.24,-31.25
4172,-14.09,-47.36,-33.27,30.72,9.57,-40.34,107.85,124.00,120.97,84.67,42.31,-25.19
4173,-3.99,-41.30,-37.31,22.65,16.64,-39.33,92.75,108.86,122.99,86.69,46.35,-18.13
4174,2.98,-33.27,-36.25,15.15,19.62,-34.76,79.62,98.81,126.02,91.74,49.38,-13.08
4175,5.00,-31.25,-36.25,13.13,20.63,-33.75,73.56,91.74,128.04,93.76,51.40,-13.08
4176,2.98,-30.24,-33.22,13.61,18.08,-31.73,72.55,91.74,134.10,99.82,57.46,-9.04
4177,2.98,-20.15,-23.13,8.56,13.03,-21.64,69.53,89.72,137.08,103.81,60.49,-2.98
4178,8.03,-17.12,-25.15,4.52,16.59,-21.11,71.54,91.74,141.12,108.86,64.52,0.96
4179,15.10,-19.14,-34.23,2.02,24.67,-26.69,65.53,82.65,141.12,109.87,66.54,0.00
4180,18.13,-15.10,-33.22,-1.49,25.68,-24.14,63.52,83.66,145.16,114.91,73.56,6.01
4181,19.14,-8.03,-27.17,-5.53,23.13,-17.60,69.53,97.80,154.24,124.00,82.65,15.10
4182,18.13,-3.99,-22.12,-7.07,20.10,-13.03,66.54,89.72,152.22,122.99,82.65,13.08
4183,17.12,-6.01,-23.13,-5.53,20.10,-14.57,62.51,83.66,148.19,118.95,78.61,8.03
4184,21.16,-5.00,-26.16,-8.08,23.66,-15.58,54.43,79.62,145.16,115.92,74.57,1.97
4185,26.20,9.04,-17.16,-17.60,21.68,-4.04,56.45,78.61,151.22,121.98,81.64,9.04
4186,12.07,-8.03,-20.10,-2.02,16.06,-14.04,52.41,75.58,145.16,116.93,77.60,7.02
4187,-3.99,-29.23,-25.24,16.59,10.63,-27.26,45.34,68.52,141.12,111.88,72.55,0.00
4188,-0.96,-18.13,-17.16,9.52,8.08,-17.65,45.34,68.52,144.15,116.93,77.60,6.01
4189,5.00,-14.09,-19.09,4.52,12.02,-16.59,47.36,68.52,145.16,119.96,79.62,0.00
4190,8.03,-8.03,-16.06,0.00,12.02,-12.02,43.32,68.52,148.19,122.99,81.64,1.97
4191,10.05,-0.96,-11.01,-4.52,10.53,-5.96,40.29,64.52,149.20,125.01,86.69,12.07
4192,10.05,-3.99,-14.04,-3.03,12.02,-8.99,43.32,66.54,152.22,126.02,86.69,6.01
4193,2.98,-13.08,-16.06,5.05,9.52,-14.57,44.33,66.54,151.22,125.01,85.68,0.00
4194,12.07,-8.03,-20.10,-2.02,16.06,-14.04,44.33,67.51,153.23,130.06,92.75,8.03
4195,26.20,0.96,-25.24,-13.56,25.72,-12.12,44.33,69.53,156.26,131.07,95.78,15.10
4196,21.16,-5.00,-26.16,-8.08,23.66,-15.58,44.33,66.54,156.26,130.06,93.76,15.10
4197,26.20,5.00,-21.20,-15.58,23.70,-8.08,46.35,68.52,158.28,134.10,96.79,16.11
4198,25.19,1.97,-23.22,-13.56,24.23,-10.63,42.31,64.52,157.27,133.09,94.77,12.07
4199,17.12,-14.09,-31.20,-1.49,24.14,-22.65,31.25,58.47,148.19,122.99,87.70,7.02
4200,23.18,0.00,-23.18,-11.59,23.18,-11.59,38.27,60.49,152.22,127.03,93.76,11.06
4201,28.22,7.02,-21.20,-17.60,24.71,-7.07,41.30,60.49,155.25,131.07,97.80,15.10
4202,21.16,0.96,-20.19,-11.06,20.67,-9.62,37.26,58.47,150.21,126.02,91.74,13.08
4203,16.11,-1.97,-18.08,-7.07,17.07,-10.00,34.23,54.43,147.18,124.00,87.70,10.05
4204,19.14,3.99,-15.15,-11.54,17.16,-5.58,33.27,56.45,150.21,128.04,92.75,20.15
4205,19.14,8.03,-11.11,-13.56,15.15,-1.54,34.23,57.46,151.22,131.07,94.77,18.13
4206,27.21,9.04,-18.17,-18.13,22.69,-4.57,31.25,56.45,149.20,130.06,94.77,14.09
4207,32.26,13.08,-19.18,-22.65,25.72,-3.03,33.27,61.50,155.25,134.10,100.83,22.17
4208,31.25,14.09,-17.16,-22.65,24.23,-1.54,33.27,59.48,153.23,132.08,97.80,19.14
4209,28.22,15.10,-13.13,-21.64,20.67,1.01,34.23,60.49,152.22,134.10,99.82,21.16
4210,18.13,15.10,-3.03,-16.59,10.58,6.06,35.24,62.51,156.26,139.10,103.81,24.18
4211,28.22,23.18,-5.05,-25.68,16.64,9.09,34.23,61.50,156.26,138.09,102.80,24.18
4212,32.26,23.18,-9.09,-27.69,20.67,7.07,31.25,59.48,155.25,138.09,103.81,22.17
4213,17.12,10.05,-7.07,-13.56,12.12,1.49,33.27,58.47,153.23,134.10,100.83,16.11
4214,24.18,10.05,-14.14,-17.12,19.18,-2.02,32.26,58.47,152.22,131.07,100.83,18.13
4215,25.19,13.08,-12.12,-19.14,18.66,0.48,29.23,56.45,152.22,134.10,104.82,24.18
4216,20.15,9.04,-11.11,-14.57,15.63,-1.01,31.25,56.45,154.24,132.08,105.83,23.18
4217,28.22,13.08,-15.15,-20.63,21.68,-1.01,24.18,47.36,148.19,126.02,101.79,20.15
4218,31.25,16.11,-15.15,-23.66,23.22,0.48,22.17,50.39,152.22,132.08,107.85,31.25
4219,25.19,15.10,-10.10,-20.15,17.65,2.50,29.23,58.47,158.28,136.07,112.89,38.27
4220,15.10,9.04,-6.06,-12.07,10.58,1.49,29.23,54.43,156.26,133.09,108.86,32.26
4221,23.18,14.09,-9.09,-18.61,16.16,2.50,25.19,53.42,156.26,134.10,109.87,30.24
4222,29.23,21.16,-8.08,-25.19,18.66,6.54,22.17,53.42,154.24,133.09,111.88,32.26
4223,25.19,16.11,-9.09,-20.63,17.16,3.51,20.15,49.38,151.22,131.07,106.84,29.23
4224,20.15,15.10,-5.05,-17.60,12.60,5.05,20.15,49.38,151.22,129.05,103.81,23.18
4225,20.15,18.13,-2.02,-19.14,11.11,8.08,21.16,48.37,152.22,130.06,105.83,24.18
4226,26.20,23.18,-3.03,-24.67,14.62,10.10,23.18,49.38,152.22,133.09,108.86,29.23
4227,26.20,22.17,-4.04,-24.18,15.15,9.09,25.19,53.42,156.26,134.10,108.86,29.23
4228,25.19,20.15,-5.05,-22.65,15.15,7.55,21.16,49.38,153.23,129.05,104.82,31.25
4229,29.23,23.18,-6.06,-26.20,17.65,8.56,25.19,52.41,155.25,132.08,107.85,31.25
4230,39.28,29.23,-10.05,-34.23,24.67,9.62,21.16,51.40,155.25,132.08,107.85,31.25
4231,27.21,22.17,-5.05,-24.67,16.16,8.56,19.14,48.37,152.22,130.06,104.82,32.26
4232,24.18,27.21,3.03,-25.68,10.58,15.15,30.24,56.45,156.26,135.06,109.87,31.25
4233,38.27,35.24,-3.03,-36.73,20.67,16.11,16.11,46.35,153.23,134.10,111.88,38.27
4234,26.20,18.13,-8.08,-22.17,17.16,5.05,11.06,41.30,150.21,133.09,112.89,39.28
4235,10.05,14.09,4.04,-12.07,3.03,9.09,17.12,42.31,150.21,134.10,113.90,40.29
4236,2.98,8.03,5.05,-5.48,-1.01,6.54,14.09,41.30,147.18,131.07,109.87,34.23
4237,9.04,9.04,0.00,-9.04,4.52,4.52,17.12,42.31,145.16,129.05,104.82,26.20
4238,16.11,14.09,-2.02,-15.10,9.09,6.06,11.06,34.23,140.11,128.04,102.80,27.21
4239,16.11,17.12,1.01,-16.59,7.55,9.09,14.09,41.30,143.14,131.07,107.85,32.26
4240,22.17,29.23,7.07,-25.68,7.55,18.17,26.20,50.39,148.19,136.07,111.88,35.24
4241,29.23,35.24,6.01,-32.21,11.64,20.63,18.13,39.28,146.17,139.10,113.90,41.30
4242,37.26,38.27,1.01,-37.74,18.13,19.67,10.05,36.25,144.15,137.08,112.89,38.27
4243,23.18,34.23,11.06,-28.70,6.06,22.65,6.01,34.23,139.10,132.08,110.87,35.24
4244,6.01,28.22,22.21,-17.12,-8.08,25.24,3.99,30.24,138.09,134.10,113.90,49.38
4245,9.04,20.15,11.11,-14.57,-1.01,15.63,3.99,28.22,136.07,130.06,110.87,42.31
4246,14.09,23.18,9.09,-18.61,2.50,16.16,0.00,27.21,133.09,126.02,105.83,26.20
4247,15.10,28.22,13.13,-21.64,1.01,20.67,5.00,31.25,136.07,128.04,106.84,28.22
4248,23.18,37.26,14.09,-30.19,4.57,25.68,5.00,31.25,137.08,130.06,111.88,37.26
4249,23.18,34.23,11.06,-28.70,6.06,22.65,2.98,28.22,135.06,129.05,112.89,36.25
4250,22.17,30.24,8.08,-26.20,7.07,19.18,8.03,31.25,135.06,126.02,109.87,31.25
4251,22.17,39.28,17.12,-30.72,2.55,28.22,-0.96,26.20,130.06,124.00,109.87,33.27
4252,16.11,39.28,23.18,-27.69,-3.51,31.25,-9.04,20.15,126.02,120.97,107.85,33.27
4253,9.04,43.32,34.28,-26.16,-12.60,38.80,0.00,25.19,129.05,124.00,109.87,36.25
4254,12.07,40.29,28.22,-26.16,-8.08,34.28,-3.99,22.17,129.05,126.02,113.90,46.35
4255,16.11,39.28,23.18,-27.69,-3.51,31.25,-10.05,19.14,127.03,122.99,110.87,44.33
4256,10.05,39.28,29.23,-24.67,-9.57,34.28,-8.03,23.18,131.07,121.98,109.87,39.28
4257,13.08,41.30,28.22,-27.17,-7.55,34.76,-9.04,18.13,124.00,118.95,107.85,37.26
4258,14.09,45.34,31.25,-29.71,-8.56,38.32,-6.01,18.13,120.97,118.95,106.84,40.29
4259,17.12,51.40,34.28,-34.23,-8.56,42.84,-3.99,20.15,122.99,120.97,111.88,47.36
4260,19.14,48.37,29.23,-33.75,-5.05,38.80,-10.05,18.13,120.97,114.91,109.87,41.30
4261,14.09,39.28,25.19,-26.69,-5.53,32.26,-17.12,11.06,112.89,107.85,101.79,32.26
4262,14.09,40.29,26.20,-27.17,-6.06,33.27,-21.16,7.02,108.86,105.83,98.81,32.26
4263,21.16,52.41,31.25,-36.78,-5.05,41.83,-22.17,8.03,113.90,109.87,104.82,41.30
4264,29.23,61.50,32.26,-45.34,-1.49,46.88,-22.17,7.02,110.87,107.85,101.79,40.29
4265,20.15,57.46,37.31,-38.80,-8.56,47.41,-18.13,6.01,107.85,101.79,96.79,35.24
4266,18.13,62.51,44.38,-40.29,-13.13,53.47,-19.14,6.01,105.83,99.82,95.78,37.26
4267,20.15,64.52,44.38,-42.31,-12.12,54.48,-19.14,6.01,105.83,101.79,98.81,43.32
4268,22.17,68.52,46.35,-45.34,-12.07,57.46,-22.17,0.00,102.80,98.81,99.82,43.32
4269,22.17,67.51,45.34,-44.81,-11.59,56.45,-26.20,-2.98,97.80,93.76,94.77,39.28
4270,22.17,64.52,42.36,-43.32,-10.10,53.47,-29.23,-7.02,96.79,94.77,95.78,42.31
4271,12.07,64.52,52.46,-38.27,-20.19,58.51,-30.24,-12.07,91.74,93.76,92.75,37.26
4272,0.96,54.43,53.47,-27.69,-26.25,53.95,-34.23,-11.06,88.71,89.72,91.74,36.25
4273,6.01,53.42,47.41,-29.71,-20.67,50.44,-42.31,-21.16,82.65,87.70,91.74,41.30
4274,14.09,64.52,50.44,-39.28,-18.17,57.50,-40.29,-19.14,82.65,88.71,90.73,39.28
4275,24.18,69.53,45.34,-46.83,-10.58,57.46,-38.27,-14.09,80.63,88.71,89.72,41.30
4276,14.09,69.53,55.44,-41.78,-20.67,62.51,-39.28,-17.12,78.61,87.70,88.71,43.32
4277,6.01,68.52,62.51,-37.26,-28.22,65.53,-43.32,-25.19,73.56,83.66,84.67,39.28
4278,3.99,62.51,58.51,-33.22,-27.26,60.53,-52.41,-31.25,65.53,75.58,79.62,35.24
4279,0.96,68.52,67.55,-34.71,-33.27,68.03,-49.38,-29.23,67.51,76.59,82.65,39.28
4280,10.05,71.54,61.50,-40.77,-25.72,66.54,-49.38,-35.24,64.52,72.55,81.64,39.28
4281,12.07,72.55,60.49,-42.31,-24.18,66.54,-54.43,-33.27,61.50,69.53,78.61,39.28
4282,0.00,72.55,72.55,-36.25,-36.25,72.55,-60.49,-40.29,56.45,67.51,77.60,40.29
4283,-2.98,71.54,74.53,-34.28,-38.75,73.04,-62.51,-50.39,47.36,59.48,72.55,37.26
4284,9.04,81.64,72.60,-45.34,-31.78,77.12,-66.54,-50.39,43.32,56.45,69.53,39.28
4285,14.09,80.63,66.54,-47.36,-26.20,73.61,-70.53,-55.44,38.27,51.40,64.52,35.24
4286,-5.00,77.60,82.60,-36.30,-43.80,80.10,-63.52,-53.42,37.26,51.40,65.53,33.27
4287,-13.08,81.64,94.72,-34.28,-53.90,88.18,-64.52,-51.40,40.29,56.45,71.54,39.28
4288,-12.07,88.71,100.78,-38.32,-56.40,94.72,-70.53,-56.45,35.24,54.43,71.54,48.37
4289,-10.05,92.75,102.80,-41.35,-56.40,97.75,-74.57,-64.52,24.18,45.34,62.51,41.30
4290,-1.97,91.74,93.71,-44.86,-47.84,92.70,-76.59,-72.55,18.13,40.29,55.44,26.20
4291,-3.99,86.69,90.68,-41.35,-47.31,88.66,-85.68,-80.63,9.04,34.23,53.42,29.23
4292,-14.09,86.69,100.78,-36.30,-57.41,93.71,-92.75,-84.67,5.00,31.25,53.42,33.27
4293,-20.15,84.67,104.82,-32.26,-62.46,94.72,-91.74,-86.69,0.00,28.22,50.39,29.23
4294,-20.15,86.69,106.84,-33.27,-63.47,96.74,-98.81,-94.77,-5.00,24.18,48.37,33.27
4295,-24.18,88.71,112.89,-32.26,-68.52,100.78,-102.80,-101.79,-11.06,20.15,46.35,35.24
4296,-28.22,85.68,113.90,-28.70,-71.06,99.77,-108.86,-111.88,-16.11,16.11,46.35,36.25
4297,-31.25,97.80,129.05,-33.27,-80.15,113.42,-109.87,-115.92,-19.14,15.10,46.35,34.23
4298,-34.23,94.77,129.00,-30.24,-81.59,111.88,-102.80,-105.83,-26.20,6.01,35.24,21.16
4299,-25.19,92.75,117.94,-33.75,-71.54,105.35,-106.84,-107.85,-31.25,1.97,30.24,24.18
4300,-19.14,107.85,126.98,-44.33,-73.04,117.41,-114.91,-118.95,-37.26,0.96,35.24,31.25
4301,-24.18,112.89,137.08,-44.33,-80.63,124.96,-113.90,-121.98,-43.32,-2.98,33.27,34.23
4302,-19.14,118.95,138.09,-49.91,-78.61,128.52,-116.93,-122.99,-51.40,-12.07,21.16,28.22
4303,-26.20,118.95,145.16,-46.35,-85.68,132.03,-128.04,-133.09,-59.48,-17.12,19.14,25.19
4304,-39.28,119.96,159.24,-40.34,-99.24,139.58,-125.01,-138.09,-62.51,-18.13,20.15,32.26
4305,-24.18,135.06,159.24,-55.44,-91.69,147.13,-125.01,-138.09,-66.54,-19.14,22.17,34.23
4306,-17.12,139.10,156.22,-60.97,-86.64,147.66,-141.12,-151.22,-78.61,-27.21,12.07,27.21
4307,-26.20,130.06,156.26,-51.93,-91.21,143.14,-142.13,-154.24,-87.70,-38.27,3.99,22.17
4308,-22.17,139.10,161.26,-58.47,-91.69,150.16,-150.21,-163.33,-94.77,-43.32,1.97,25.19
4309,-23.18,149.20,172.37,-62.99,-97.75,160.78,-153.23,-171.36,-100.83,-46.35,-0.96,24.18
4310,-34.23,141.12,175.35,-53.42,-104.77,158.23,-149.20,-168.33,-105.83,-47.36,0.96,26.20
4311,-34.23,136.07,170.30,-50.92,-102.27,153.19,-160.30,-179.44,-119.96,-60.49,-10.05,15.10
4312,-29.23,146.17,175.40,-58.47,-102.32,160.78,-165.35,-187.52,-131.07,-68.52,-18.13,13.08
4313,-35.24,148.19,183.43,-56.45,-109.34,165.78,-169.34,-193.57,-138.09,-72.55,-17.12,27.21
4314,-38.27,149.20,187.47,-55.44,-112.85,168.33,-170.35,-195.59,-144.15,-77.60,-22.17,17.12
4315,-41.30,151.22,192.52,-54.96,-116.89,171.84,-172.37,-199.63,-153.23,-84.67,-31.25,9.04
4316,-53.42,145.16,198.57,-45.87,-125.97,171.84,-182.47,-209.68,-164.34,-92.75,-37.26,10.05
4317,-50.39,155.25,205.64,-52.41,-127.99,180.45,-186.51,-214.73,-170.35,-96.79,-39.28,9.04
4318,-51.40,154.24,205.64,-51.40,-128.52,179.92,-194.58,-226.85,-180.45,-103.81,-41.30,14.09
4319,-48.37,157.27,205.64,-54.43,-126.98,181.46,-199.63,-235.89,-189.54,-112.89,-45.34,12.07
4320,-40.29,169.34,209.63,-64.52,-124.96,189.49,-196.60,-229.88,-191.56,-114.91,-46.35,15.10
4321,-50.39,162.32,212.71,-55.97,-131.55,187.52,-204.63,-239.92,-203.62,-125.01,-54.43,10.05
4322,-70.53,153.23,223.77,-41.35,-147.13,188.48,-212.71,-254.06,-221.80,-140.11,-67.51,-1.97
4323,-70.53,167.37,237.91,-48.42,-154.20,202.61,-212.71,-258.10,-228.87,-143.14,-66.54,3.99
4324,-66.54,173.38,239.92,-53.42,-153.23,206.65,-219.78,-269.16,-239.92,-151.22,-72.55,0.96
4325,-66.54,176.41,242.95,-54.91,-154.72,209.68,-224.83,-278.25,-250.02,-160.30,-77.60,0.00
4326,-64.52,184.49,249.01,-59.96,-156.74,216.75,-230.89,-286.32,-260.12,-167.37,-81.64,-0.96
4327,-68.52,180.45,248.96,-55.97,-158.72,214.68,-239.92,-294.40,-270.17,-176.41,-89.72,-6.01
4328,-72.55,187.52,260.07,-57.46,-166.31,223.77,-240.93,-299.45,-280.26,-182.47,-93.76,-3.99
4329,-68.52,188.53,257.04,-60.01,-162.75,222.76,-251.03,-309.50,-294.40,-194.58,-105.83,-8.03
4330,-71.54,182.47,254.01,-55.44,-162.75,218.24,-256.08,-316.57,-303.44,-203.62,-111.88,-10.05
4331,-68.52,193.57,262.09,-62.51,-165.30,227.81,-255.07,-313.54,-308.49,-204.63,-112.89,-6.01
4332,-75.58,194.58,270.17,-59.48,-172.85,232.38,-267.19,-330.70,-318.59,-211.70,-117.94,-5.00
4333,-80.63,191.56,272.19,-55.44,-176.41,231.85,-270.17,-336.71,-331.71,-222.81,-127.03,-14.09
4334,-79.62,188.53,268.15,-54.43,-173.86,228.34,-274.21,-336.71,-343.78,-232.90,-135.06,-21.16
4335,-95.78,175.40,271.18,-39.81,-183.48,223.29,-284.30,-351.86,-357.92,-244.97,-141.12,-16.11
4336,-84.67,189.54,274.21,-52.41,-179.44,231.85,-281.27,-348.83,-358.93,-243.96,-141.12,-15.10
4337,-83.66,200.64,284.30,-58.47,-183.96,242.47,-285.31,-356.91,-367.00,-250.02,-146.17,-18.13
4338,-94.77,192.56,287.33,-48.90,-191.03,239.92,-291.37,-365.99,-382.10,-262.14,-156.26,-22.17
4339,-97.80,189.54,287.33,-45.87,-192.56,238.43,-298.44,-376.04,-393.21,-271.18,-164.34,-27.21
4340,-100.83,189.54,290.36,-44.33,-195.59,239.92,-309.50,-392.20,-405.28,-281.27,-169.34,-27.21
4341,-95.78,199.63,295.41,-51.93,-195.59,247.52,-310.51,-389.17,-412.34,-283.29,-169.34,-21.16
4342,-102.80,206.65,309.45,-51.93,-206.12,258.05,-311.52,-392.20,-421.43,-290.36,-176.41,-24.18
4343,-107.85,210.69,318.54,-51.40,-213.19,264.59,-317.58,-406.29,-433.55,-300.46,-183.48,-27.21
4344,-103.81,210.69,314.50,-53.42,-209.15,262.57,-319.59,-413.35,-442.59,-306.47,-189.54,-28.22
4345,-105.83,205.64,311.47,-49.91,-208.62,258.53,-323.63,-412.34,-449.65,-315.56,-198.62,-35.24
4346,-111.88,210.69,322.58,-49.38,-217.23,266.61,-328.68,-419.41,-459.75,-322.62,-203.62,-33.27
4347,-107.85,211.70,319.55,-51.93,-213.67,265.60,-327.67,-420.42,-463.79,-325.65,-205.64,-30.24
4348,-100.83,219.78,320.60,-59.48,-210.69,270.17,-332.72,-423.45,-472.83,-331.71,-208.67,-27.21
4349,-102.80,220.79,323.59,-59.00,-213.19,272.19,-341.76,-433.55,-488.98,-344.79,-218.77,-38.27
4350,-110.87,213.72,324.60,-51.40,-217.71,269.16,-340.75,-437.54,-496.05,-351.86,-226.85,-48.37
4351,-112.89,214.73,327.62,-50.92,-220.26,271.18,-342.77,-446.63,-503.12,-356.91,-227.86,-47.36
4352,-101.79,219.78,321.57,-59.00,-211.65,270.65,-348.83,-453.69,-509.13,-362.96,-231.90,-46.35
4353,-102.80,222.81,325.61,-60.01,-214.20,274.21,-351.86,-455.71,-516.20,-368.01,-232.90,-42.31
4354,-106.84,220.79,327.62,-56.98,-217.23,274.21,-351.86,-457.73,-522.26,-370.99,-232.90,-43.32
4355,-109.87,217.76,327.62,-53.95,-218.72,272.67,-353.88,-461.77,-531.34,-378.06,-238.91,-43.32
4356,-121.98,207.66,329.64,-42.84,-225.79,268.63,-365.99,-478.89,-544.42,-389.17,-245.98,-44.33
4357,-124.00,207.66,331.66,-41.83,-227.81,269.64,-372.00,-486.97,-553.51,-396.24,-255.07,-52.41
4358,-130.06,201.65,331.71,-35.77,-230.89,266.66,-365.99,-475.86,-557.55,-401.28,-259.11,-51.40
4359,-140.11,194.58,334.69,-27.21,-237.38,264.64,-365.99,-479.90,-560.58,-404.27,-260.12,-45.34
4360,-134.10,199.63,333.73,-32.74,-233.91,266.66,-365.99,-483.94,-566.64,-408.30,-264.16,-46.35
4361,-126.02,204.63,330.65,-39.28,-228.34,267.62,-364.98,-482.93,-569.66,-411.33,-268.20,-56.45
4362,-122.99,207.66,330.65,-42.31,-226.80,269.16,-372.00,-487.97,-576.68,-417.39,-275.22,-62.51
4363,-124.00,202.61,326.61,-39.28,-225.31,264.59,-370.99,-487.97,-581.73,-424.46,-280.26,-60.49
4364,-121.98,205.64,327.62,-41.83,-224.78,266.61,-365.99,-484.95,-579.71,-425.47,-280.26,-60.49
4365,-119.96,209.68,329.64,-44.86,-224.78,269.64,-363.97,-482.93,-579.71,-426.48,-281.27,-57.46
4366,-122.99,207.66,330.65,-42.31,-226.80,269.16,-364.98,-482.93,-581.73,-427.49,-282.28,-58.47
4367,-121.98,204.63,326.61,-41.30,-224.30,265.60,-363.97,-481.92,-583.75,-430.52,-283.29,-55.44
4368,-119.96,203.62,323.59,-41.83,-221.75,263.58,-362.96,-479.90,-585.77,-434.56,-289.35,-61.50
4369,-116.93,205.64,322.58,-44.33,-219.73,264.11,-360.94,-478.89,-584.76,-436.58,-293.39,-67.51
4370,-127.03,193.57,320.60,-33.27,-223.82,257.09,-356.91,-473.84,-582.74,-437.54,-292.38,-66.54
4371,-138.09,178.43,316.52,-20.15,-227.28,247.47,-355.90,-469.85,-580.72,-436.58,-292.38,-66.54
4372,-137.08,172.37,309.45,-17.65,-223.24,240.89,-351.86,-464.80,-574.67,-431.53,-287.33,-60.49
4373,-136.07,165.35,301.42,-14.62,-218.72,233.39,-348.83,-460.76,-575.67,-433.55,-294.40,-68.52
4374,-133.09,167.37,300.46,-17.12,-216.75,233.91,-342.77,-455.71,-572.65,-432.54,-295.41,-73.56
4375,-133.09,167.37,300.46,-17.12,-216.75,233.91,-336.71,-447.63,-564.62,-425.47,-289.35,-66.54
4376,-124.00,162.32,286.32,-19.14,-205.16,224.30,-339.74,-450.66,-564.62,-428.50,-296.42,-76.59
4377,-109.87,166.36,276.23,-28.22,-193.05,221.27,-341.76,-447.63,-564.62,-429.51,-300.46,-85.68
4378,-115.92,159.29,275.22,-21.68,-195.55,217.23,-329.69,-437.54,-556.54,-424.46,-295.41,-78.61
4379,-118.95,152.22,271.18,-16.64,-195.06,211.70,-319.59,-433.55,-549.47,-420.42,-296.42,-83.66
4380,-118.95,148.19,267.14,-14.62,-193.05,207.66,-318.59,-424.46,-543.41,-419.41,-298.44,-87.70
4381,-124.00,141.12,265.12,-8.56,-194.54,203.09,-317.58,-425.47,-539.37,-419.41,-297.43,-85.68
4382,-120.97,143.14,264.11,-11.06,-192.52,203.62,-312.53,-421.43,-533.36,-415.37,-294.40,-86.69
4383,-125.01,137.08,262.09,-6.01,-193.53,199.58,-302.48,-409.31,-522.26,-408.30,-288.34,-82.65
4384,-122.99,125.01,248.00,-1.01,-185.50,186.51,-296.42,-400.28,-516.20,-406.29,-287.33,-81.64
4385,-116.93,125.01,241.94,-4.04,-179.44,183.48,-290.36,-393.21,-508.12,-402.29,-286.32,-80.63
4386,-114.91,125.01,239.92,-5.05,-177.42,182.47,-285.31,-385.13,-499.08,-397.25,-286.32,-89.72
4387,-112.89,114.91,227.81,-1.01,-170.35,171.36,-283.29,-377.05,-491.00,-394.22,-287.33,-95.78
4388,-111.88,113.90,225.79,-1.01,-168.81,169.82,-272.19,-367.00,-479.90,-386.14,-280.26,-87.70
4389,-104.82,113.90,218.72,-4.52,-161.74,166.31,-261.13,-355.90,-468.84,-381.09,-277.24,-85.68
4390,-110.87,101.79,212.66,4.52,-161.74,157.23,-258.10,-347.82,-458.74,-375.03,-275.22,-85.68
4391,-115.92,96.79,212.71,9.57,-164.29,154.72,-253.05,-335.75,-443.60,-363.97,-268.20,-83.66
4392,-100.83,94.77,195.59,3.03,-148.19,145.16,-241.94,-323.63,-431.53,-353.88,-262.14,-78.61
4393,-92.75,91.74,184.49,0.48,-138.62,138.09,-234.92,-315.56,-423.45,-347.82,-263.15,-88.71
4394,-93.76,87.70,181.46,3.03,-137.61,134.58,-228.87,-308.49,-412.34,-337.72,-255.07,-82.65
4395,-100.83,80.63,181.46,10.10,-141.12,131.02,-221.80,-299.45,-398.26,-325.65,-244.97,-75.58
4396,-93.76,77.60,171.36,8.08,-132.56,124.48,-212.71,-289.35,-387.15,-319.59,-244.97,-83.66
4397,-74.57,83.66,158.23,-4.52,-116.40,120.92,-200.64,-277.24,-374.02,-308.49,-239.92,-81.64
4398,-83.66,71.54,155.21,6.06,-119.43,113.38,-191.56,-264.16,-359.94,-298.44,-233.91,-84.67
4399,-87.70,60.49,148.19,13.61,-117.94,104.34,-184.49,-254.06,-349.84,-290.36,-226.85,-77.60
4400,-85.68,55.44,141.12,15.10,-113.38,98.28,-176.41,-243.96,-337.72,-281.27,-220.79,-77.60
4401,-89.72,49.38,139.10,20.15,-114.38,94.24,-175.40,-239.92,-327.67,-273.20,-215.74,-77.60
4402,-91.74,40.29,132.03,25.72,-111.88,86.16,-170.35,-228.87,-317.58,-266.18,-211.70,-76.59
4403,-86.69,42.31,129.00,22.17,-107.85,85.63,-154.24,-205.64,-297.43,-252.04,-203.62,-70.53
4404,-73.56,52.41,125.97,10.58,-99.77,89.19,-146.17,-195.59,-283.29,-239.92,-194.58,-56.45
4405,-68.52,44.33,112.85,12.07,-90.68,78.56,-148.19,-192.56,-277.24,-234.92,-191.56,-59.48
4406,-66.54,42.31,108.86,12.12,-87.70,75.58,-142.13,-186.51,-267.19,-227.86,-190.55,-70.53
4407,-68.52,33.27,101.79,17.60,-85.15,67.51,-134.10,-181.46,-256.08,-219.78,-186.51,-76.59
4408,-60.49,38.27,98.76,11.11,-79.62,68.52,-118.95,-163.33,-235.89,-203.62,-170.35,-65.53
4409,-56.45,37.26,93.71,9.57,-75.05,65.49,-110.87,-148.19,-223.82,-196.60,-165.35,-65.53
4410,-56.45,23.18,79.62,16.64,-68.03,51.40,-107.85,-145.16,-218.77,-192.56,-165.35,-71.54
4411,-52.41,21.16,73.56,15.63,-62.99,47.36,-100.83,-133.09,-200.64,-177.42,-151.22,-61.50
4412,-58.47,13.08,71.54,22.69,-65.01,42.31,-95.78,-128.04,-188.53,-167.37,-144.15,-60.49
4413,-55.44,7.02,62.46,24.18,-58.95,34.71,-90.73,-121.98,-178.43,-159.29,-136.07,-61.50
4414,-52.41,6.01,58.42,23.18,-55.39,32.21,-84.67,-111.88,-166.36,-150.21,-127.03,-55.44
4415,-52.41,10.05,62.46,21.16,-57.41,36.25,-72.55,-99.82,-156.26,-143.14,-125.01,-62.51
4416,-48.37,5.00,53.37,21.68,-50.87,29.19,-65.53,-88.71,-146.17,-134.10,-119.96,-64.52
4417,-33.27,14.09,47.36,9.57,-40.29,30.72,-63.52,-80.63,-133.09,-122.99,-111.88,-55.44
4418,-31.25,12.07,43.32,9.57,-37.26,27.69,-57.46,-74.57,-121.98,-114.91,-105.83,-49.38
4419,-33.27,1.97,35.24,15.63,-34.23,18.61,-54.43,-71.54,-113.90,-108.86,-102.80,-52.41
4420,-32.26,11.06,43.32,10.58,-37.79,27.17,-44.33,-59.48,-99.82,-94.77,-91.74,-45.34
4421,-39.28,-1.97,37.31,20.63,-38.32,17.65,-40.29,-52.41,-91.74,-90.73,-88.71,-45.34
4422,-44.33,-8.03,36.30,26.16,-40.34,14.14,-38.27,-49.38,-87.70,-88.71,-90.73,-53.42
4423,-37.26,-0.96,36.30,19.09,-36.78,17.65,-31.25,-41.30,-73.56,-76.59,-81.64,-45.34
4424,-27.21,-1.97,25.24,14.57,-26.25,11.64,-29.23,-37.26,-66.54,-73.56,-81.64,-43.32
4425,-30.24,-3.99,26.25,17.12,-28.27,11.11,-25.19,-31.25,-58.47,-67.51,-78.61,-44.33
4426,-21.16,0.00,21.16,10.58,-21.16,10.58,-23.18,-27.21,-49.38,-61.50,-69.53,-40.29
4427,-14.09,-1.97,12.12,8.03,-13.13,5.05,-17.12,-19.14,-40.29,-54.43,-62.51,-35.24
4428,-17.12,-3.99,13.13,10.53,-15.15,4.57,-12.07,-12.07,-30.24,-45.34,-60.49,-39.28
4429,-13.08,-3.99,9.09,8.51,-11.11,2.55,-9.04,-10.05,-26.20,-43.32,-61.50,-41.30
4430,-18.13,-11.06,7.07,14.57,-12.60,-2.02,-6.01,-2.98,-19.14,-37.26,-55.44,-41.30
4431,-18.13,-1.97,16.16,10.05,-17.16,7.07,-2.98,2.98,-10.05,-27.21,-44.33,-39.28
4432,-21.16,-12.07,9.09,16.59,-15.15,-1.49,1.97,8.03,-5.00,-22.17,-42.31,-25.19
4433,-19.14,-26.20,-7.07,22.65,-6.06,-16.64,2.98,12.07,1.97,-18.13,-45.34,-25.19
4434,-14.09,-20.15,-6.06,17.12,-4.04,-13.13,7.02,17.12,11.06,-11.06,-38.27,-26.20
4435,-12.07,-19.14,-7.07,15.58,-2.50,-13.13,9.04,21.16,18.13,-8.03,-33.27,-24.18
4436,-11.06,-24.18,-13.13,17.60,1.01,-18.66,13.08,24.18,23.18,-3.99,-32.26,-30.24
4437,-15.10,-21.16,-6.06,18.13,-4.52,-13.61,19.14,31.25,29.23,2.98,-25.19,-23.18
4438,-12.07,-21.16,-9.09,16.59,-1.49,-15.15,19.14,37.26,38.27,12.07,-19.14,-21.16
4439,-9.04,-27.21,-18.17,18.13,4.57,-22.69,19.14,39.28,41.30,13.08,-18.13,-26.20
4440,-9.04,-22.17,-13.13,15.58,2.02,-17.65,20.15,39.28,48.37,21.16,-12.07,-20.15
4441,-16.11,-28.22,-12.12,22.17,-2.02,-20.19,21.16,35.24,51.40,24.18,-10.05,-24.18
4442,-17.12,-32.26,-15.15,24.67,-1.01,-23.70,23.18,42.31,52.41,25.19,-9.04,-22.17
4443,-0.96,-16.11,-15.15,8.51,7.07,-15.63,32.26,56.45,65.53,37.26,-0.96,-22.17
4444,2.98,-12.07,-15.05,4.52,8.99,-13.56,38.27,60.49,72.55,42.31,3.99,-17.12
4445,2.98,-12.07,-15.05,4.52,8.99,-13.56,36.25,58.47,77.60,48.37,9.04,-6.01
4446,9.04,-3.99,-13.03,-2.50,11.01,-8.51,36.25,61.50,77.60,48.37,5.00,-21.16
4447,12.07,-10.05,-22.12,-1.01,17.07,-16.06,41.30,68.52,82.65,53.42,11.06,-17.12
4448,10.05,-6.01,-16.06,-2.02,13.03,-11.01,46.35,73.56,91.74,60.49,21.16,-2.98
4449,5.00,-13.08,-18.08,4.04,11.54,-15.58,44.33,71.54,89.72,56.45,18.13,-10.05
4450,9.04,-27.21,-36.25,9.09,22.65,-31.73,40.29,68.52,91.74,57.46,15.10,-16.11
4451,10.05,-22.17,-32.21,6.06,21.11,-27.17,42.31,73.56,95.78,61.50,18.13,-13.08
4452,13.08,-26.20,-39.28,6.54,26.16,-32.74,47.36,78.61,100.83,64.52,21.16,-13.08
4453,12.07,-30.24,-42.31,9.09,27.17,-36.25,48.37,79.62,103.81,66.54,22.17,-10.05
4454,-1.97,-30.24,-28.27,16.11,13.13,-29.28,47.36,78.61,108.86,69.53,26.20,-3.99
4455,6.01,-24.18,-30.19,9.09,18.08,-27.17,49.38,79.62,113.90,71.54,27.21,-5.00
4456,12.07,-22.17,-34.23,5.05,23.13,-28.18,48.37,79.62,113.90,70.53,22.17,-10.05
4457,14.09,-19.14,-33.22,2.50,23.66,-26.16,51.40,83.66,117.94,75.58,25.19,-9.04
4458,16.11,-23.18,-39.28,3.51,27.69,-31.20,50.39,86.69,119.96,77.60,29.23,-7.02
4459,6.01,-34.23,-40.24,14.09,23.13,-37.21,54.43,87.70,122.99,78.61,29.23,-7.02
4460,8.03,-29.23,-37.26,10.58,22.65,-33.22,57.46,90.73,126.02,82.65,33.27,-2.98
4461,7.02,-26.20,-33.22,9.57,20.10,-29.71,55.44,89.72,126.02,83.66,33.27,-5.00
4462,3.99,-26.20,-30.19,11.11,17.07,-28.18,62.51,96.79,131.07,87.70,37.26,-1.97
4463,7.02,-20.15,-27.17,6.54,17.07,-23.66,63.52,95.78,134.10,90.73,40.29,0.96
4464,10.05,-19.14,-29.19,4.52,19.62,-24.14,65.53,97.80,136.07,91.74,44.33,6.01
4465,12.07,-21.16,-33.22,4.52,22.65,-27.17,64.52,98.81,140.11,94.77,45.34,5.00
4466,8.03,-20.15,-28.18,6.06,18.08,-24.14,61.50,91.74,139.10,94.77,42.31,-6.01
4467,9.04,-24.18,-33.22,7.55,21.11,-28.70,67.51,101.79,141.12,95.78,45.34,-1.97
4468,11.06,-25.19,-36.25,7.07,23.66,-30.72,65.53,100.83,141.12,93.76,44.33,-2.98
4469,2.98,-22.17,-25.15,9.57,14.04,-23.66,61.50,98.81,141.12,97.80,47.36,0.00
4470,12.07,-24.18,-36.25,6.06,24.14,-30.19,66.54,103.81,148.19,101.79,50.39,0.00
4471,18.13,-22.17,-40.29,2.02,29.19,-31.20,69.53,107.85,150.21,101.79,48.37,-6.01
4472,14.09,-24.18,-38.27,5.05,26.16,-31.20,67.51,106.84,151.22,106.84,54.43,2.98
4473,18.13,-28.22,-46.35,5.05,32.21,-37.26,67.51,102.80,149.20,106.84,56.45,1.97
4474,13.08,-21.16,-34.23,4.04,23.66,-27.69,72.55,106.84,153.23,107.85,59.48,-0.96
4475,7.02,-19.14,-26.16,6.06,16.59,-22.65,79.62,110.87,157.27,110.87,60.49,0.00
4476,15.10,-20.15,-35.24,2.50,25.15,-27.69,75.58,106.84,155.25,112.89,60.49,1.97
4477,26.20,-14.09,-40.29,-6.06,33.22,-27.17,70.53,103.81,158.28,113.90,62.51,3.99
4478,19.14,-26.20,-45.34,3.51,32.21,-35.77,77.60,108.86,158.28,112.89,58.47,-3.99
4479,8.03,-38.27,-46.30,15.10,27.17,-42.26,72.55,105.83,158.28,112.89,60.49,-1.97
4480,2.98,-37.26,-40.24,17.12,21.59,-38.75,70.53,104.82,158.28,112.89,59.48,-1.97
4481,8.03,-37.26,-45.29,14.62,26.64,-41.25,68.52,106.84,160.30,111.88,60.49,0.96
4482,11.06,-27.21,-38.27,8.08,24.67,-32.74,63.52,104.82,161.31,115.92,64.52,12.07
4483,23.18,-19.14,-42.31,-2.02,32.74,-30.72,72.55,111.88,160.30,114.91,60.49,3.99
4484,26.20,-21.16,-47.36,-2.50,36.78,-34.23,73.56,109.87,161.31,112.89,59.48,0.96
4485,0.00,0.00,0.00,0.00,0.00,0.00,0.00,0.00,0.00,0.00,0.00,0.00
4486,0.00,0.00,0.00,0.00,0.00,0.00,0.00,0.00,0.00,0.00,0.00,0.00
4487,0.00,0.00,0.00,0.00,0.00,0.00,0.00,0.00,0.00,0.00,0.00,0.00
4488,0.00,0.00,0.00,0.00,0.00,0.00,0.00,0.00,0.00,0.00,0.00,0.00
4489,0.00,0.00,0.00,0.00,0.00,0.00,0.00,0.00,0.00,0.00,0.00,0.00
4490,0.00,0.00,0.00,0.00,0.00,0.00,0.00,0.00,0.00,0.00,0.00,0.00
4491,0.00,0.00,0.00,0.00,0.00,0.00,0.00,0.00,0.00,0.00,0.00,0.00
4492,0.00,0.00,0.00,0.00,0.00,0.00,0.00,0.00,0.00,0.00,0.00,0.00
4493,0.00,0.00,0.00,0.00,0.00,0.00,0.00,0.00,0.00,0.00,0.00,0.00
4494,0.00,0.00,0.00,0.00,0.00,0.00,0.00,0.00,0.00,0.00,0.00,0.00
4495,0.00,0.00,0.00,0.00,0.00,0.00,0.00,0.00,0.00,0.00,0.00,0.00
4496,0.00,0.00,0.00,0.00,0.00,0.00,0.00,0.00,0.00,0.00,0.00,0.00
4497,0.00,0.00,0.00,0.00,0.00,0.00,0.00,0.00,0.00,0.00,0.00,0.00
4498,0.00,0.00,0.00,0.00,0.00,0.00,0.00,0.00,0.00,0.00,0.00,0.00
4499,0.00,0.00,0.00,0.00,0.00,0.00,0.00,0.00,0.00,0.00,0.00,0.00
4500,0.00,0.00,0.00,0.00,0.00,0.00,0.00,0.00,0.00,0.00,0.00,0.00
4501,0.00,0.00,0.00,0.00,0.00,0.00,0.00,0.00,0.00,0.00,0.00,0.00
4502,0.00,0.00,0.00,0.00,0.00,0.00,0.00,0.00,0.00,0.00,0.00,0.00
4503,0.00,0.00,0.00,0.00,0.00,0.00,0.00,0.00,0.00,0.00,0.00,0.00
4504,0.00,0.00,0.00,0.00,0.00,0.00,0.00,0.00,0.00,0.00,0.00,0.00
4505,0.00,0.00,0.00,0.00,0.00,0.00,0.00,0.00,0.00,0.00,0.00,0.00
4506,0.00,0.00,0.00,0.00,0.00,0.00,0.00,0.00,0.00,0.00,0.00,0.00
4507,0.00,0.00,0.00,0.00,0.00,0.00,0.00,0.00,0.00,0.00,0.00,0.00
4508,0.00,0.00,0.00,0.00,0.00,0.00,0.00,0.00,0.00,0.00,0.00,0.00
4509,0.00,0.00,0.00,0.00,0.00,0.00,0.00,0.00,0.00,0.00,0.00,0.00
4510,0.00,0.00,0.00,0.00,0.00,0.00,0.00,0.00,0.00,0.00,0.00,0.00
4511,0.00,0.00,0.00,0.00,0.00,0.00,0.00,0.00,0.00,0.00,0.00,0.00
4512,0.00,0.00,0.00,0.00,0.00,0.00,0.00,0.00,0.00,0.00,0.00,0.00
4513,0.00,0.00,0.00,0.00,0.00,0.00,0.00,0.00,0.00,0.00,0.00,0.00
4514,0.00,0.00,0.00,0.00,0.00,0.00,0.00,0.00,0.00,0.00,0.00,0.00
4515,0.00,0.00,0.00,0.00,0.00,0.00,0.00,0.00,0.00,0.00,0.00,0.00
4516,0.00,0.00,0.00,0.00,0.00,0.00,0.00,0.00,0.00,0.00,0.00,0.00
4517,0.00,0.00,0.00,0.00,0.00,0.00,0.00,0.00,0.00,0.00,0.00,0.00
4518,0.00,0.00,0.00,0.00,0.00,0.00,0.00,0.00,0.00,0.00,0.00,0.00
4519,0.00,0.00,0.00,0.00,0.00,0.00,0.00,0.00,0.00,0.00,0.00,0.00
4520,0.00,0.00,0.00,0.00,0.00,0.00,0.00,0.00,0.00,0.00,0.00,0.00
4521,0.00,0.00,0.00,0.00,0.00,0.00,0.00,0.00,0.00,0.00,0.00,0.00
4522,0.00,0.00,0.00,0.00,0.00,0.00,0.00,0.00,0.00,0.00,0.00,0.00
4523,0.00,0.00,0.00,0.00,0.00,0.00,0.00,0.00,0.00,0.00,0.00,0.00
4524,0.00,0.00,0.00,0.00,0.00,0.00,0.00,0.00,0.00,0.00,0.00,0.00
4525,0.00,0.00,0.00,0.00,0.00,0.00,0.00,0.00,0.00,0.00,0.00,0.00
4526,0.00,0.00,0.00,0.00,0.00,0.00,0.00,0.00,0.00,0.00,0.00,0.00
4527,0.00,0.00,0.00,0.00,0.00,0.00,0.00,0.00,0.00,0.00,0.00,0.00
4528,0.00,0.00,0.00,0.00,0.00,0.00,0.00,0.00,0.00,0.00,0.00,0.00
4529,0.00,0.00,0.00,0.00,0.00,0.00,0.00,0.00,0.00,0.00,0.00,0.00
4530,0.00,0.00,0.00,0.00,0.00,0.00,0.00,0.00,0.00,0.00,0.00,0.00
4531,0.00,0.00,0.00,0.00,0.00,0.00,0.00,0.00,0.00,0.00,0.00,0.00
4532,0.00,0.00,0.00,0.00,0.00,0.00,0.00,0.00,0.00,0.00,0.00,0.00
4533,0.00,0.00,0.00,0.00,0.00,0.00,0.00,0.00,0.00,0.00,0.00,0.00
4534,0.00,0.00,0.00,0.00,0.00,0.00,0.00,0.00,0.00,0.00,0.00,0.00
4535,0.00,0.00,0.00,0.00,0.00,0.00,0.00,0.00,0.00,0.00,0.00,0.00
4536,0.00,0.00,0.00,0.00,0.00,0.00,0.00,0.00,0.00,0.00,0.00,0.00
4537,0.00,0.00,0.00,0.00,0.00,0.00,0.00,0.00,0.00,0.00,0.00,0.00
4538,0.00,0.00,0.00,0.00,0.00,0.00,0.00,0.00,0.00,0.00,0.00,0.00
4539,0.00,0.00,0.00,0.00,0.00,0.00,0.00,0.00,0.00,0.00,0.00,0.00
4540,0.00,0.00,0.00,0.00,0.00,0.00,0.00,0.00,0.00,0.00,0.00,0.00
4541,0.00,0.00,0.00,0.00,0.00,0.00,0.00,0.00,0.00,0.00,0.00,0.00
4542,0.00,0.00,0.00,0.00,0.00,0.00,0.00,0.00,0.00,0.00,0.00,0.00
4543,0.00,0.00,0.00,0.00,0.00,0.00,0.00,0.00,0.00,0.00,0.00,0.00
4544,0.00,0.00,0.00,0.00,0.00,0.00,0.00,0.00,0.00,0.00,0.00,0.00
4545,0.00,0.00,0.00,0.00,0.00,0.00,0.00,0.00,0.00,0.00,0.00,0.00
4546,0.00,0.00,0.00,0.00,0.00,0.00,0.00,0.00,0.00,0.00,0.00,0.00
4547,0.00,0.00,0.00,0.00,0.00,0.00,0.00,0.00,0.00,0.00,0.00,0.00
4548,0.00,0.00,0.00,0.00,0.00,0.00,0.00,0.00,0.00,0.00,0.00,0.00
4549,0.00,0.00,0.00,0.00,0.00,0.00,0.00,0.00,0.00,0.00,0.00,0.00
4550,0.00,0.00,0.00,0.00,0.00,0.00,0.00,0.00,0.00,0.00,0.00,0.00
4551,0.00,0.00,0.00,0.00,0.00,0.00,0.00,0.00,0.00,0.00,0.00,0.00
4552,0.00,0.00,0.00,0.00,0.00,0.00,0.00,0.00,0.00,0.00,0.00,0.00
4553,0.00,0.00,0.00,0.00,0.00,0.00,0.00,0.00,0.00,0.00,0.00,0.00
4554,0.00,0.00,0.00,0.00,0.00,0.00,0.00,0.00,0.00,0.00,0.00,0.00
4555,0.00,0.00,0.00,0.00,0.00,0.00,0.00,0.00,0.00,0.00,0.00,0.00
4556,0.00,0.00,0.00,0.00,0.00,0.00,0.00,0.00,0.00,0.00,0.00,0.00
4557,0.00,0.00,0.00,0.00,0.00,0.00,0.00,0.00,0.00,0.00,0.00,0.00
4558,0.00,0.00,0.00,0.00,0.00,0.00,0.00,0.00,0.00,0.00,0.00,0.00
4559,0.00,0.00,0.00,0.00,0.00,0.00,0.00,0.00,0.00,0.00,0.00,0.00
4560,0.00,0.00,0.00,0.00,0.00,0.00,0.00,0.00,0.00,0.00,0.00,0.00
4561,0.00,0.00,0.00,0.00,0.00,0.00,0.00,0.00,0.00,0.00,0.00,0.00
4562,0.00,0.00,0.00,0.00,0.00,0.00,0.00,0.00,0.00,0.00,0.00,0.00
4563,0.00,0.00,0.00,0.00,0.00,0.00,0.00,0.00,0.00,0.00,0.00,0.00
4564,0.00,0.00,0.00,0.00,0.00,0.00,0.00,0.00,0.00,0.00,0.00,0.00
4565,0.00,0.00,0.00,0.00,0.00,0.00,0.00,0.00,0.00,0.00,0.00,0.00
4566,0.00,0.00,0.00,0.00,0.00,0.00,0.00,0.00,0.00,0.00,0.00,0.00
4567,0.00,0.00,0.00,0.00,0.00,0.00,0.00,0.00,0.00,0.00,0.00,0.00
4568,0.00,0.00,0.00,0.00,0.00,0.00,0.00,0.00,0.00,0.00,0.00,0.00
4569,0.00,0.00,0.00,0.00,0.00,0.00,0.00,0.00,0.00,0.00,0.00,0.00
4570,0.00,0.00,0.00,0.00,0.00,0.00,0.00,0.00,0.00,0.00,0.00,0.00
4571,0.00,0.00,0.00,0.00,0.00,0.00,0.00,0.00,0.00,0.00,0.00,0.00
4572,0.00,0.00,0.00,0.00,0.00,0.00,0.00,0.00,0.00,0.00,0.00,0.00
4573,0.00,0.00,0.00,0.00,0.00,0.00,0.00,0.00,0.00,0.00,0.00,0.00
4574,0.00,0.00,0.00,0.00,0.00,0.00,0.00,0.00,0.00,0.00,0.00,0.00
4575,0.00,0.00,0.00,0.00,0.00,0.00,0.00,0.00,0.00,0.00,0.00,0.00
4576,0.00,0.00,0.00,0.00,0.00,0.00,0.00,0.00,0.00,0.00,0.00,0.00
4577,0.00,0.00,0.00,0.00,0.00,0.00,0.00,0.00,0.00,0.00,0.00,0.00
4578,0.00,0.00,0.00,0.00,0.00,0.00,0.00,0.00,0.00,0.00,0.00,0.00
4579,0.00,0.00,0.00,0.00,0.00,0.00,0.00,0.00,0.00,0.00,0.00,0.00
4580,0.00,0.00,0.00,0.00,0.00,0.00,0.00,0.00,0.00,0.00,0.00,0.00
4581,0.00,0.00,0.00,0.00,0.00,0.00,0.00,0.00,0.00,0.00,0.00,0.00
4582,0.00,0.00,0.00,0.00,0.00,0.00,0.00,0.00,0.00,0.00,0.00,0.00
4583,0.00,0.00,0.00,0.00,0.00,0.00,0.00,0.00,0.00,0.00,0.00,0.00
4584,0.00,0.00,0.00,0.00,0.00,0.00,0.00,0.00,0.00,0.00,0.00,0.00
4585,0.00,0.00,0.00,0.00,0.00,0.00,0.00,0.00,0.00,0.00,0.00,0.00
4586,0.00,0.00,0.00,0.00,0.00,0.00,0.00,0.00,0.00,0.00,0.00,0.00
4587,0.00,0.00,0.00,0.00,0.00,0.00,0.00,0.00,0.00,0.00,0.00,0.00
4588,0.00,0.00,0.00,0.00,0.00,0.00,0.00,0.00,0.00,0.00,0.00,0.00
4589,0.00,0.00,0.00,0.00,0.00,0.00,0.00,0.00,0.00,0.00,0.00,0.00
4590,0.00,0.00,0.00,0.00,0.00,0.00,0.00,0.00,0.00,0.00,0.00,0.00
4591,0.00,0.00,0.00,0.00,0.00,0.00,0.00,0.00,0.00,0.00,0.00,0.00
4592,0.00,0.00,0.00,0.00,0.00,0.00,0.00,0.00,0.00,0.00,0.00,0.00
4593,0.00,0.00,0.00,0.00,0.00,0.00,0.00,0.00,0.00,0.00,0.00,0.00
4594,0.00,0.00,0.00,0.00,0.00,0.00,0.00,0.00,0.00,0.00,0.00,0.00
4595,0.00,0.00,0.00,0.00,0.00,0.00,0.00,0.00,0.00,0.00,0.00,0.00
4596,0.00,0.00,0.00,0.00,0.00,0.00,0.00,0.00,0.00,0.00,0.00,0.00
4597,0.00,0.00,0.00,0.00,0.00,0.00,0.00,0.00,0.00,0.00,0.00,0.00
4598,0.00,0.00,0.00,0.00,0.00,0.00,0.00,0.00,0.00,0.00,0.00,0.00
4599,0.00,0.00,0.00,0.00,0.00,0.00,0.00,0.00,0.00,0.00,0.00,0.00
4600,0.00,0.00,0.00,0.00,0.00,0.00,0.00,0.00,0.00,0.00,0.00,0.00
4601,0.00,0.00,0.00,0.00,0.00,0.00,0.00,0.00,0.00,0.00,0.00,0.00
4602,0.00,0.00,0.00,0.00,0.00,0.00,0.00,0.00,0.00,0.00,0.00,0.00
4603,0.00,0.00,0.00,0.00,0.00,0.00,0.00,0.00,0.00,0.00,0.00,0.00
4604,0.00,0.00,0.00,0.00,0.00,0.00,0.00,0.00,0.00,0.00,0.00,0.00
4605,0.00,0.00,0.00,0.00,0.00,0.00,0.00,0.00,0.00,0.00,0.00,0.00
4606,0.00,0.00,0.00,0.00,0.00,0.00,0.00,0.00,0.00,0.00,0.00,0.00
4607,0.00,0.00,0.00,0.00,0.00,0.00,0.00,0.00,0.00,0.00,0.00,0.00
4608,0.00,0.00,0.00,0.00,0.00,0.00,0.00,0.00,0.00,0.00,0.00,0.00
4609,0.00,0.00,0.00,0.00,0.00,0.00,0.00,0.00,0.00,0.00,0.00,0.00
4610,0.00,0.00,0.00,0.00,0.00,0.00,0.00,0.00,0.00,0.00,0.00,0.00
4611,0.00,0.00,0.00,0.00,0.00,0.00,0.00,0.00,0.00,0.00,0.00,0.00
4612,0.00,0.00,0.00,0.00,0.00,0.00,0.00,0.00,0.00,0.00,0.00,0.00
4613,0.00,0.00,0.00,0.00,0.00,0.00,0.00,0.00,0.00,0.00,0.00,0.00
4614,0.00,0.00,0.00,0.00,0.00,0.00,0.00,0.00,0.00,0.00,0.00,0.00
4615,0.00,0.00,0.00,0.00,0.00,0.00,0.00,0.00,0.00,0.00,0.00,0.00
4616,0.00,0.00,0.00,0.00,0.00,0.00,0.00,0.00,0.00,0.00,0.00,0.00
4617,0.00,0.00,0.00,0.00,0.00,0.00,0.00,0.00,0.00,0.00,0.00,0.00
4618,0.00,0.00,0.00,0.00,0.00,0.00,0.00,0.00,0.00,0.00,0.00,0.00
4619,0.00,0.00,0.00,0.00,0.00,0.00,0.00,0.00,0.00,0.00,0.00,0.00
4620,0.00,0.00,0.00,0.00,0.00,0.00,0.00,0.00,0.00,0.00,0.00,0.00
4621,0.00,0.00,0.00,0.00,0.00,0.00,0.00,0.00,0.00,0.00,0.00,0.00
4622,0.00,0.00,0.00,0.00,0.00,0.00,0.00,0.00,0.00,0.00,0.00,0.00
4623,0.00,0.00,0.00,0.00,0.00,0.00,0.00,0.00,0.00,0.00,0.00,0.00
4624,0.00,0.00,0.00,0.00,0.00,0.00,0.00,0.00,0.00,0.00,0.00,0.00
4625,0.00,0.00,0.00,0.00,0.00,0.00,0.00,0.00,0.00,0.00,0.00,0.00
4626,0.00,0.00,0.00,0.00,0.00,0.00,0.00,0.00,0.00,0.00,0.00,0.00
4627,0.00,0.00,0.00,0.00,0.00,0.00,0.00,0.00,0.00,0.00,0.00,0.00
4628,0.00,0.00,0.00,0.00,0.00,0.00,0.00,0.00,0.00,0.00,0.00,0.00
4629,0.00,0.00,0.00,0.00,0.00,0.00,0.00,0.00,0.00,0.00,0.00,0.00
4630,0.00,0.00,0.00,0.00,0.00,0.00,0.00,0.00,0.00,0.00,0.00,0.00
4631,0.00,0.00,0.00,0.00,0.00,0.00,0.00,0.00,0.00,0.00,0.00,0.00
4632,0.00,0.00,0.00,0.00,0.00,0.00,0.00,0.00,0.00,0.00,0.00,0.00
4633,0.00,0.00,0.00,0.00,0.00,0.00,0.00,0.00,0.00,0.00,0.00,0.00
4634,0.00,0.00,0.00,0.00,0.00,0.00,0.00,0.00,0.00,0.00,0.00,0.00
4635,0.00,0.00,0.00,0.00,0.00,0.00,0.00,0.00,0.00,0.00,0.00,0.00
4636,0.00,0.00,0.00,0.00,0.00,0.00,0.00,0.00,0.00,0.00,0.00,0.00
4637,0.00,0.00,0.00,0.00,0.00,0.00,0.00,0.00,0.00,0.00,0.00,0.00
4638,0.00,0.00,0.00,0.00,0.00,0.00,0.00,0.00,0.00,0.00,0.00,0.00
4639,0.00,0.00,0.00,0.00,0.00,0.00,0.00,0.00,0.00,0.00,0.00,0.00
4640,0.00,0.00,0.00,0.00,0.00,0.00,0.00,0.00,0.00,0.00,0.00,0.00
4641,0.00,0.00,0.00,0.00,0.00,0.00,0.00,0.00,0.00,0.00,0.00,0.00
4642,0.00,0.00,0.00,0.00,0.00,0.00,0.00,0.00,0.00,0.00,0.00,0.00
4643,0.00,0.00,0.00,0.00,0.00,0.00,0.00,0.00,0.00,0.00,0.00,0.00
4644,0.00,0.00,0.00,0.00,0.00,0.00,0.00,0.00,0.00,0.00,0.00,0.00
4645,0.00,0.00,0.00,0.00,0.00,0.00,0.00,0.00,0.00,0.00,0.00,0.00
4646,0.00,0.00,0.00,0.00,0.00,0.00,0.00,0.00,0.00,0.00,0.00,0.00
4647,0.00,0.00,0.00,0.00,0.00,0.00,0.00,0.00,0.00,0.00,0.00,0.00
4648,0.00,0.00,0.00,0.00,0.00,0.00,0.00,0.00,0.00,0.00,0.00,0.00
4649,0.00,0.00,0.00,0.00,0.00,0.00,0.00,0.00,0.00,0.00,0.00,0.00
4650,0.00,0.00,0.00,0.00,0.00,0.00,0.00,0.00,0.00,0.00,0.00,0.00
4651,0.00,0.00,0.00,0.00,0.00,0.00,0.00,0.00,0.00,0.00,0.00,0.00
4652,0.00,0.00,0.00,0.00,0.00,0.00,0.00,0.00,0.00,0.00,0.00,0.00
4653,0.00,0.00,0.00,0.00,0.00,0.00,0.00,0.00,0.00,0.00,0.00,0.00
4654,0.00,0.00,0.00,0.00,0.00,0.00,0.00,0.00,0.00,0.00,0.00,0.00
4655,0.00,0.00,0.00,0.00,0.00,0.00,0.00,0.00,0.00,0.00,0.00,0.00
4656,0.00,0.00,0.00,0.00,0.00,0.00,0.00,0.00,0.00,0.00,0.00,0.00
4657,0.00,0.00,0.00,0.00,0.00,0.00,0.00,0.00,0.00,0.00,0.00,0.00
4658,0.00,0.00,0.00,0.00,0.00,0.00,0.00,0.00,0.00,0.00,0.00,0.00
4659,0.00,0.00,0.00,0.00,0.00,0.00,0.00,0.00,0.00,0.00,0.00,0.00
4660,0.00,0.00,0.00,0.00,0.00,0.00,0.00,0.00,0.00,0.00,0.00,0.00
4661,0.00,0.00,0.00,0.00,0.00,0.00,0.00,0.00,0.00,0.00,0.00,0.00
4662,0.00,0.00,0.00,0.00,0.00,0.00,0.00,0.00,0.00,0.00,0.00,0.00
4663,0.00,0.00,0.00,0.00,0.00,0.00,0.00,0.00,0.00,0.00,0.00,0.00
4664,0.00,0.00,0.00,0.00,0.00,0.00,0.00,0.00,0.00,0.00,0.00,0.00
4665,0.00,0.00,0.00,0.00,0.00,0.00,0.00,0.00,0.00,0.00,0.00,0.00
4666,0.00,0.00,0.00,0.00,0.00,0.00,0.00,0.00,0.00,0.00,0.00,0.00
4667,0.00,0.00,0.00,0.00,0.00,0.00,0.00,0.00,0.00,0.00,0.00,0.00
4668,0.00,0.00,0.00,0.00,0.00,0.00,0.00,0.00,0.00,0.00,0.00,0.00
4669,0.00,0.00,0.00,0.00,0.00,0.00,0.00,0.00,0.00,0.00,0.00,0.00
4670,0.00,0.00,0.00,0.00,0.00,0.00,0.00,0.00,0.00,0.00,0.00,0.00
4671,0.00,0.00,0.00,0.00,0.00,0.00,0.00,0.00,0.00,0.00,0.00,0.00
4672,0.00,0.00,0.00,0.00,0.00,0.00,0.00,0.00,0.00,0.00,0.00,0.00
4673,0.00,0.00,0.00,0.00,0.00,0.00,0.00,0.00,0.00,0.00,0.00,0.00
4674,0.00,0.00,0.00,0.00,0.00,0.00,0.00,0.00,0.00,0.00,0.00,0.00
4675,0.00,0.00,0.00,0.00,0.00,0.00,0.00,0.00,0.00,0.00,0.00,0.00
4676,0.00,0.00,0.00,0.00,0.00,0.00,0.00,0.00,0.00,0.00,0.00,0.00
4677,0.00,0.00,0.00,0.00,0.00,0.00,0.00,0.00,0.00,0.00,0.00,0.00
4678,0.00,0.00,0.00,0.00,0.00,0.00,0.00,0.00,0.00,0.00,0.00,0.00
4679,0.00,0.00,0.00,0.00,0.00,0.00,0.00,0.00,0.00,0.00,0.00,0.00
4680,0.00,0.00,0.00,0.00,0.00,0.00,0.00,0.00,0.00,0.00,0.00,0.00
4681,0.00,0.00,0.00,0.00,0.00,0.00,0.00,0.00,0.00,0.00,0.00,0.00
4682,0.00,0.00,0.00,0.00,0.00,0.00,0.00,0.00,0.00,0.00,0.00,0.00
4683,0.00,0.00,0.00,0.00,0.00,0.00,0.00,0.00,0.00,0.00,0.00,0.00
4684,0.00,0.00,0.00,0.00,0.00,0.00,0.00,0.00,0.00,0.00,0.00,0.00
4685,0.00,0.00,0.00,0.00,0.00,0.00,0.00,0.00,0.00,0.00,0.00,0.00
4686,0.00,0.00,0.00,0.00,0.00,0.00,0.00,0.00,0.00,0.00,0.00,0.00
4687,0.00,0.00,0.00,0.00,0.00,0.00,0.00,0.00,0.00,0.00,0.00,0.00
4688,0.00,0.00,0.00,0.00,0.00,0.00,0.00,0.00,0.00,0.00,0.00,0.00
4689,0.00,0.00,0.00,0.00,0.00,0.00,0.00,0.00,0.00,0.00,0.00,0.00
4690,0.00,0.00,0.00,0.00,0.00,0.00,0.00,0.00,0.00,0.00,0.00,0.00
4691,0.00,0.00,0.00,0.00,0.00,0.00,0.00,0.00,0.00,0.00,0.00,0.00
4692,0.00,0.00,0.00,0.00,0.00,0.00,0.00,0.00,0.00,0.00,0.00,0.00
4693,0.00,0.00,0.00,0.00,0.00,0.00,0.00,0.00,0.00,0.00,0.00,0.00
4694,0.00,0.00,0.00,0.00,0.00,0.00,0.00,0.00,0.00,0.00,0.00,0.00
4695,0.00,0.00,0.00,0.00,0.00,0.00,0.00,0.00,0.00,0.00,0.00,0.00
4696,0.00,0.00,0.00,0.00,0.00,0.00,0.00,0.00,0.00,0.00,0.00,0.00
4697,0.00,0.00,0.00,0.00,0.00,0.00,0.00,0.00,0.00,0.00,0.00,0.00
4698,0.00,0.00,0.00,0.00,0.00,0.00,0.00,0.00,0.00,0.00,0.00,0.00
4699,0.00,0.00,0.00,0.00,0.00,0.00,0.00,0.00,0.00,0.00,0.00,0.00
4700,0.00,0.00,0.00,0.00,0.00,0.00,0.00,0.00,0.00,0.00,0.00,0.00
4701,0.00,0.00,0.00,0.00,0.00,0.00,0.00,0.00,0.00,0.00,0.00,0.00
4702,0.00,0.00,0.00,0.00,0.00,0.00,0.00,0.00,0.00,0.00,0.00,0.00
4703,0.00,0.00,0.00,0.00,0.00,0.00,0.00,0.00,0.00,0.00,0.00,0.00
4704,0.00,0.00,0.00,0.00,0.00,0.00,0.00,0.00,0.00,0.00,0.00,0.00
4705,0.00,0.00,0.00,0.00,0.00,0.00,0.00,0.00,0.00,0.00,0.00,0.00
4706,0.00,0.00,0.00,0.00,0.00,0.00,0.00,0.00,0.00,0.00,0.00,0.00
4707,0.00,0.00,0.00,0.00,0.00,0.00,0.00,0.00,0.00,0.00,0.00,0.00
4708,0.00,0.00,0.00,0.00,0.00,0.00,0.00,0.00,0.00,0.00,0.00,0.00
4709,0.00,0.00,0.00,0.00,0.00,0.00,0.00,0.00,0.00,0.00,0.00,0.00
4710,0.00,0.00,0.00,0.00,0.00,0.00,0.00,0.00,0.00,0.00,0.00,0.00
4711,0.00,0.00,0.00,0.00,0.00,0.00,0.00,0.00,0.00,0.00,0.00,0.00
4712,0.00,0.00,0.00,0.00,0.00,0.00,0.00,0.00,0.00,0.00,0.00,0.00
4713,0.00,0.00,0.00,0.00,0.00,0.00,0.00,0.00,0.00,0.00,0.00,0.00
4714,0.00,0.00,0.00,0.00,0.00,0.00,0.00,0.00,0.00,0.00,0.00,0.00
4715,0.00,0.00,0.00,0.00,0.00,0.00,0.00,0.00,0.00,0.00,0.00,0.00
4716,0.00,0.00,0.00,0.00,0.00,0.00,0.00,0.00,0.00,0.00,0.00,0.00
4717,0.00,0.00,0.00,0.00,0.00,0.00,0.00,0.00,0.00,0.00,0.00,0.00
4718,0.00,0.00,0.00,0.00,0.00,0.00,0.00,0.00,0.00,0.00,0.00,0.00
4719,0.00,0.00,0.00,0.00,0.00,0.00,0.00,0.00,0.00,0.00,0.00,0.00
4720,0.00,0.00,0.00,0.00,0.00,0.00,0.00,0.00,0.00,0.00,0.00,0.00
4721,0.00,0.00,0.00,0.00,0.00,0.00,0.00,0.00,0.00,0.00,0.00,0.00
4722,0.00,0.00,0.00,0.00,0.00,0.00,0.00,0.00,0.00,0.00,0.00,0.00
4723,0.00,0.00,0.00,0.00,0.00,0.00,0.00,0.00,0.00,0.00,0.00,0.00
4724,0.00,0.00,0.00,0.00,0.00,0.00,0.00,0.00,0.00,0.00,0.00,0.00
4725,0.00,0.00,0.00,0.00,0.00,0.00,0.00,0.00,0.00,0.00,0.00,0.00
4726,0.00,0.00,0.00,0.00,0.00,0.00,0.00,0.00,0.00,0.00,0.00,0.00
4727,0.00,0.00,0.00,0.00,0.00,0.00,0.00,0.00,0.00,0.00,0.00,0.00
4728,0.00,0.00,0.00,0.00,0.00,0.00,0.00,0.00,0.00,0.00,0.00,0.00
4729,0.00,0.00,0.00,0.00,0.00,0.00,0.00,0.00,0.00,0.00,0.00,0.00
4730,0.00,0.00,0.00,0.00,0.00,0.00,0.00,0.00,0.00,0.00,0.00,0.00
4731,0.00,0.00,0.00,0.00,0.00,0.00,0.00,0.00,0.00,0.00,0.00,0.00
4732,0.00,0.00,0.00,0.00,0.00,0.00,0.00,0.00,0.00,0.00,0.00,0.00
4733,0.00,0.00,0.00,0.00,0.00,0.00,0.00,0.00,0.00,0.00,0.00,0.00
4734,0.00,0.00,0.00,0.00,0.00,0.00,0.00,0.00,0.00,0.00,0.00,0.00
4735,0.00,0.00,0.00,0.00,0.00,0.00,0.00,0.00,0.00,0.00,0.00,0.00
4736,0.00,0.00,0.00,0.00,0.00,0.00,0.00,0.00,0.00,0.00,0.00,0.00
4737,0.00,0.00,0.00,0.00,0.00,0.00,0.00,0.00,0.00,0.00,0.00,0.00
4738,0.00,0.00,0.00,0.00,0.00,0.00,0.00,0.00,0.00,0.00,0.00,0.00
4739,0.00,0.00,0.00,0.00,0.00,0.00,0.00,0.00,0.00,0.00,0.00,0.00
4740,0.00,0.00,0.00,0.00,0.00,0.00,0.00,0.00,0.00,0.00,0.00,0.00
4741,0.00,0.00,0.00,0.00,0.00,0.00,0.00,0.00,0.00,0.00,0.00,0.00
4742,0.00,0.00,0.00,0.00,0.00,0.00,0.00,0.00,0.00,0.00,0.00,0.00
4743,0.00,0.00,0.00,0.00,0.00,0.00,0.00,0.00,0.00,0.00,0.00,0.00
4744,0.00,0.00,0.00,0.00,0.00,0.00,0.00,0.00,0.00,0.00,0.00,0.00
4745,0.00,0.00,0.00,0.00,0.00,0.00,0.00,0.00,0.00,0.00,0.00,0.00
4746,0.00,0.00,0.00,0.00,0.00,0.00,0.00,0.00,0.00,0.00,0.00,0.00
4747,0.00,0.00,0.00,0.00,0.00,0.00,0.00,0.00,0.00,0.00,0.00,0.00
4748,0.00,0.00,0.00,0.00,0.00,0.00,0.00,0.00,0.00,0.00,0.00,0.00
4749,0.00,0.00,0.00,0.00,0.00,0.00,0.00,0.00,0.00,0.00,0.00,0.00
4750,0.00,0.00,0.00,0.00,0.00,0.00,0.00,0.00,0.00,0.00,0.00,0.00
4751,0.00,0.00,0.00,0.00,0.00,0.00,0.00,0.00,0.00,0.00,0.00,0.00
4752,0.00,0.00,0.00,0.00,0.00,0.00,0.00,0.00,0.00,0.00,0.00,0.00
4753,0.00,0.00,0.00,0.00,0.00,0.00,0.00,0.00,0.00,0.00,0.00,0.00
4754,0.00,0.00,0.00,0.00,0.00,0.00,0.00,0.00,0.00,0.00,0.00,0.00
4755,0.00,0.00,0.00,0.00,0.00,0.00,0.00,0.00,0.00,0.00,0.00,0.00
4756,0.00,0.00,0.00,0.00,0.00,0.00,0.00,0.00,0.00,0.00,0.00,0.00
4757,0.00,0.00,0.00,0.00,0.00,0.00,0.00,0.00,0.00,0.00,0.00,0.00
4758,0.00,0.00,0.00,0.00,0.00,0.00,0.00,0.00,0.00,0.00,0.00,0.00
4759,0.00,0.00,0.00,0.00,0.00,0.00,0.00,0.00,0.00,0.00,0.00,0.00
4760,0.00,0.00,0.00,0.00,0.00,0.00,0.00,0.00,0.00,0.00,0.00,0.00
4761,0.00,0.00,0.00,0.00,0.00,0.00,0.00,0.00,0.00,0.00,0.00,0.00
4762,0.00,0.00,0.00,0.00,0.00,0.00,0.00,0.00,0.00,0.00,0.00,0.00
4763,0.00,0.00,0.00,0.00,0.00,0.00,0.00,0.00,0.00,0.00,0.00,0.00
4764,0.00,0.00,0.00,0.00,0.00,0.00,0.00,0.00,0.00,0.00,0.00,0.00
4765,0.00,0.00,0.00,0.00,0.00,0.00,0.00,0.00,0.00,0.00,0.00,0.00
4766,0.00,0.00,0.00,0.00,0.00,0.00,0.00,0.00,0.00,0.00,0.00,0.00
4767,0.00,0.00,0.00,0.00,0.00,0.00,0.00,0.00,0.00,0.00,0.00,0.00
4768,0.00,0.00,0.00,0.00,0.00,0.00,0.00,0.00,0.00,0.00,0.00,0.00
4769,0.00,0.00,0.00,0.00,0.00,0.00,0.00,0.00,0.00,0.00,0.00,0.00
4770,0.00,0.00,0.00,0.00,0.00,0.00,0.00,0.00,0.00,0.00,0.00,0.00
4771,0.00,0.00,0.00,0.00,0.00,0.00,0.00,0.00,0.00,0.00,0.00,0.00
4772,0.00,0.00,0.00,0.00,0.00,0.00,0.00,0.00,0.00,0.00,0.00,0.00
4773,0.00,0.00,0.00,0.00,0.00,0.00,0.00,0.00,0.00,0.00,0.00,0.00
4774,0.00,0.00,0.00,0.00,0.00,0.00,0.00,0.00,0.00,0.00,0.00,0.00
4775,0.00,0.00,0.00,0.00,0.00,0.00,0.00,0.00,0.00,0.00,0.00,0.00
4776,0.00,0.00,0.00,0.00,0.00,0.00,0.00,0.00,0.00,0.00,0.00,0.00
4777,0.00,0.00,0.00,0.00,0.00,0.00,0.00,0.00,0.00,0.00,0.00,0.00
4778,0.00,0.00,0.00,0.00,0.00,0.00,0.00,0.00,0.00,0.00,0.00,0.00
4779,0.00,0.00,0.00,0.00,0.00,0.00,0.00,0.00,0.00,0.00,0.00,0.00
4780,0.00,0.00,0.00,0.00,0.00,0.00,0.00,0.00,0.00,0.00,0.00,0.00
4781,0.00,0.00,0.00,0.00,0.00,0.00,0.00,0.00,0.00,0.00,0.00,0.00
4782,0.00,0.00,0.00,0.00,0.00,0.00,0.00,0.00,0.00,0.00,0.00,0.00
4783,0.00,0.00,0.00,0.00,0.00,0.00,0.00,0.00,0.00,0.00,0.00,0.00
4784,0.00,0.00,0.00,0.00,0.00,0.00,0.00,0.00,0.00,0.00,0.00,0.00
4785,0.00,0.00,0.00,0.00,0.00,0.00,0.00,0.00,0.00,0.00,0.00,0.00
4786,0.00,0.00,0.00,0.00,0.00,0.00,0.00,0.00,0.00,0.00,0.00,0.00
4787,0.00,0.00,0.00,0.00,0.00,0.00,0.00,0.00,0.00,0.00,0.00,0.00
4788,0.00,0.00,0.00,0.00,0.00,0.00,0.00,0.00,0.00,0.00,0.00,0.00
4789,0.00,0.00,0.00,0.00,0.00,0.00,0.00,0.00,0.00,0.00,0.00,0.00
4790,0.00,0.00,0.00,0.00,0.00,0.00,0.00,0.00,0.00,0.00,0.00,0.00
4791,0.00,0.00,0.00,0.00,0.00,0.00,0.00,0.00,0.00,0.00,0.00,0.00
4792,0.00,0.00,0.00,0.00,0.00,0.00,0.00,0.00,0.00,0.00,0.00,0.00
4793,0.00,0.00,0.00,0.00,0.00,0.00,0.00,0.00,0.00,0.00,0.00,0.00
4794,0.00,0.00,0.00,0.00,0.00,0.00,0.00,0.00,0.00,0.00,0.00,0.00
4795,0.00,0.00,0.00,0.00,0.00,0.00,0.00,0.00,0.00,0.00,0.00,0.00
4796,0.00,0.00,0.00,0.00,0.00,0.00,0.00,0.00,0.00,0.00,0.00,0.00
4797,0.00,0.00,0.00,0.00,0.00,0.00,0.00,0.00,0.00,0.00,0.00,0.00
4798,0.00,0.00,0.00,0.00,0.00,0.00,0.00,0.00,0.00,0.00,0.00,0.00
4799,0.00,0.00,0.00,0.00,0.00,0.00,0.00,0.00,0.00,0.00,0.00,0.00
4800,0.00,0.00,0.00,0.00,0.00,0.00,0.00,0.00,0.00,0.00,0.00,0.00
4801,0.00,0.00,0.00,0.00,0.00,0.00,0.00,0.00,0.00,0.00,0.00,0.00
4802,0.00,0.00,0.00,0.00,0.00,0.00,0.00,0.00,0.00,0.00,0.00,0.00
4803,0.00,0.00,0.00,0.00,0.00,0.00,0.00,0.00,0.00,0.00,0.00,0.00
4804,0.00,0.00,0.00,0.00,0.00,0.00,0.00,0.00,0.00,0.00,0.00,0.00
4805,0.00,0.00,0.00,0.00,0.00,0.00,0.00,0.00,0.00,0.00,0.00,0.00
4806,0.00,0.00,0.00,0.00,0.00,0.00,0.00,0.00,0.00,0.00,0.00,0.00
4807,0.00,0.00,0.00,0.00,0.00,0.00,0.00,0.00,0.00,0.00,0.00,0.00
4808,0.00,0.00,0.00,0.00,0.00,0.00,0.00,0.00,0.00,0.00,0.00,0.00
4809,0.00,0.00,0.00,0.00,0.00,0.00,0.00,0.00,0.00,0.00,0.00,0.00